Transaction ID,Type,Internal Amount,Bank Amount,Reconciliation Status,,,,,Metric,Value
1,CASH_OUT,94253.33,94253.33,Matched,,,,,Total transactions =,10003
2,PAYMENT,9839.64,9839.64,Matched,,,,,Total matched =,9972
3,TRANSFER,314403.14,314403.14,Matched,,,,,Total unmatched =,31
4,CASH_OUT,64489.64,64489.64,Matched,,,,,Discrepancy amount =," ?3,647.92 "
5,TRANSFER,1457213.54,1457213.54,Matched,,,,,% Reconciled (by Value)=,99.86%
6,PAYMENT,2998.04,2998.04,Matched,,,,,,
7,CASH_OUT,171369.73,171369.73,Matched,,,,, ,
8,PAYMENT,3454.08,3454.08,Matched,,,,, ,
9,PAYMENT,4316.2,4316.2,Matched,,,,, ,
10,PAYMENT,1864.28,1864.28,Matched,,,,,,
11,PAYMENT,4493.29,4493.29,Matched,,,,,,
12,PAYMENT,12121.5,12121.5,Matched,,,,,,
13,TRANSFER,181,181,Matched,,,,,,
14,PAYMENT,2131.84,2131.84,Matched,,,,,,
15,CASH_OUT,181,181,Matched,,,,,,
16,TRANSFER,180368.84,180368.84,Matched,,,,,,
17,PAYMENT,2278.19,2278.19,Matched,,,,,,
18,PAYMENT,11668.14,11668.14,Matched,,,,,,
19,PAYMENT,7707.44,7707.44,Matched,,,,,,
20,PAYMENT,12986.61,12986.61,Matched,,,,,,
21,PAYMENT,4013.02,4013.02,Matched,,,,,,
22,TRANSFER,42712.39,42712.39,Matched,,,,,,
23,PAYMENT,5775.15,5775.15,Matched,,,,,,
24,PAYMENT,4843.93,4843.93,Matched,,,,,,
25,TRANSFER,445038.71,445038.71,Matched,,,,,,
26,PAYMENT,2397.82,2397.82,Matched,,,,,,
27,TRANSFER,77957.68,77957.68,Matched,,,,,,
28,TRANSFER,17231.46,17231.46,Matched,,,,,,
29,PAYMENT,7817.71,7817.71,Matched,,,,,,
30,TRANSFER,78766.03,78766.03,Matched,,,,,,
31,PAYMENT,4391.44,4391.44,Matched,,,,,,
32,PAYMENT,7107.77,7107.77,Matched,,,,,,
33,TRANSFER,1123206.66,1123206.66,Matched,,,,,,
34,TRANSFER,224606.64,224606.64,Matched,,,,,,
35,PAYMENT,7861.64,7861.64,Matched,,,,,,
36,PAYMENT,4024.36,4024.36,Matched,,,,,,
37,DEBIT,996,996,Matched,,,,,,
38,DEBIT,5337.77,5337.77,Matched,,,,,,
39,TRANSFER,176334.26,176334.26,Matched,,,,,,
40,DEBIT,9644.94,9644.94,Matched,,,,,,
41,TRANSFER,161217.61,161217.61,Matched,,,,,,
42,TRANSFER,108443.61,108443.61,Matched,,,,,,
43,TRANSFER,75442.68,75442.68,Matched,,,,,,
44,DEBIT,4497.87,4497.87,Matched,,,,,,
45,TRANSFER,55536.86,55536.86,Matched,,,,,,
46,PAYMENT,7452.89,7452.89,Matched,,,,,,
47,PAYMENT,3930.81,3930.81,Matched,,,,,,
48,TRANSFER,125872.53,125872.53,Matched,,,,,,
49,TRANSFER,379856.23,379856.23,Matched,,,,,,
50,PAYMENT,3099.97,3099.97,Matched,,,,,,
51,TRANSFER,1505626.01,1505626.01,Matched,,,,,,
52,PAYMENT,2560.74,2560.74,Matched,,,,,,
53,PAYMENT,11633.76,11633.76,Matched,,,,,,
54,CASH_OUT,71532.24,71532.24,Matched,,,,,,
55,CASH_OUT,61159.51,61159.51,Matched,,,,,,
56,CASH_OUT,12401.9,12401.9,Matched,,,,,,
57,CASH_OUT,32702.61,32702.61,Matched,,,,,,
58,TRANSFER,554026.99,554026.99,Matched,,,,,,
59,PAYMENT,6926.67,6926.67,Matched,,,,,,
60,PAYMENT,4098.78,4098.78,Matched,,,,,,
61,TRANSFER,147543.1,147543.1,Matched,,,,,,
62,PAYMENT,893.57,893.57,Matched,,,,,,
63,CASH_OUT,229133.94,229133.94,Matched,,,,,,
64,TRANSFER,761507.39,761507.39,Matched,,,,,,
65,PAYMENT,1563.82,1563.82,Matched,,,,,,
66,TRANSFER,1429051.47,1429051.47,Matched,,,,,,
67,TRANSFER,438437.09,438437.09,Matched,,,,,,
68,PAYMENT,1157.86,1157.86,Matched,,,,,,
69,TRANSFER,358831.92,358831.92,Matched,,,,,,
70,TRANSFER,928722.69,928722.69,Matched,,,,,,
71,PAYMENT,671.64,671.64,Matched,,,,,,
72,TRANSFER,367768.4,367768.4,Matched,,,,,,
73,TRANSFER,1478772.04,1478772.04,Matched,,,,,,
74,TRANSFER,215310.3,215310.3,Matched,,,,,,
75,TRANSFER,480222.51,480222.51,Matched,,,,,,
76,PAYMENT,3608.41,3608.41,Matched,,,,,,
77,PAYMENT,5946.79,5946.79,Matched,,,,,,
78,PAYMENT,6099.96,6099.96,Matched,,,,,,
79,PAYMENT,372.34,372.34,Matched,,,,,,
80,TRANSFER,209711.11,209711.11,Matched,,,,,,
81,PAYMENT,4635.18,4635.18,Matched,,,,,,
82,TRANSFER,583848.46,583848.46,Matched,,,,,,
83,PAYMENT,1373.43,1373.43,Matched,,,,,,
84,PAYMENT,1267.97,1267.97,Matched,,,,,,
85,TRANSFER,1724887.05,1724887.05,Matched,,,,,,
86,DEBIT,9302.79,9302.79,Matched,,,,,,
87,DEBIT,1065.41,1065.41,Matched,,,,,,
88,PAYMENT,6911.99,6911.99,Matched,,,,,,
89,TRANSFER,710544.77,710544.77,Matched,,,,,,
90,TRANSFER,581294.26,581294.26,Matched,,,,,,
91,PAYMENT,3876.41,3876.41,Matched,,,,,,
92,TRANSFER,11996.58,11996.58,Matched,,,,,,
93,PAYMENT,1795.67,1795.67,Matched,,,,,,
94,TRANSFER,311685.89,311685.89,Matched,,,,,,
95,PAYMENT,2875.1,2875.1,Matched,,,,,,
96,PAYMENT,6061.13,6061.13,Matched,,,,,,
97,PAYMENT,9478.39,9478.39,Matched,,,,,,
98,PAYMENT,8586.98,8586.98,Matched,,,,,,
99,PAYMENT,8009.09,8009.09,Matched,,,,,,
100,PAYMENT,3199.06,3199.06,Duplicate in Bank,,,,,,
101,PAYMENT,871.75,871.75,Matched,,,,,,
102,PAYMENT,10265.17,10265.17,Matched,,,,,,
103,PAYMENT,8901.99,8901.99,Matched,,,,,,
104,PAYMENT,9029.12,9029.12,Matched,,,,,,
105,PAYMENT,7600.57,7600.57,Matched,,,,,,
106,PAYMENT,2057.71,2057.71,Matched,,,,,,
107,PAYMENT,1035.36,1035.36,Matched,,,,,,
108,PAYMENT,1063.53,1063.53,Matched,,,,,,
109,PAYMENT,3823.08,3823.08,Matched,,,,,,
110,PAYMENT,9920.52,9920.52,Matched,,,,,,
111,PAYMENT,1019.9,1019.9,Matched,,,,,,
112,TRANSFER,2806,2806,Matched,,,,,,
113,PAYMENT,3448.92,3448.92,Matched,,,,,,
114,PAYMENT,4059.38,4059.38,Matched,,,,,,
115,CASH_OUT,2806,2806,Matched,,,,,,
116,PAYMENT,4206.84,4206.84,Matched,,,,,,
117,PAYMENT,1876.44,1876.44,Matched,,,,,,
118,PAYMENT,6737.2,6737.2,Matched,,,,,,
119,PAYMENT,5885.56,5885.56,Matched,,,,,,
120,PAYMENT,5307.88,5307.88,Matched,,,,,,
121,PAYMENT,9161.98,9161.98,Matched,,,,,,
122,PAYMENT,1239.06,1239.06,Matched,,,,,,
123,CASH_OUT,28404.6,28404.6,Matched,,,,,,
124,PAYMENT,365,365,Matched,,,,,,
125,CASH_OUT,75405.1,75405.1,Matched,,,,,,
126,PAYMENT,5031.22,5031.22,Matched,,,,,,
127,CASH_OUT,50101.88,50101.88,Matched,,,,,,
128,CASH_OUT,14121.82,14121.82,Matched,,,,,,
129,PAYMENT,24213.67,24213.67,Matched,,,,,,
130,PAYMENT,8603.42,8603.42,Matched,,,,,,
131,PAYMENT,5237.54,5237.54,Matched,,,,,,
132,PAYMENT,2791.42,2791.42,Matched,,,,,,
133,PAYMENT,2618.76,2618.76,Matched,,,,,,
134,PAYMENT,7413.54,7413.54,Matched,,,,,,
135,PAYMENT,3295.19,3295.19,Matched,,,,,,
136,PAYMENT,1684.81,1684.81,Matched,,,,,,
137,PAYMENT,339.82,339.82,Matched,,,,,,
138,DEBIT,1393.46,1393.46,Matched,,,,,,
139,PAYMENT,2731.37,2731.37,Matched,,,,,,
140,DEBIT,5758.59,5758.59,Matched,,,,,,
141,CASH_OUT,78292.91,78292.91,Matched,,,,,,
142,CASH_OUT,110414.71,110414.71,Matched,,,,,,
143,CASH_OUT,176149.9,176149.9,Matched,,,,,,
144,PAYMENT,8364.73,8364.73,Matched,,,,,,
145,PAYMENT,6598.71,6598.71,Matched,,,,,,
146,CASH_OUT,212228.35,212228.35,Matched,,,,,,
147,PAYMENT,7823.46,7823.46,Matched,,,,,,
148,PAYMENT,5086.48,5086.48,Matched,,,,,,
149,CASH_OUT,85423.63,85423.63,Matched,,,,,,
150,PAYMENT,5281.48,5281.48,Matched,,,,,,
151,CASH_OUT,11648.5,11648.5,Matched,,,,,,
152,PAYMENT,13875.98,13875.98,Matched,,,,,,
153,PAYMENT,4304.58,4304.58,Matched,,,,,,
154,CASH_OUT,56953.9,56953.9,Matched,,,,,,
155,PAYMENT,2867.14,2867.14,Matched,,,,,,
156,CASH_OUT,5346.89,5346.89,Matched,,,,,,
157,PAYMENT,2946.38,2946.38,Matched,,,,,,
158,PAYMENT,2204.04,2204.04,Matched,,,,,,
159,PAYMENT,2641.47,2641.47,Matched,,,,,,
160,PAYMENT,6165.58,6165.58,Matched,,,,,,
161,PAYMENT,3705.83,3705.83,Matched,,,,,,
162,PAYMENT,507.12,507.12,Matched,,,,,,
163,CASH_OUT,23261.3,23261.3,Matched,,,,,,
164,PAYMENT,2330.64,2330.64,Matched,,,,,,
165,CASH_OUT,419801.4,419801.4,Matched,,,,,,
166,PAYMENT,3020.86,3020.86,Matched,,,,,,
167,PAYMENT,1614.64,1614.64,Matched,,,,,,
168,PAYMENT,8948.03,8948.03,Matched,,,,,,
169,PAYMENT,9164.71,9164.71,Matched,,,,,,
170,CASH_OUT,280877.92,280877.92,Matched,,,,,,
171,CASH_OUT,335416.51,335416.51,Matched,,,,,,
172,PAYMENT,2970.97,2970.97,Matched,,,,,,
173,PAYMENT,38.66,38.66,Matched,,,,,,
174,PAYMENT,3372.29,3372.29,Matched,,,,,,
175,PAYMENT,1084.9,1084.9,Matched,,,,,,
176,PAYMENT,2252.44,2252.44,Matched,,,,,,
177,PAYMENT,9456.69,9456.69,Matched,,,,,,
178,PAYMENT,661.43,661.43,Matched,,,,,,
179,TRANSFER,62610.8,62610.8,Matched,,,,,,
180,DEBIT,5529.13,5529.13,Matched,,,,,,
181,DEBIT,864.68,864.68,Matched,,,,,,
182,CASH_OUT,82940.31,82940.31,Matched,,,,,,
183,PAYMENT,1203.44,1203.44,Matched,,,,,,
184,PAYMENT,5812.36,5812.36,Matched,,,,,,
185,DEBIT,4510.22,4510.22,Matched,,,,,,
186,TRANSFER,157883.07,157883.07,Matched,,,,,,
187,DEBIT,8727.74,8727.74,Matched,,,,,,
188,PAYMENT,2734.77,2734.77,Matched,,,,,,
189,TRANSFER,330757.04,330757.04,Matched,,,,,,
190,PAYMENT,2599.46,2599.46,Matched,,,,,,
191,CASH_OUT,102153.86,102153.86,Matched,,,,,,
192,PAYMENT,584.52,584.52,Matched,,,,,,
193,PAYMENT,6113.14,6113.14,Matched,,,,,,
194,DEBIT,4874.49,4874.49,Matched,,,,,,
195,PAYMENT,6440.78,6440.78,Matched,,,,,,
196,PAYMENT,4910.14,4910.14,Matched,,,,,,
197,CASH_OUT,369989.2,369989.2,Matched,,,,,,
198,PAYMENT,6444.64,6444.64,Matched,,,,,,
199,DEBIT,5149.66,5149.66,Matched,,,,,,
200,PAYMENT,1915.43,1915.43,Duplicate in Bank,,,,,,
201,PAYMENT,8.73,8.73,Matched,,,,,,
202,DEBIT,3058.8,3058.8,Matched,,,,,,
203,CASH_OUT,215338.28,215338.28,Matched,,,,,,
204,CASH_OUT,65521.42,65521.42,Matched,,,,,,
205,CASH_OUT,116977.58,116977.58,Matched,,,,,,
206,PAYMENT,5154.97,5154.97,Matched,,,,,,
207,CASH_OUT,262392.36,262392.36,Matched,,,,,,
208,PAYMENT,5213.25,5213.25,Matched,,,,,,
209,CASH_OUT,51121.05,51121.05,Matched,,,,,,
210,PAYMENT,5392.75,5392.75,Matched,,,,,,
211,PAYMENT,25.12,25.12,Matched,,,,,,
212,PAYMENT,17150.89,17150.89,Matched,,,,,,
213,TRANSFER,679502.24,679502.24,Matched,,,,,,
214,TRANSFER,177652.91,177652.91,Matched,,,,,,
215,PAYMENT,5443.26,5443.26,Matched,,,,,,
216,PAYMENT,7292.16,7292.16,Matched,,,,,,
217,CASH_OUT,47458.86,47458.86,Matched,,,,,,
218,CASH_OUT,136872.92,136872.92,Matched,,,,,,
219,PAYMENT,244.87,244.87,Matched,,,,,,
220,PAYMENT,8281.57,8281.57,Matched,,,,,,
221,PAYMENT,1175.59,1175.59,Matched,,,,,,
222,PAYMENT,1097.74,1097.74,Matched,,,,,,
223,PAYMENT,3605.26,3605.26,Matched,,,,,,
224,TRANSFER,184986.8,184986.8,Matched,,,,,,
225,PAYMENT,624.61,624.61,Matched,,,,,,
226,PAYMENT,3854.92,3854.92,Matched,,,,,,
227,PAYMENT,1718.29,1718.29,Matched,,,,,,
228,TRANSFER,420532.33,420532.33,Matched,,,,,,
229,CASH_OUT,202624.59,202624.59,Matched,,,,,,
230,PAYMENT,4402.86,4402.86,Matched,,,,,,
231,CASH_OUT,147804.02,147804.02,Matched,,,,,,
232,CASH_OUT,118235.16,118235.16,Matched,,,,,,
233,PAYMENT,151.2,151.2,Matched,,,,,,
234,PAYMENT,58.21,58.21,Matched,,,,,,
235,CASH_OUT,118056.71,118056.71,Matched,,,,,,
236,PAYMENT,5936.82,5936.82,Matched,,,,,,
237,CASH_OUT,145944.67,145944.67,Matched,,,,,,
238,CASH_OUT,498960.91,498960.91,Matched,,,,,,
239,TRANSFER,7206.33,7206.33,Matched,,,,,,
240,DEBIT,5581.55,5581.55,Matched,,,,,,
241,CASH_OUT,691738.36,691738.36,Matched,,,,,,
242,DEBIT,5853.21,5853.21,Matched,,,,,,
243,PAYMENT,2528.1,2528.1,Matched,,,,,,
244,PAYMENT,5655.17,5655.17,Matched,,,,,,
245,PAYMENT,1456.09,1456.09,Matched,,,,,,
246,CASH_OUT,58820.08,58820.08,Matched,,,,,,
247,PAYMENT,4419.04,4419.04,Matched,,,,,,
248,PAYMENT,4252.82,4252.82,Matched,,,,,,
249,PAYMENT,4270.02,4270.02,Matched,,,,,,
250,TRANSFER,276460.62,276460.62,Matched,,,,,,
251,PAYMENT,8811.67,8811.67,Matched,,,,,,
252,PAYMENT,3007.83,3007.83,Matched,,,,,,
253,PAYMENT,12666.68,12666.68,Matched,,,,,,
254,CASH_OUT,95636.49,95636.49,Matched,,,,,,
255,CASH_OUT,195314.34,195314.34,Matched,,,,,,
256,PAYMENT,1824.59,1824.59,Matched,,,,,,
257,PAYMENT,6049.09,6049.09,Matched,,,,,,
258,PAYMENT,993.46,993.46,Matched,,,,,,
259,CASH_OUT,302693.14,302693.14,Matched,,,,,,
260,PAYMENT,1445.06,1445.06,Matched,,,,,,
261,PAYMENT,14306.8,14306.8,Matched,,,,,,
262,PAYMENT,1117.34,1117.34,Matched,,,,,,
263,PAYMENT,3671.32,3671.32,Matched,,,,,,
264,DEBIT,3179.7,3179.7,Matched,,,,,,
265,PAYMENT,2880.68,2880.68,Matched,,,,,,
266,DEBIT,3580.26,3580.26,Matched,,,,,,
267,PAYMENT,4059.25,4059.25,Matched,,,,,,
268,PAYMENT,3060.54,3060.54,Matched,,,,,,
269,PAYMENT,879.42,879.42,Matched,,,,,,
270,PAYMENT,8550.9,8550.9,Matched,,,,,,
271,PAYMENT,3417.18,3417.18,Matched,,,,,,
272,PAYMENT,3486.78,3486.78,Matched,,,,,,
273,PAYMENT,9753.55,9753.55,Matched,,,,,,
274,PAYMENT,21530.96,21530.96,Matched,,,,,,
275,DEBIT,3428.95,3428.95,Matched,,,,,,
276,PAYMENT,2426.31,2426.31,Matched,,,,,,
277,PAYMENT,3026.98,3026.98,Matched,,,,,,
278,PAYMENT,5580.98,5580.98,Matched,,,,,,
279,PAYMENT,5110.1,5110.1,Matched,,,,,,
280,PAYMENT,207.75,207.75,Matched,,,,,,
281,PAYMENT,18437.04,18437.04,Matched,,,,,,
282,PAYMENT,8690.69,8690.69,Matched,,,,,,
283,CASH_OUT,467177.03,467177.03,Matched,,,,,,
284,PAYMENT,4946.03,4946.03,Matched,,,,,,
285,PAYMENT,5432.09,5432.09,Matched,,,,,,
286,PAYMENT,7649.41,7649.41,Matched,,,,,,
287,DEBIT,3455.85,3455.85,Matched,,,,,,
288,PAYMENT,3943.17,3943.17,Matched,,,,,,
289,DEBIT,3875.99,3875.99,Matched,,,,,,
290,PAYMENT,3101.33,3101.33,Matched,,,,,,
291,PAYMENT,7265.63,7265.63,Matched,,,,,,
292,PAYMENT,2148.89,2148.89,Matched,,,,,,
293,TRANSFER,51719.13,51719.13,Matched,,,,,,
294,PAYMENT,13465.91,13465.91,Matched,,,,,,
295,PAYMENT,3852.64,3852.64,Matched,,,,,,
296,PAYMENT,466.97,466.97,Matched,,,,,,
297,PAYMENT,19561.05,19561.05,Matched,,,,,,
298,CASH_OUT,154139.72,154139.72,Matched,,,,,,
299,PAYMENT,9762.28,9762.28,Matched,,,,,,
300,CASH_OUT,82685.93,82685.93,Duplicate in Bank,,,,,,
301,PAYMENT,7870.29,7870.29,Matched,,,,,,
302,PAYMENT,9778.81,9778.81,Matched,,,,,,
303,DEBIT,12872.92,12872.92,Matched,,,,,,
304,PAYMENT,6675.34,6675.34,Matched,,,,,,
305,CASH_OUT,562903.81,562903.81,Matched,,,,,,
306,CASH_OUT,83857.23,83857.23,Matched,,,,,,
307,PAYMENT,5055.94,5055.94,Matched,,,,,,
308,PAYMENT,2858.89,2858.89,Matched,,,,,,
309,CASH_OUT,99109.77,99109.77,Matched,,,,,,
310,PAYMENT,8531.42,8531.42,Matched,,,,,,
311,PAYMENT,84.22,84.22,Matched,,,,,,
312,CASH_OUT,410201.89,410201.89,Matched,,,,,,
313,PAYMENT,13310.78,13310.78,Matched,,,,,,
314,CASH_OUT,187726.67,187726.67,Matched,,,,,,
315,PAYMENT,664.35,664.35,Matched,,,,,,
316,CASH_OUT,281339.92,281339.92,Matched,,,,,,
317,CASH_OUT,227478.01,227478.01,Matched,,,,,,
318,PAYMENT,5033.02,5033.02,Matched,,,,,,
319,CASH_OUT,186447.51,186447.51,Matched,,,,,,
320,TRANSFER,100588.8,100588.8,Matched,,,,,,
321,PAYMENT,9374.72,9374.72,Matched,,,,,,
322,CASH_OUT,81029.86,81029.86,Matched,,,,,,
323,PAYMENT,598.24,598.24,Matched,,,,,,
324,PAYMENT,4531.55,4531.55,Matched,,,,,,
325,CASH_OUT,139054.95,139054.95,Matched,,,,,,
326,PAYMENT,2998.2,2998.2,Matched,,,,,,
327,PAYMENT,2130.3,2130.3,Matched,,,,,,
328,CASH_OUT,154716.2,154716.2,Matched,,,,,,
329,CASH_OUT,53631.83,53631.83,Matched,,,,,,
330,PAYMENT,9269.99,9269.99,Matched,,,,,,
331,PAYMENT,1209.64,1209.64,Matched,,,,,,
332,PAYMENT,1298.7,1298.7,Matched,,,,,,
333,PAYMENT,7771.4,7771.4,Matched,,,,,,
334,CASH_OUT,289645.52,289645.52,Matched,,,,,,
335,PAYMENT,7797,7797,Matched,,,,,,
336,PAYMENT,5831.03,5831.03,Matched,,,,,,
337,CASH_OUT,267148.82,267148.82,Matched,,,,,,
338,CASH_OUT,47913.58,47913.58,Matched,,,,,,
339,PAYMENT,36349.35,36349.35,Matched,,,,,,
340,PAYMENT,7067.9,7067.9,Matched,,,,,,
341,PAYMENT,14895.51,14895.51,Matched,,,,,,
342,PAYMENT,749.34,749.34,Matched,,,,,,
343,PAYMENT,2340.34,2340.34,Matched,,,,,,
344,PAYMENT,3316.21,3316.21,Matched,,,,,,
345,CASH_OUT,193605.38,193605.38,Matched,,,,,,
346,PAYMENT,9686.85,9686.85,Matched,,,,,,
347,PAYMENT,22276,22276,Matched,,,,,,
348,CASH_OUT,344464.4,344464.4,Matched,,,,,,
349,PAYMENT,16505.51,16505.51,Matched,,,,,,
350,PAYMENT,15785.85,15785.85,Matched,,,,,,
351,PAYMENT,636.95,636.95,Matched,,,,,,
352,CASH_OUT,169409.87,169409.87,Matched,,,,,,
353,PAYMENT,9006.78,9006.78,Matched,,,,,,
354,PAYMENT,2056.59,2056.59,Matched,,,,,,
355,PAYMENT,9014.95,9014.95,Matched,,,,,,
356,PAYMENT,704.74,704.74,Matched,,,,,,
357,CASH_OUT,25793.74,25793.74,Matched,,,,,,
358,PAYMENT,14420.66,14420.66,Matched,,,,,,
359,PAYMENT,4802.31,4802.31,Matched,,,,,,
360,PAYMENT,3222.32,3222.32,Matched,,,,,,
361,PAYMENT,11889.61,11889.61,Matched,,,,,,
362,PAYMENT,28527.44,28527.44,Matched,,,,,,
363,CASH_OUT,114712.48,114712.48,Matched,,,,,,
364,PAYMENT,9491.89,9491.89,Matched,,,,,,
365,PAYMENT,4182.93,4182.93,Matched,,,,,,
366,PAYMENT,4088.21,4088.21,Matched,,,,,,
367,PAYMENT,6131.21,6131.21,Matched,,,,,,
368,CASH_OUT,89038.75,89038.75,Matched,,,,,,
369,PAYMENT,11938.61,11938.61,Matched,,,,,,
370,CASH_OUT,1341.58,1341.58,Matched,,,,,,
371,PAYMENT,4233.45,4233.45,Matched,,,,,,
372,CASH_OUT,44443.08,44443.08,Matched,,,,,,
373,PAYMENT,32643.79,32643.79,Matched,,,,,,
374,PAYMENT,8491.9,8491.9,Matched,,,,,,
375,CASH_OUT,34729.64,34729.64,Matched,,,,,,
376,DEBIT,6666.78,6666.78,Matched,,,,,,
377,CASH_OUT,105979.34,105979.34,Matched,,,,,,
378,PAYMENT,6536.86,6536.86,Matched,,,,,,
379,PAYMENT,622.15,622.15,Matched,,,,,,
380,CASH_OUT,40684.97,40684.97,Matched,,,,,,
381,CASH_OUT,57794.61,57794.61,Matched,,,,,,
382,PAYMENT,4573.12,4573.12,Matched,,,,,,
383,PAYMENT,1553.21,1553.21,Matched,,,,,,
384,DEBIT,7344.92,7344.92,Matched,,,,,,
385,CASH_OUT,15918.79,15918.79,Matched,,,,,,
386,CASH_OUT,19162.08,19162.08,Matched,,,,,,
387,CASH_OUT,220691.42,220691.42,Matched,,,,,,
388,CASH_OUT,106267.21,106267.21,Matched,,,,,,
389,CASH_OUT,9536.54,9536.54,Matched,,,,,,
390,CASH_OUT,29784.06,29784.06,Matched,,,,,,
391,PAYMENT,5491.5,5491.5,Matched,,,,,,
392,CASH_OUT,190445.51,190445.51,Matched,,,,,,
393,PAYMENT,3666.42,3666.42,Matched,,,,,,
394,PAYMENT,5507.18,5507.18,Matched,,,,,,
395,DEBIT,4565.14,4565.14,Matched,,,,,,
396,PAYMENT,6057.8,6057.8,Matched,,,,,,
397,CASH_OUT,57279.11,57279.11,Matched,,,,,,
398,PAYMENT,5770.32,5770.32,Matched,,,,,,
399,CASH_OUT,112086.81,112086.81,Matched,,,,,,
400,PAYMENT,9152.97,9152.97,Matched,,,,,,
401,CASH_OUT,80311.89,80311.89,Matched,,,,,,
402,DEBIT,12154.7,12154.7,Matched,,,,,,
403,CASH_OUT,151829.91,151829.91,Matched,,,,,,
404,PAYMENT,8378.01,8378.01,Matched,,,,,,
405,CASH_OUT,26004.52,26004.52,Matched,,,,,,
406,CASH_OUT,3146.16,3146.16,Matched,,,,,,
407,PAYMENT,11348.71,11348.71,Matched,,,,,,
408,PAYMENT,9616.45,9616.45,Matched,,,,,,
409,TRANSFER,123179.97,123179.97,Matched,,,,,,
410,CASH_OUT,296752.75,296752.75,Matched,,,,,,
411,PAYMENT,7073.6,7073.6,Matched,,,,,,
412,PAYMENT,2231.28,2231.28,Matched,,,,,,
413,PAYMENT,4932.54,4932.54,Matched,,,,,,
414,CASH_OUT,191702.06,191702.06,Matched,,,,,,
415,CASH_IN,65413.89,65413.89,Matched,,,,,,
416,PAYMENT,2803.83,2803.83,Matched,,,,,,
417,CASH_IN,98560.08,98560.08,Matched,,,,,,
418,CASH_OUT,365510.05,365510.05,Matched,,,,,,
419,CASH_IN,15054.61,15054.61,Matched,,,,,,
420,PAYMENT,106.81,106.81,Matched,,,,,,
421,CASH_IN,161632.16,161632.16,Matched,,,,,,
422,CASH_OUT,202332.08,202332.08,Matched,,,,,,
423,PAYMENT,6297.71,6297.71,Matched,,,,,,
424,CASH_OUT,55105.9,55105.9,Matched,,,,,,
425,CASH_IN,47529.19,47529.19,Matched,,,,,,
426,CASH_OUT,171508.59,171508.59,Matched,,,,,,
427,CASH_IN,9577.45,9577.45,Matched,,,,,,
428,CASH_OUT,178439.26,178439.26,Matched,,,,,,
429,CASH_IN,414238.59,414238.59,Matched,,,,,,
430,CASH_OUT,88834.86,88834.86,Matched,,,,,,
431,CASH_IN,89327.65,89327.65,Matched,,,,,,
432,CASH_IN,194900.16,194900.16,Matched,,,,,,
433,PAYMENT,2610.01,2610.01,Matched,,,,,,
434,PAYMENT,5320.1,5320.1,Matched,,,,,,
435,CASH_IN,24470.43,24470.43,Matched,,,,,,
436,CASH_OUT,210370.09,210370.09,Matched,,,,,,
437,CASH_IN,217668.38,217668.38,Matched,,,,,,
438,PAYMENT,1460.63,1460.63,Matched,,,,,,
439,CASH_OUT,36437.06,36437.06,Matched,,,,,,
440,TRANSFER,522264.81,522264.81,Matched,,,,,,
441,CASH_OUT,82691.56,82691.56,Matched,,,,,,
442,CASH_IN,9067.51,9067.51,Matched,,,,,,
443,CASH_IN,336827.91,336827.91,Matched,,,,,,
444,CASH_IN,45317.95,45317.95,Matched,,,,,,
445,CASH_IN,230021.01,230021.01,Matched,,,,,,
446,DEBIT,3584.21,3584.21,Matched,,,,,,
447,CASH_OUT,338767.1,338767.1,Matched,,,,,,
448,PAYMENT,3704.97,3704.97,Matched,,,,,,
449,TRANSFER,2545478.01,2545478.01,Matched,,,,,,
450,PAYMENT,2773.61,2773.61,Matched,,,,,,
451,PAYMENT,3896.42,3896.42,Matched,,,,,,
452,TRANSFER,2061082.82,2061082.82,Matched,,,,,,
453,PAYMENT,18781.84,18781.84,Matched,,,,,,
454,TRANSFER,983479.66,983479.66,Matched,,,,,,
455,CASH_OUT,187728.59,187728.59,Matched,,,,,,
456,PAYMENT,6660.33,6660.33,Matched,,,,,,
457,CASH_OUT,271002.7,271002.7,Matched,,,,,,
458,TRANSFER,26923.42,26923.42,Matched,,,,,,
459,CASH_OUT,323105.08,323105.08,Matched,,,,,,
460,TRANSFER,635507.97,635507.97,Matched,,,,,,
461,TRANSFER,848231.57,848231.57,Matched,,,,,,
462,TRANSFER,739112.93,739112.93,Matched,,,,,,
463,CASH_OUT,10782.94,10782.94,Matched,,,,,,
464,CASH_OUT,89962.11,89962.11,Matched,,,,,,
465,CASH_OUT,101940.14,101940.14,Matched,,,,,,
466,CASH_IN,154578.28,154578.28,Matched,,,,,,
467,CASH_OUT,163100.34,163100.34,Matched,,,,,,
468,CASH_IN,314134.01,314134.01,Matched,,,,,,
469,CASH_OUT,136030.66,136030.66,Matched,,,,,,
470,CASH_IN,206405.92,206405.92,Matched,,,,,,
471,CASH_OUT,68912.23,68912.23,Matched,,,,,,
472,CASH_OUT,73464.06,73464.06,Matched,,,,,,
473,CASH_IN,158995.29,158995.29,Matched,,,,,,
474,CASH_IN,188238.54,188238.54,Matched,,,,,,
475,CASH_IN,21255.8,21255.8,Matched,,,,,,
476,CASH_IN,205955.77,205955.77,Matched,,,,,,
477,CASH_IN,178370.36,178370.36,Matched,,,,,,
478,CASH_IN,42547.96,42547.96,Matched,,,,,,
479,CASH_IN,15152.15,15152.15,Matched,,,,,,
480,CASH_IN,39249.67,39249.67,Matched,,,,,,
481,CASH_IN,101669.17,101669.17,Matched,,,,,,
482,CASH_IN,81694.11,81694.11,Matched,,,,,,
483,CASH_IN,10266.7,10266.7,Matched,,,,,,
484,CASH_IN,35502.25,35502.25,Matched,,,,,,
485,CASH_IN,183250,183250,Matched,,,,,,
486,CASH_IN,219220.21,219220.21,Matched,,,,,,
487,TRANSFER,53783.57,53783.57,Matched,,,,,,
488,CASH_IN,254895.5,254895.5,Matched,,,,,,
489,CASH_IN,143148.97,143148.97,Matched,,,,,,
490,CASH_IN,132457.52,132457.52,Matched,,,,,,
491,CASH_IN,148834.28,148834.28,Matched,,,,,,
492,CASH_IN,106727.81,106727.81,Matched,,,,,,
493,TRANSFER,80333.28,80333.28,Matched,,,,,,
494,CASH_IN,223123.71,223123.71,Matched,,,,,,
495,TRANSFER,211075.91,211075.91,Matched,,,,,,
496,TRANSFER,100677.86,100677.86,Matched,,,,,,
497,CASH_IN,194311.34,194311.34,Matched,,,,,,
498,CASH_OUT,106117.28,106117.28,Matched,,,,,,
499,TRANSFER,473499.51,473499.51,Matched,,,,,,
500,CASH_IN,338964.91,338964.91,Matched,,,,,,
501,CASH_IN,247575.4,247575.4,Matched,,,,,,
502,CASH_IN,29467.02,29467.02,Matched,,,,,,
503,CASH_IN,90340.16,90340.16,Matched,,,,,,
504,CASH_OUT,503333.79,503333.79,Matched,,,,,,
505,CASH_IN,198847.32,198847.32,Matched,,,,,,
506,CASH_OUT,71991.42,71991.42,Matched,,,,,,
507,CASH_IN,155075.41,155075.41,Matched,,,,,,
508,CASH_OUT,91379.93,91379.93,Matched,,,,,,
509,CASH_OUT,26759.05,26759.05,Matched,,,,,,
510,TRANSFER,1538200.39,1538200.39,Matched,,,,,,
511,CASH_IN,76932.89,76932.89,Matched,,,,,,
512,CASH_IN,92971.79,92971.79,Matched,,,,,,
513,CASH_IN,7322.98,7322.98,Matched,,,,,,
514,TRANSFER,324397.94,324397.94,Matched,,,,,,
515,CASH_IN,222126.95,222126.95,Matched,,,,,,
516,CASH_IN,62983.91,62983.91,Matched,,,,,,
517,TRANSFER,982862.81,982862.81,Matched,,,,,,
518,TRANSFER,955855,955855,Matched,,,,,,
519,TRANSFER,2421578.09,2421578.09,Matched,,,,,,
520,CASH_OUT,128487.35,128487.35,Matched,,,,,,
521,CASH_IN,1271.77,1271.77,Matched,,,,,,
522,TRANSFER,1349670.68,1349670.68,Matched,,,,,,
523,CASH_IN,246816.65,246816.65,Matched,,,,,,
524,TRANSFER,179253.24,179253.24,Matched,,,,,,
525,PAYMENT,5446.88,5446.88,Matched,,,,,,
526,CASH_IN,21898.97,21898.97,Matched,,,,,,
527,PAYMENT,648.64,648.64,Matched,,,,,,
528,CASH_IN,30811.56,30811.56,Matched,,,,,,
529,PAYMENT,8494.71,8494.71,Matched,,,,,,
530,CASH_IN,100275.09,100275.09,Matched,,,,,,
531,CASH_IN,46630.53,46630.53,Matched,,,,,,
532,CASH_OUT,373068.26,373068.26,Matched,,,,,,
533,CASH_IN,158775.58,158775.58,Matched,,,,,,
534,CASH_IN,143236.26,143236.26,Matched,,,,,,
535,CASH_IN,90556.08,90556.08,Matched,,,,,,
536,CASH_IN,173948.89,173948.89,Matched,,,,,,
537,CASH_IN,66216.71,66216.71,Matched,,,,,,
538,TRANSFER,34390.85,34390.85,Matched,,,,,,
539,CASH_OUT,252908.87,252908.87,Matched,,,,,,
540,TRANSFER,1867849.02,1867849.02,Matched,,,,,,
541,CASH_IN,216133.99,216133.99,Matched,,,,,,
542,TRANSFER,1193410.46,1193410.46,Matched,,,,,,
543,CASH_IN,371883.82,371883.82,Matched,,,,,,
544,CASH_IN,228451.89,228451.89,Matched,,,,,,
545,TRANSFER,348186.2,348186.2,Matched,,,,,,
546,CASH_IN,35902.49,35902.49,Matched,,,,,,
547,TRANSFER,1440296.14,1440296.14,Matched,,,,,,
548,CASH_IN,770537.37,770537.37,Matched,,,,,,
549,CASH_IN,232953.64,232953.64,Matched,,,,,,
550,TRANSFER,799483.57,799483.57,Matched,,,,,,
551,CASH_IN,65912.95,65253.82,Amount Mismatch,,,,,,
552,CASH_IN,71275.47,71275.47,Matched,,,,,,
553,CASH_IN,193492.68,193492.68,Matched,,,,,,
554,CASH_IN,336298.77,336298.77,Matched,,,,,,
555,CASH_IN,317393.38,317393.38,Matched,,,,,,
556,CASH_IN,181002.01,181002.01,Matched,,,,,,
557,TRANSFER,969631.31,969631.31,Matched,,,,,,
558,CASH_IN,60836.64,60836.64,Matched,,,,,,
559,TRANSFER,483544.3,483544.3,Matched,,,,,,
560,PAYMENT,8227.3,8227.3,Matched,,,,,,
561,CASH_IN,62325.15,62325.15,Matched,,,,,,
562,TRANSFER,326349.91,326349.91,Matched,,,,,,
563,CASH_IN,349640.51,349640.51,Matched,,,,,,
564,PAYMENT,527.15,527.15,Matched,,,,,,
565,DEBIT,7546.88,7546.88,Matched,,,,,,
566,CASH_IN,135324.19,135324.19,Matched,,,,,,
567,PAYMENT,2469.75,2469.75,Matched,,,,,,
568,PAYMENT,950.25,950.25,Matched,,,,,,
569,CASH_IN,380015.14,380015.14,Matched,,,,,,
570,DEBIT,1741.24,1741.24,Matched,,,,,,
571,PAYMENT,12728.46,12728.46,Matched,,,,,,
572,CASH_IN,418688.27,418688.27,Matched,,,,,,
573,PAYMENT,553.25,553.25,Matched,,,,,,
574,PAYMENT,6606.31,6606.31,Matched,,,,,,
575,PAYMENT,1002.96,1002.96,Matched,,,,,,
576,PAYMENT,2075.94,2075.94,Matched,,,,,,
577,CASH_IN,311023.52,311023.52,Matched,,,,,,
578,PAYMENT,6917.1,6917.1,Matched,,,,,,
579,TRANSFER,84212.94,84212.94,Matched,,,,,,
580,PAYMENT,1977.17,1977.17,Matched,,,,,,
581,CASH_OUT,312108.51,312108.51,Matched,,,,,,
582,PAYMENT,1647.93,1647.93,Matched,,,,,,
583,CASH_IN,151862.38,151862.38,Matched,,,,,,
584,PAYMENT,9314.84,9314.84,Matched,,,,,,
585,PAYMENT,3533.32,3533.32,Matched,,,,,,
586,CASH_IN,228710.05,228710.05,Matched,,,,,,
587,PAYMENT,1157.05,1157.05,Matched,,,,,,
588,PAYMENT,7659.86,7659.86,Matched,,,,,,
589,PAYMENT,7203.07,7203.07,Matched,,,,,,
590,DEBIT,3766.99,3766.99,Matched,,,,,,
591,CASH_IN,311449.38,311449.38,Matched,,,,,,
592,CASH_OUT,116206.75,116206.75,Matched,,,,,,
593,CASH_OUT,30331.38,30331.38,Matched,,,,,,
594,PAYMENT,3464.41,3464.41,Matched,,,,,,
595,CASH_IN,270824.42,270824.42,Matched,,,,,,
596,PAYMENT,2063.77,2063.77,Matched,,,,,,
597,PAYMENT,3035.35,3035.35,Matched,,,,,,
598,CASH_OUT,68662.06,68662.06,Matched,,,,,,
599,PAYMENT,1449.03,1449.03,Matched,,,,,,
600,CASH_IN,220431.09,220431.09,Matched,,,,,,
601,CASH_OUT,123797.1,123797.1,Matched,,,,,,
602,CASH_IN,182861.45,182861.45,Matched,,,,,,
603,DEBIT,8233.25,8233.25,Matched,,,,,,
604,DEBIT,8679.29,8679.29,Matched,,,,,,
605,CASH_IN,231881.5,231881.5,Matched,,,,,,
606,PAYMENT,2271.34,2271.34,Matched,,,,,,
607,PAYMENT,15266.05,15266.05,Matched,,,,,,
608,PAYMENT,3801.74,3801.74,Matched,,,,,,
609,PAYMENT,8348.75,8348.75,Matched,,,,,,
610,CASH_IN,38071.17,38071.17,Matched,,,,,,
611,PAYMENT,8419.73,8419.73,Matched,,,,,,
612,PAYMENT,3551.48,3551.48,Matched,,,,,,
613,CASH_IN,87117.29,87117.29,Matched,,,,,,
614,PAYMENT,6688.74,6688.74,Matched,,,,,,
615,CASH_OUT,227768.63,227768.63,Matched,,,,,,
616,CASH_IN,114271.72,114271.72,Matched,,,,,,
617,PAYMENT,1979.94,1979.94,Matched,,,,,,
618,CASH_OUT,172986.7,172986.7,Matched,,,,,,
619,CASH_IN,73199.1,73199.1,Matched,,,,,,
620,PAYMENT,4940.2,4940.2,Matched,,,,,,
621,PAYMENT,1530.83,1530.83,Matched,,,,,,
622,PAYMENT,2755.96,2755.96,Matched,,,,,,
623,PAYMENT,4833.96,4833.96,Matched,,,,,,
624,PAYMENT,9574.31,9574.31,Matched,,,,,,
625,PAYMENT,5842.61,5842.61,Matched,,,,,,
626,DEBIT,8807.01,8807.01,Matched,,,,,,
627,PAYMENT,2871.89,2871.89,Matched,,,,,,
628,PAYMENT,5287.68,5287.68,Matched,,,,,,
629,DEBIT,5297.36,5297.36,Matched,,,,,,
630,DEBIT,3111.86,3111.86,Matched,,,,,,
631,TRANSFER,621561.65,621561.65,Matched,,,,,,
632,PAYMENT,10627.18,10627.18,Matched,,,,,,
633,PAYMENT,829.07,829.07,Matched,,,,,,
634,PAYMENT,10040.52,10040.52,Matched,,,,,,
635,CASH_IN,764772.98,764772.98,Matched,,,,,,
636,PAYMENT,3418.07,3418.07,Matched,,,,,,
637,PAYMENT,5809.78,5809.78,Matched,,,,,,
638,DEBIT,5363,5363,Matched,,,,,,
639,CASH_OUT,41924.75,41924.75,Matched,,,,,,
640,TRANSFER,411363.54,411363.54,Matched,,,,,,
641,CASH_OUT,173597.57,173597.57,Matched,,,,,,
642,CASH_IN,106847.36,106847.36,Matched,,,,,,
643,PAYMENT,11990.19,11990.19,Matched,,,,,,
644,CASH_IN,6287.28,6287.28,Matched,,,,,,
645,CASH_OUT,77642.84,77642.84,Matched,,,,,,
646,PAYMENT,4086.5,4086.5,Matched,,,,,,
647,CASH_IN,24936.34,24936.34,Matched,,,,,,
648,CASH_OUT,144964.23,144964.23,Matched,,,,,,
649,PAYMENT,266.88,266.88,Matched,,,,,,
650,CASH_IN,55837.16,55837.16,Matched,,,,,,
651,PAYMENT,19741.22,19741.22,Matched,,,,,,
652,CASH_OUT,94038.9,94038.9,Matched,,,,,,
653,PAYMENT,1928.55,1928.55,Matched,,,,,,
654,CASH_OUT,26051.33,26051.33,Matched,,,,,,
655,PAYMENT,5270.72,5270.72,Matched,,,,,,
656,CASH_IN,63255.29,63255.29,Matched,,,,,,
657,PAYMENT,10648.06,10648.06,Matched,,,,,,
658,CASH_IN,55827.09,55827.09,Matched,,,,,,
659,CASH_IN,104605.78,104605.78,Matched,,,,,,
660,PAYMENT,962.43,962.43,Matched,,,,,,
661,CASH_OUT,174068.82,174068.82,Matched,,,,,,
662,PAYMENT,8348.1,8348.1,Matched,,,,,,
663,TRANSFER,1277212.77,1277212.77,Matched,,,,,,
664,CASH_IN,154160.82,154160.82,Matched,,,,,,
665,CASH_OUT,134143.27,134143.27,Matched,,,,,,
666,CASH_IN,257348.03,257348.03,Matched,,,,,,
667,PAYMENT,6969.67,6969.67,Matched,,,,,,
668,CASH_OUT,1277212.77,1277212.77,Matched,,,,,,
669,CASH_OUT,497424.19,497424.19,Matched,,,,,,
670,CASH_IN,201073.81,201073.81,Matched,,,,,,
671,CASH_OUT,607616.73,607616.73,Matched,,,,,,
672,TRANSFER,20128,20128,Matched,,,,,,
673,CASH_IN,24105.5,24105.5,Matched,,,,,,
674,CASH_IN,53560.68,53560.68,Matched,,,,,,
675,CASH_OUT,681093.57,681093.57,Matched,,,,,,
676,CASH_OUT,114057.61,114057.61,Matched,,,,,,
677,PAYMENT,6854.06,6854.06,Matched,,,,,,
678,CASH_IN,334234.39,334234.39,Matched,,,,,,
679,CASH_OUT,205279.62,205279.62,Matched,,,,,,
680,CASH_OUT,111899.09,111899.09,Matched,,,,,,
681,CASH_OUT,173512.93,173512.93,Matched,,,,,,
682,PAYMENT,1231.79,1231.79,Matched,,,,,,
683,CASH_OUT,166817.98,166817.98,Matched,,,,,,
684,CASH_IN,227335.16,227335.16,Matched,,,,,,
685,CASH_OUT,113283.13,113283.13,Matched,,,,,,
686,PAYMENT,3380.1,3380.1,Matched,,,,,,
687,CASH_OUT,179030.05,179030.05,Matched,,,,,,
688,DEBIT,2869.65,2869.65,Matched,,,,,,
689,CASH_OUT,94332,94332,Matched,,,,,,
690,CASH_IN,134426.08,134426.08,Matched,,,,,,
691,CASH_OUT,141111.15,141111.15,Matched,,,,,,
692,PAYMENT,1658.87,1658.87,Matched,,,,,,
693,CASH_OUT,45756.23,45756.23,Matched,,,,,,
694,PAYMENT,823.36,823.36,Matched,,,,,,
695,CASH_OUT,6039.61,6039.61,Matched,,,,,,
696,PAYMENT,7541.47,7541.47,Matched,,,,,,
697,CASH_OUT,46261.02,46261.02,Matched,,,,,,
698,CASH_OUT,312471.16,312471.16,Matched,,,,,,
699,DEBIT,3635.93,3635.93,Matched,,,,,,
700,CASH_OUT,20128,20128,Matched,,,,,,
701,CASH_OUT,195490.04,195490.04,Matched,,,,,,
702,CASH_OUT,107308.84,107308.84,Matched,,,,,,
703,PAYMENT,1328.59,1328.59,Matched,,,,,,
704,PAYMENT,154.87,154.87,Matched,,,,,,
705,CASH_OUT,48252.82,48252.82,Matched,,,,,,
706,TRANSFER,56145.85,56145.85,Matched,,,,,,
707,CASH_OUT,25674.03,25674.03,Matched,,,,,,
708,DEBIT,4040.84,4040.84,Matched,,,,,,
709,CASH_OUT,63830.49,63830.49,Matched,,,,,,
710,PAYMENT,973.18,973.18,Matched,,,,,,
711,CASH_OUT,96178.8,96178.8,Matched,,,,,,
712,PAYMENT,6490.17,6490.17,Matched,,,,,,
713,CASH_OUT,155122.86,155122.86,Matched,,,,,,
714,PAYMENT,619.24,619.24,Matched,,,,,,
715,CASH_OUT,171757.76,171757.76,Matched,,,,,,
716,PAYMENT,1101.09,1101.09,Matched,,,,,,
717,CASH_OUT,8809.04,8809.04,Matched,,,,,,
718,DEBIT,300.41,300.41,Matched,,,,,,
719,DEBIT,4347.78,4347.78,Matched,,,,,,
720,CASH_OUT,27320.2,27320.2,Matched,,,,,,
721,TRANSFER,700967.19,700967.19,Matched,,,,,,
722,CASH_OUT,517915.91,517915.91,Matched,,,,,,
723,CASH_OUT,213922.13,213922.13,Matched,,,,,,
724,CASH_OUT,34629.16,34629.16,Matched,,,,,,
725,PAYMENT,8354.27,8354.27,Matched,,,,,,
726,CASH_OUT,94296.25,94296.25,Matched,,,,,,
727,CASH_OUT,83859.59,83859.59,Matched,,,,,,
728,CASH_OUT,285360.06,285360.06,Matched,,,,,,
729,DEBIT,5423.28,5423.28,Matched,,,,,,
730,CASH_OUT,33269.25,33269.25,Matched,,,,,,
731,CASH_OUT,161445.91,161445.91,Matched,,,,,,
732,CASH_OUT,386683.04,386683.04,Matched,,,,,,
733,PAYMENT,708.59,708.59,Matched,,,,,,
734,CASH_OUT,169854.57,169854.57,Matched,,,,,,
735,CASH_OUT,51749.94,51749.94,Matched,,,,,,
736,CASH_OUT,126167.7,126167.7,Matched,,,,,,
737,PAYMENT,8358.81,8358.81,Matched,,,,,,
738,CASH_OUT,86410.3,86410.3,Matched,,,,,,
739,CASH_OUT,152757.58,152757.58,Matched,,,,,,
740,PAYMENT,2245.62,2245.62,Matched,,,,,,
741,CASH_OUT,49661.18,49661.18,Matched,,,,,,
742,CASH_OUT,10856.63,10856.63,Matched,,,,,,
743,CASH_OUT,73513.5,73513.5,Matched,,,,,,
744,PAYMENT,4593.59,4593.59,Matched,,,,,,
745,CASH_OUT,161613.93,161613.93,Matched,,,,,,
746,PAYMENT,399.66,399.66,Matched,,,,,,
747,CASH_OUT,244361.81,244361.81,Matched,,,,,,
748,CASH_OUT,166335.32,166335.32,Matched,,,,,,
749,PAYMENT,1617.9,1617.9,Matched,,,,,,
750,CASH_OUT,234268.82,234268.82,Matched,,,,,,
751,CASH_OUT,596617.87,596617.87,Matched,,,,,,
752,PAYMENT,2167.26,2167.26,Matched,,,,,,
753,CASH_OUT,306280.12,306280.12,Matched,,,,,,
754,CASH_OUT,108600.78,108600.78,Matched,,,,,,
755,CASH_OUT,194620.68,194620.68,Matched,,,,,,
756,PAYMENT,9738.95,9738.95,Matched,,,,,,
757,CASH_OUT,377520.94,377520.94,Matched,,,,,,
758,PAYMENT,3396.25,3396.25,Matched,,,,,,
759,CASH_OUT,128278.74,128278.74,Matched,,,,,,
760,CASH_OUT,60758.42,60758.42,Matched,,,,,,
761,PAYMENT,6780.78,6780.78,Matched,,,,,,
762,CASH_OUT,256773.54,256773.54,Matched,,,,,,
763,CASH_OUT,86204.31,86204.31,Matched,,,,,,
764,CASH_OUT,105759.12,105759.12,Matched,,,,,,
765,CASH_OUT,1234,1234,Matched,,,,,,
766,CASH_OUT,59390.46,59390.46,Matched,,,,,,
767,CASH_IN,2643.45,2643.45,Matched,,,,,,
768,CASH_OUT,18288.91,18288.91,Matched,,,,,,
769,CASH_OUT,131991.26,131991.26,Matched,,,,,,
770,CASH_OUT,65025.3,65025.3,Matched,,,,,,
771,CASH_OUT,248979.22,248979.22,Matched,,,,,,
772,CASH_OUT,126774.5,126774.5,Matched,,,,,,
773,CASH_OUT,82054.36,82054.36,Matched,,,,,,
774,CASH_OUT,38428.19,38428.19,Matched,,,,,,
775,CASH_OUT,69708.79,69708.79,Matched,,,,,,
776,CASH_OUT,109732.52,109732.52,Matched,,,,,,
777,CASH_IN,134977.11,134977.11,Matched,,,,,,
778,CASH_OUT,17851.54,17851.54,Matched,,,,,,
779,CASH_IN,25090.03,25090.03,Matched,,,,,,
780,CASH_OUT,9104.26,9104.26,Matched,,,,,,
781,CASH_OUT,5223.97,5223.97,Matched,,,,,,
782,CASH_IN,147388.67,147388.67,Matched,,,,,,
783,CASH_OUT,92553.64,92553.64,Matched,,,,,,
784,PAYMENT,2284.54,2284.54,Matched,,,,,,
785,CASH_OUT,63807.17,63807.17,Matched,,,,,,
786,CASH_OUT,66312.08,66312.08,Matched,,,,,,
787,CASH_OUT,142282.63,142282.63,Matched,,,,,,
788,PAYMENT,502.61,502.61,Matched,,,,,,
789,CASH_OUT,406297.68,406297.68,Matched,,,,,,
790,CASH_OUT,114499.14,114499.14,Matched,,,,,,
791,PAYMENT,8716.47,8716.47,Matched,,,,,,
792,PAYMENT,4779.93,4779.93,Matched,,,,,,
793,CASH_IN,217615.09,217615.09,Matched,,,,,,
794,CASH_OUT,209370.56,209370.56,Matched,,,,,,
795,TRANSFER,16631.14,16631.14,Matched,,,,,,
796,CASH_OUT,117023.79,117023.79,Matched,,,,,,
797,PAYMENT,2771.16,2771.16,Matched,,,,,,
798,PAYMENT,10891.96,10891.96,Matched,,,,,,
799,PAYMENT,3154.06,3154.06,Matched,,,,,,
800,PAYMENT,4149.86,4149.86,Matched,,,,,,
801,PAYMENT,7813.63,7813.63,Matched,,,,,,
802,PAYMENT,13252.81,13252.81,Matched,,,,,,
803,PAYMENT,360.13,360.13,Matched,,,,,,
804,PAYMENT,1213.64,1213.64,Matched,,,,,,
805,CASH_OUT,431381.17,431381.17,Matched,,,,,,
806,PAYMENT,5800.85,5800.85,Matched,,,,,,
807,TRANSFER,43670.84,43670.84,Matched,,,,,,
808,PAYMENT,8094.53,8094.53,Matched,,,,,,
809,PAYMENT,7342.63,7342.63,Matched,,,,,,
810,PAYMENT,3825.39,3825.39,Matched,,,,,,
811,PAYMENT,7417.09,7417.09,Matched,,,,,,
812,PAYMENT,12162.01,12162.01,Matched,,,,,,
813,PAYMENT,8865.26,8865.26,Matched,,,,,,
814,CASH_OUT,472385.25,472385.25,Matched,,,,,,
815,CASH_OUT,213490.87,213490.87,Matched,,,,,,
816,PAYMENT,13427.34,13427.34,Matched,,,,,,
817,PAYMENT,7444.4,7444.4,Matched,,,,,,
818,PAYMENT,1873.13,1873.13,Matched,,,,,,
819,CASH_OUT,287265.38,287265.38,Matched,,,,,,
820,PAYMENT,6443.58,6443.58,Matched,,,,,,
821,CASH_OUT,416001.33,416001.33,Matched,,,,,,
822,PAYMENT,4008.01,4008.01,Matched,,,,,,
823,CASH_OUT,76635.24,76635.24,Matched,,,,,,
824,PAYMENT,6432.26,6432.26,Matched,,,,,,
825,CASH_OUT,197186.52,197186.52,Matched,,,,,,
826,CASH_OUT,132574,132574,Matched,,,,,,
827,PAYMENT,8690.86,8690.86,Matched,,,,,,
828,CASH_OUT,39485.21,39485.21,Matched,,,,,,
829,PAYMENT,1220.37,1220.37,Matched,,,,,,
830,CASH_IN,355294.5,355294.5,Matched,,,,,,
831,PAYMENT,3791.28,3791.28,Matched,,,,,,
832,CASH_IN,12336.48,12336.48,Matched,,,,,,
833,DEBIT,1683.95,1683.95,Matched,,,,,,
834,CASH_IN,349505.89,349505.89,Matched,,,,,,
835,PAYMENT,4111.34,4111.34,Matched,,,,,,
836,CASH_IN,285185.34,285185.34,Matched,,,,,,
837,PAYMENT,2713.67,2713.67,Matched,,,,,,
838,CASH_IN,132953.45,132953.45,Matched,,,,,,
839,PAYMENT,7163.9,7163.9,Matched,,,,,,
840,PAYMENT,6557.51,6557.51,Matched,,,,,,
841,CASH_IN,214851.41,214851.41,Matched,,,,,,
842,PAYMENT,4867.56,4867.56,Matched,,,,,,
843,CASH_IN,54988.56,54988.56,Matched,,,,,,
844,CASH_IN,62871.06,62871.06,Matched,,,,,,
845,PAYMENT,17348.25,17348.25,Matched,,,,,,
846,CASH_OUT,242940.23,242940.23,Matched,,,,,,
847,CASH_IN,61150.85,61150.85,Matched,,,,,,
848,PAYMENT,1586.28,1586.28,Matched,,,,,,
849,PAYMENT,4433.98,4433.98,Matched,,,,,,
850,CASH_IN,131409.27,131409.27,Matched,,,,,,
851,CASH_IN,10844.33,10844.33,Matched,,,,,,
852,PAYMENT,6811.97,6811.97,Matched,,,,,,
853,PAYMENT,2168.8,2168.8,Matched,,,,,,
854,PAYMENT,36651.07,36651.07,Matched,,,,,,
855,PAYMENT,10059.7,10059.7,Matched,,,,,,
856,PAYMENT,2054.84,2054.84,Matched,,,,,,
857,PAYMENT,4804.68,4804.68,Matched,,,,,,
858,CASH_IN,313373.56,313373.56,Matched,,,,,,
859,PAYMENT,19375.5,19375.5,Matched,,,,,,
860,CASH_IN,13289.87,13289.87,Matched,,,,,,
861,CASH_IN,27070.11,27070.11,Matched,,,,,,
862,PAYMENT,13833.75,13833.75,Matched,,,,,,
863,PAYMENT,8092.1,8092.1,Matched,,,,,,
864,CASH_IN,127954.7,127954.7,Matched,,,,,,
865,CASH_OUT,236825.42,236825.42,Matched,,,,,,
866,CASH_IN,197031.04,197031.04,Matched,,,,,,
867,CASH_OUT,327066.19,327066.19,Matched,,,,,,
868,CASH_OUT,156819.6,156819.6,Matched,,,,,,
869,CASH_IN,144366.64,144366.64,Matched,,,,,,
870,PAYMENT,21008.52,21008.52,Matched,,,,,,
871,PAYMENT,11770.54,11770.54,Matched,,,,,,
872,CASH_IN,7965.49,7965.49,Matched,,,,,,
873,CASH_IN,123103.74,123103.74,Matched,,,,,,
874,PAYMENT,22043.92,22043.92,Matched,,,,,,
875,PAYMENT,1576.78,1576.78,Matched,,,,,,
876,PAYMENT,32635.14,32635.14,Matched,,,,,,
877,CASH_IN,106634.77,106634.77,Matched,,,,,,
878,PAYMENT,11438.39,11438.39,Matched,,,,,,
879,CASH_IN,74933.22,74933.22,Matched,,,,,,
880,PAYMENT,320.53,320.53,Matched,,,,,,
881,CASH_IN,120234.99,120234.99,Matched,,,,,,
882,PAYMENT,13527.16,13527.16,Matched,,,,,,
883,DEBIT,3390.74,3390.74,Matched,,,,,,
884,PAYMENT,2736.35,2736.35,Matched,,,,,,
885,CASH_IN,5763.99,5763.99,Matched,,,,,,
886,PAYMENT,6029.92,6029.92,Matched,,,,,,
887,CASH_IN,156922.36,156922.36,Matched,,,,,,
888,PAYMENT,11881.78,11881.78,Matched,,,,,,
889,CASH_IN,162665.98,162665.98,Matched,,,,,,
890,PAYMENT,9805.46,9805.46,Matched,,,,,,
891,PAYMENT,7506.65,7506.65,Matched,,,,,,
892,PAYMENT,9470.85,9470.85,Matched,,,,,,
893,PAYMENT,12621.09,12621.09,Matched,,,,,,
894,CASH_IN,110226.34,110226.34,Matched,,,,,,
895,PAYMENT,20560.86,20560.86,Matched,,,,,,
896,PAYMENT,13679.84,13679.84,Matched,,,,,,
897,CASH_IN,142577.44,142577.44,Matched,,,,,,
898,PAYMENT,15448,15448,Matched,,,,,,
899,PAYMENT,1987.4,1987.4,Matched,,,,,,
900,PAYMENT,1582.67,1582.67,Matched,,,,,,
901,CASH_OUT,13136.44,13136.44,Matched,,,,,,
902,PAYMENT,4145.04,4145.04,Matched,,,,,,
903,CASH_IN,6915.38,6915.38,Matched,,,,,,
904,PAYMENT,3511.45,3511.45,Matched,,,,,,
905,CASH_IN,157108.01,157108.01,Matched,,,,,,
906,PAYMENT,881.26,881.26,Matched,,,,,,
907,CASH_IN,223555.14,223555.14,Matched,,,,,,
908,PAYMENT,4306.89,4306.89,Matched,,,,,,
909,CASH_IN,146331.12,146331.12,Matched,,,,,,
910,PAYMENT,8309.52,8309.52,Matched,,,,,,
911,DEBIT,4651.67,4651.67,Matched,,,,,,
912,CASH_IN,141131.23,141131.23,Matched,,,,,,
913,PAYMENT,5363.35,5363.35,Matched,,,,,,
914,PAYMENT,1118.1,1118.1,Matched,,,,,,
915,PAYMENT,132.42,132.42,Matched,,,,,,
916,PAYMENT,19644.08,19644.08,Matched,,,,,,
917,CASH_IN,222711.47,222711.47,Matched,,,,,,
918,PAYMENT,15.06,15.06,Matched,,,,,,
919,PAYMENT,8074.16,8074.16,Matched,,,,,,
920,PAYMENT,895.24,895.24,Matched,,,,,,
921,PAYMENT,4337.08,4337.08,Matched,,,,,,
922,PAYMENT,7641.08,7641.08,Matched,,,,,,
923,DEBIT,429.42,429.42,Matched,,,,,,
924,CASH_IN,352568.35,352568.35,Matched,,,,,,
925,PAYMENT,7645.96,7645.96,Matched,,,,,,
926,PAYMENT,3043.27,3043.27,Matched,,,,,,
927,TRANSFER,221654.28,221654.28,Matched,,,,,,
928,PAYMENT,31188.22,31188.22,Matched,,,,,,
929,PAYMENT,9758.09,9758.09,Matched,,,,,,
930,PAYMENT,13954.75,13954.75,Matched,,,,,,
931,PAYMENT,10497.33,10497.33,Matched,,,,,,
932,PAYMENT,5924.89,5924.89,Matched,,,,,,
933,PAYMENT,5843.75,5843.75,Matched,,,,,,
934,PAYMENT,9550.43,9550.43,Matched,,,,,,
935,CASH_IN,84980.31,84980.31,Matched,,,,,,
936,CASH_IN,628719.07,628719.07,Matched,,,,,,
937,PAYMENT,7260.2,7260.2,Matched,,,,,,
938,PAYMENT,10285.86,10285.86,Matched,,,,,,
939,PAYMENT,4355.66,4355.66,Matched,,,,,,
940,CASH_IN,79285.8,79285.8,Matched,,,,,,
941,PAYMENT,6249.78,6249.78,Matched,,,,,,
942,CASH_IN,57809.81,57809.81,Matched,,,,,,
943,CASH_IN,75043.17,75043.17,Matched,,,,,,
944,PAYMENT,848.74,848.74,Matched,,,,,,
945,DEBIT,6973.12,6973.12,Matched,,,,,,
946,PAYMENT,6993.7,6993.7,Matched,,,,,,
947,CASH_IN,248196.92,248196.92,Matched,,,,,,
948,PAYMENT,2358.63,2358.63,Matched,,,,,,
949,PAYMENT,10932.41,10932.41,Matched,,,,,,
950,DEBIT,374.36,374.36,Matched,,,,,,
951,PAYMENT,795.29,795.29,Matched,,,,,,
952,PAYMENT,9191.46,9191.46,Matched,,,,,,
953,PAYMENT,8946.63,8946.63,Matched,,,,,,
954,CASH_OUT,132038.41,132038.41,Matched,,,,,,
955,PAYMENT,6495.27,6495.27,Matched,,,,,,
956,PAYMENT,4518.42,4518.42,Matched,,,,,,
957,PAYMENT,20573.4,20573.4,Matched,,,,,,
958,PAYMENT,1679.68,1679.68,Matched,,,,,,
959,CASH_IN,18851.44,18851.44,Matched,,,,,,
960,PAYMENT,1616.52,1616.52,Matched,,,,,,
961,PAYMENT,8358.12,8358.12,Matched,,,,,,
962,CASH_IN,403418.39,403418.39,Matched,,,,,,
963,PAYMENT,3545.37,3545.37,Matched,,,,,,
964,TRANSFER,47477.97,47477.97,Matched,,,,,,
965,CASH_IN,235564.81,235564.81,Matched,,,,,,
966,CASH_IN,159334.62,159334.62,Matched,,,,,,
967,CASH_IN,32325.24,32325.24,Matched,,,,,,
968,CASH_OUT,334262.17,334262.17,Matched,,,,,,
969,DEBIT,1260.62,1260.62,Matched,,,,,,
970,CASH_IN,345347.7,345347.7,Matched,,,,,,
971,PAYMENT,5403.87,5403.87,Matched,,,,,,
972,PAYMENT,15034.23,15034.23,Matched,,,,,,
973,PAYMENT,1006.76,1006.76,Matched,,,,,,
974,CASH_IN,355500.25,355500.25,Matched,,,,,,
975,PAYMENT,3238.39,3238.39,Matched,,,,,,
976,PAYMENT,10498.05,10498.05,Matched,,,,,,
977,CASH_OUT,251241.14,251241.14,Matched,,,,,,
978,PAYMENT,3644.12,3644.12,Matched,,,,,,
979,PAYMENT,13288.84,13288.84,Matched,,,,,,
980,TRANSFER,463722.76,463722.76,Matched,,,,,,
981,CASH_IN,103005.78,103005.78,Matched,,,,,,
982,PAYMENT,7079.24,7079.24,Matched,,,,,,
983,PAYMENT,4451.95,4451.95,Matched,,,,,,
984,CASH_OUT,283123.48,283123.48,Matched,,,,,,
985,PAYMENT,25554.79,25554.79,Matched,,,,,,
986,CASH_IN,108803.98,108803.98,Matched,,,,,,
987,PAYMENT,6757.51,6757.51,Matched,,,,,,
988,CASH_IN,259753.27,259753.27,Matched,,,,,,
989,PAYMENT,2756.3,2756.3,Matched,,,,,,
990,PAYMENT,2851.83,2851.83,Matched,,,,,,
991,CASH_IN,234094.24,234094.24,Matched,,,,,,
992,CASH_IN,273305.73,273305.73,Matched,,,,,,
993,PAYMENT,4163.82,4163.82,Matched,,,,,,
994,TRANSFER,138857.19,138857.19,Matched,,,,,,
995,PAYMENT,5184.9,5184.9,Matched,,,,,,
996,CASH_IN,186838.95,186838.95,Matched,,,,,,
997,DEBIT,5416.8,5416.8,Matched,,,,,,
998,CASH_IN,193161.04,193161.04,Matched,,,,,,
999,PAYMENT,8356.44,8356.44,Matched,,,,,,
1000,PAYMENT,3626.96,3626.96,Matched,,,,,,
1001,CASH_IN,152823.85,152823.85,Matched,,,,,,
1002,DEBIT,7257.7,7257.7,Matched,,,,,,
1003,PAYMENT,5570.5,5570.5,Matched,,,,,,
1004,PAYMENT,282.42,282.42,Matched,,,,,,
1005,DEBIT,8703.54,8703.54,Matched,,,,,,
1006,CASH_IN,91457.82,91457.82,Matched,,,,,,
1007,PAYMENT,3673.1,3673.1,Matched,,,,,,
1008,PAYMENT,9181.99,9181.99,Matched,,,,,,
1009,CASH_IN,277807.48,277807.48,Matched,,,,,,
1010,PAYMENT,9800.58,9800.58,Matched,,,,,,
1011,CASH_IN,8679.13,8679.13,Matched,,,,,,
1012,CASH_OUT,88987.11,88987.11,Matched,,,,,,
1013,CASH_IN,2099.59,2099.59,Matched,,,,,,
1014,PAYMENT,663.34,663.34,Matched,,,,,,
1015,CASH_IN,221693.08,221693.08,Matched,,,,,,
1016,PAYMENT,4227.19,4227.19,Matched,,,,,,
1017,CASH_IN,206097.65,206097.65,Matched,,,,,,
1018,CASH_IN,22384.21,22384.21,Matched,,,,,,
1019,PAYMENT,2881.51,2881.51,Matched,,,,,,
1020,PAYMENT,1532.35,1532.35,Matched,,,,,,
1021,CASH_IN,73210.99,73210.99,Matched,,,,,,
1022,PAYMENT,1180.55,1180.55,Matched,,,,,,
1023,CASH_IN,236747.6,236747.6,Matched,,,,,,
1024,PAYMENT,7950.29,7950.29,Matched,,,,,,
1025,PAYMENT,5334.81,5334.81,Matched,,,,,,
1026,CASH_IN,6284.18,6284.18,Matched,,,,,,
1027,CASH_IN,100198.77,100198.77,Matched,,,,,,
1028,CASH_IN,160347.32,160347.32,Matched,,,,,,
1029,CASH_IN,289272.75,289272.75,Matched,,,,,,
1030,CASH_IN,63189.26,63189.26,Matched,,,,,,
1031,PAYMENT,760.21,760.21,Matched,,,,,,
1032,PAYMENT,1697.56,1697.56,Matched,,,,,,
1033,PAYMENT,112.56,112.56,Matched,,,,,,
1034,PAYMENT,4376.46,4376.46,Matched,,,,,,
1035,PAYMENT,11656.12,11656.12,Matched,,,,,,
1036,TRANSFER,345698.98,345698.98,Matched,,,,,,
1037,PAYMENT,3292.21,3292.21,Matched,,,,,,
1038,PAYMENT,7367.06,7367.06,Matched,,,,,,
1039,PAYMENT,2937.34,2937.34,Matched,,,,,,
1040,DEBIT,1150.14,1150.14,Matched,,,,,,
1041,CASH_IN,196725.32,196725.32,Matched,,,,,,
1042,PAYMENT,3563.36,3563.36,Matched,,,,,,
1043,PAYMENT,2380.46,2380.46,Matched,,,,,,
1044,PAYMENT,5882.32,5882.32,Matched,,,,,,
1045,PAYMENT,2266.02,2266.02,Matched,,,,,,
1046,DEBIT,625.92,625.92,Matched,,,,,,
1047,PAYMENT,5937.72,5937.72,Matched,,,,,,
1048,PAYMENT,9796.29,9796.29,Matched,,,,,,
1049,TRANSFER,32132.45,32132.45,Matched,,,,,,
1050,TRANSFER,51627.39,51627.39,Matched,,,,,,
1051,TRANSFER,62073.54,62073.54,Matched,,,,,,
1052,TRANSFER,13614.91,13614.91,Matched,,,,,,
1053,PAYMENT,13373.96,13373.96,Matched,,,,,,
1054,DEBIT,6606.47,6606.47,Matched,,,,,,
1055,TRANSFER,2290.73,2290.73,Matched,,,,,,
1056,CASH_OUT,208501.33,208501.33,Matched,,,,,,
1057,PAYMENT,1045.63,1045.63,Matched,,,,,,
1058,TRANSFER,637161,637161,Matched,,,,,,
1059,CASH_OUT,363482.02,363482.02,Matched,,,,,,
1060,TRANSFER,639378.37,639378.37,Matched,,,,,,
1061,DEBIT,2935.86,2935.86,Matched,,,,,,
1062,CASH_IN,88626.65,88626.65,Matched,,,,,,
1063,CASH_OUT,540789.56,540789.56,Matched,,,,,,
1064,PAYMENT,10430.39,10430.39,Matched,,,,,,
1065,PAYMENT,4279.07,4279.07,Matched,,,,,,
1066,PAYMENT,6078.56,6078.56,Matched,,,,,,
1067,PAYMENT,3537.25,3537.25,Matched,,,,,,
1068,PAYMENT,4108.8,4108.8,Matched,,,,,,
1069,TRANSFER,66225.76,66225.76,Matched,,,,,,
1070,PAYMENT,2671.31,2671.31,Matched,,,,,,
1071,PAYMENT,964.77,964.77,Matched,,,,,,
1072,PAYMENT,12426.38,12426.38,Matched,,,,,,
1073,PAYMENT,12178.51,12178.51,Matched,,,,,,
1074,PAYMENT,13449.95,13449.95,Matched,,,,,,
1075,PAYMENT,17373.04,17373.04,Matched,,,,,,
1076,PAYMENT,7272.63,7272.63,Matched,,,,,,
1077,PAYMENT,6548.43,6548.43,Matched,,,,,,
1078,PAYMENT,2644.63,2644.63,Matched,,,,,,
1079,PAYMENT,4749.6,4749.6,Matched,,,,,,
1080,CASH_OUT,310157.55,310157.55,Matched,,,,,,
1081,PAYMENT,6776.93,6776.93,Matched,,,,,,
1082,PAYMENT,6460.86,6460.86,Matched,,,,,,
1083,PAYMENT,2272.54,2272.54,Matched,,,,,,
1084,PAYMENT,1810.41,1810.41,Matched,,,,,,
1085,DEBIT,2586.39,2586.39,Matched,,,,,,
1086,TRANSFER,47564.74,47564.74,Matched,,,,,,
1087,PAYMENT,5485.04,5485.04,Matched,,,,,,
1088,DEBIT,2644.54,2644.54,Matched,,,,,,
1089,PAYMENT,9361.47,9361.47,Matched,,,,,,
1090,TRANSFER,1417001.19,1417001.19,Matched,,,,,,
1091,PAYMENT,1193.24,1193.24,Matched,,,,,,
1092,PAYMENT,3445.96,3445.96,Matched,,,,,,
1093,DEBIT,9549.7,9549.7,Matched,,,,,,
1094,PAYMENT,2650.82,2650.82,Matched,,,,,,
1095,PAYMENT,660.52,660.52,Matched,,,,,,
1096,CASH_OUT,593.4,593.4,Matched,,,,,,
1097,PAYMENT,3485.64,3485.64,Matched,,,,,,
1098,PAYMENT,2073.2,2073.2,Matched,,,,,,
1099,PAYMENT,413.84,413.84,Matched,,,,,,
1100,PAYMENT,1122.14,1122.14,Matched,,,,,,
1101,CASH_OUT,319825.94,319825.94,Matched,,,,,,
1102,PAYMENT,3865.44,3865.44,Matched,,,,,,
1103,TRANSFER,264361.19,264361.19,Matched,,,,,,
1104,CASH_OUT,124832.65,124832.65,Matched,,,,,,
1105,TRANSFER,302151.25,302151.25,Matched,,,,,,
1106,PAYMENT,8148.08,8148.08,Matched,,,,,,
1107,PAYMENT,1854.51,1854.51,Matched,,,,,,
1108,CASH_OUT,129431.13,129431.13,Matched,,,,,,
1109,PAYMENT,8264.22,8264.22,Matched,,,,,,
1110,PAYMENT,2850.6,2850.6,Matched,,,,,,
1111,CASH_OUT,130905.88,130905.88,Matched,,,,,,
1112,CASH_OUT,105351.94,105351.94,Matched,,,,,,
1113,PAYMENT,3393.22,3393.22,Matched,,,,,,
1114,PAYMENT,8782.48,8782.48,Matched,,,,,,
1115,CASH_OUT,38167,38167,Matched,,,,,,
1116,CASH_IN,254286.27,254286.27,Matched,,,,,,
1117,PAYMENT,2392.53,2392.53,Matched,,,,,,
1118,PAYMENT,10239.16,10239.16,Matched,,,,,,
1119,CASH_OUT,4682.74,4682.74,Matched,,,,,,
1120,PAYMENT,5324.43,5324.43,Matched,,,,,,
1121,TRANSFER,7276.69,7276.69,Matched,,,,,,
1122,DEBIT,4993.81,4993.81,Matched,,,,,,
1123,DEBIT,1280.14,1280.14,Matched,,,,,,
1124,CASH_OUT,160700.51,160700.51,Matched,,,,,,
1125,DEBIT,8531.44,8531.44,Matched,,,,,,
1126,DEBIT,3039.84,3039.84,Matched,,,,,,
1127,PAYMENT,4297.27,4297.27,Matched,,,,,,
1128,PAYMENT,7287.73,7287.73,Matched,,,,,,
1129,PAYMENT,5998,5998,Matched,,,,,,
1130,PAYMENT,5375.2,5375.2,Matched,,,,,,
1131,PAYMENT,4273,4273,Matched,,,,,,
1132,PAYMENT,3830.45,3830.45,Matched,,,,,,
1133,PAYMENT,3637.13,3637.13,Matched,,,,,,
1134,TRANSFER,70543.76,70543.76,Matched,,,,,,
1135,PAYMENT,3558.79,3558.79,Matched,,,,,,
1136,PAYMENT,892.53,892.53,Matched,,,,,,
1137,PAYMENT,6891.56,6891.56,Matched,,,,,,
1138,PAYMENT,10707.6,10707.6,Matched,,,,,,
1139,PAYMENT,2875.66,2875.66,Matched,,,,,,
1140,PAYMENT,6380.75,6380.75,Matched,,,,,,
1141,PAYMENT,4632.68,4632.68,Matched,,,,,,
1142,DEBIT,8901.32,8901.32,Matched,,,,,,
1143,TRANSFER,271161.74,271161.74,Matched,,,,,,
1144,PAYMENT,13693.11,13693.11,Matched,,,,,,
1145,TRANSFER,81222.77,81222.77,Matched,,,,,,
1146,TRANSFER,274108.4,274108.4,Matched,,,,,,
1147,DEBIT,2801.1,2801.1,Matched,,,,,,
1148,TRANSFER,273951.34,273951.34,Matched,,,,,,
1149,DEBIT,2676.97,2676.97,Matched,,,,,,
1150,TRANSFER,490341.11,490341.11,Matched,,,,,,
1151,PAYMENT,226.29,226.29,Matched,,,,,,
1152,PAYMENT,7512.61,7512.61,Matched,,,,,,
1153,CASH_OUT,204691.97,204691.97,Matched,,,,,,
1154,PAYMENT,8612.28,8612.28,Matched,,,,,,
1155,PAYMENT,413.4,413.4,Matched,,,,,,
1156,PAYMENT,3399.54,3399.54,Matched,,,,,,
1157,PAYMENT,261.95,261.95,Matched,,,,,,
1158,PAYMENT,6794.39,6794.39,Matched,,,,,,
1159,PAYMENT,1815.83,1815.83,Matched,,,,,,
1160,PAYMENT,10287.6,10287.6,Matched,,,,,,
1161,PAYMENT,9247.18,9247.18,Matched,,,,,,
1162,DEBIT,2633.08,2633.08,Matched,,,,,,
1163,PAYMENT,8818.07,8818.07,Matched,,,,,,
1164,PAYMENT,2821.51,2821.51,Matched,,,,,,
1165,PAYMENT,271.77,271.77,Matched,,,,,,
1166,TRANSFER,378703.81,378703.81,Matched,,,,,,
1167,PAYMENT,7017.21,7017.21,Matched,,,,,,
1168,PAYMENT,16709.74,16709.74,Matched,,,,,,
1169,PAYMENT,9818.95,9818.95,Matched,,,,,,
1170,PAYMENT,2020.04,2020.04,Matched,,,,,,
1171,PAYMENT,3601.28,3601.28,Matched,,,,,,
1172,DEBIT,6027.22,6027.22,Matched,,,,,,
1173,PAYMENT,7886.77,7886.77,Matched,,,,,,
1174,TRANSFER,421520.68,421520.68,Matched,,,,,,
1175,PAYMENT,2444.49,2444.49,Matched,,,,,,
1176,PAYMENT,2786.6,2786.6,Matched,,,,,,
1177,PAYMENT,2186.58,2186.58,Matched,,,,,,
1178,CASH_OUT,265803.38,265803.38,Matched,,,,,,
1179,PAYMENT,12363.37,12363.37,Matched,,,,,,
1180,DEBIT,3014.72,3014.72,Matched,,,,,,
1181,TRANSFER,9533.48,9533.48,Matched,,,,,,
1182,TRANSFER,139555.44,139555.44,Matched,,,,,,
1183,PAYMENT,13525.15,13525.15,Matched,,,,,,
1184,PAYMENT,5134.7,5134.7,Matched,,,,,,
1185,PAYMENT,4881.15,4881.15,Matched,,,,,,
1186,CASH_OUT,130470.14,130470.14,Matched,,,,,,
1187,TRANSFER,722161.86,722161.86,Matched,,,,,,
1188,PAYMENT,5085.47,5085.47,Matched,,,,,,
1189,CASH_OUT,9864.23,9864.23,Matched,,,,,,
1190,PAYMENT,4617.63,4617.63,Matched,,,,,,
1191,PAYMENT,3941.6,3941.6,Matched,,,,,,
1192,PAYMENT,8791.02,8791.02,Matched,,,,,,
1193,PAYMENT,1471.39,1471.39,Matched,,,,,,
1194,TRANSFER,35063.63,35063.63,Matched,,,,,,
1195,PAYMENT,5480.96,5480.96,Matched,,,,,,
1196,PAYMENT,1834.74,1834.74,Matched,,,,,,
1197,CASH_OUT,35063.63,35063.63,Matched,,,,,,
1198,CASH_IN,365914.64,365914.64,Matched,,,,,,
1199,PAYMENT,16472.92,16472.92,Matched,,,,,,
1200,PAYMENT,1066.04,1066.04,Matched,,,,,,
1201,PAYMENT,31922.09,31922.09,Matched,,,,,,
1202,DEBIT,5430.64,5430.64,Matched,,,,,,
1203,CASH_OUT,161796.96,161796.96,Matched,,,,,,
1204,CASH_OUT,107292.25,107292.25,Matched,,,,,,
1205,PAYMENT,6450.56,6450.56,Matched,,,,,,
1206,CASH_OUT,315325.25,315325.25,Matched,,,,,,
1207,PAYMENT,13268.46,13268.46,Matched,,,,,,
1208,PAYMENT,6488.6,6488.6,Matched,,,,,,
1209,PAYMENT,2869.11,2869.11,Matched,,,,,,
1210,PAYMENT,1617.97,1617.97,Matched,,,,,,
1211,CASH_IN,378896.52,378896.52,Matched,,,,,,
1212,PAYMENT,2738.86,2738.86,Matched,,,,,,
1213,CASH_OUT,427175.03,427175.03,Matched,,,,,,
1214,CASH_IN,60503.37,60503.37,Matched,,,,,,
1215,DEBIT,6765.12,6765.12,Matched,,,,,,
1216,PAYMENT,450.55,450.55,Matched,,,,,,
1217,CASH_IN,65671.39,65671.39,Matched,,,,,,
1218,DEBIT,3269.72,3269.72,Matched,,,,,,
1219,DEBIT,8161.64,8161.64,Matched,,,,,,
1220,CASH_IN,35492.2,35492.2,Matched,,,,,,
1221,PAYMENT,9499.4,9499.4,Matched,,,,,,
1222,TRANSFER,40149.38,40149.38,Matched,,,,,,
1223,CASH_IN,18510.43,18510.43,Matched,,,,,,
1224,PAYMENT,865.77,865.77,Matched,,,,,,
1225,PAYMENT,5829.39,5829.39,Matched,,,,,,
1226,CASH_IN,83587.86,83587.86,Matched,,,,,,
1227,CASH_OUT,151096.79,151096.79,Matched,,,,,,
1228,PAYMENT,9119.89,9119.89,Matched,,,,,,
1229,DEBIT,4244.4,4244.4,Matched,,,,,,
1230,CASH_IN,62455.76,62455.76,Matched,,,,,,
1231,PAYMENT,3854.39,3854.39,Matched,,,,,,
1232,PAYMENT,885.9,885.9,Matched,,,,,,
1233,CASH_IN,44708.03,44708.03,Matched,,,,,,
1234,PAYMENT,1053.13,1053.13,Matched,,,,,,
1235,CASH_IN,343189.13,343189.13,Matched,,,,,,
1236,PAYMENT,4322.17,4322.17,Matched,,,,,,
1237,PAYMENT,7296.95,7296.95,Matched,,,,,,
1238,CASH_IN,60215.46,60215.46,Matched,,,,,,
1239,PAYMENT,7664.12,7664.12,Matched,,,,,,
1240,CASH_IN,235288.68,235288.68,Matched,,,,,,
1241,PAYMENT,3644.85,3644.85,Matched,,,,,,
1242,PAYMENT,12462.9,12462.9,Matched,,,,,,
1243,CASH_IN,206955.99,206955.99,Matched,,,,,,
1244,PAYMENT,9114.34,9114.34,Matched,,,,,,
1245,PAYMENT,3014.54,3014.54,Matched,,,,,,
1246,CASH_IN,383446.61,383446.61,Matched,,,,,,
1247,PAYMENT,18625.28,18625.28,Matched,,,,,,
1248,PAYMENT,5880.33,5880.33,Matched,,,,,,
1249,CASH_IN,145095.94,145095.94,Matched,,,,,,
1250,PAYMENT,2134.11,2134.11,Matched,,,,,,
1251,PAYMENT,14025.72,14025.72,Matched,,,,,,
1252,CASH_IN,300632.87,300632.87,Matched,,,,,,
1253,PAYMENT,3743.03,3743.03,Matched,,,,,,
1254,PAYMENT,12187.88,12187.88,Matched,,,,,,
1255,CASH_IN,119081.76,119081.76,Matched,,,,,,
1256,PAYMENT,17457.7,17457.7,Matched,,,,,,
1257,PAYMENT,10777.89,10777.89,Matched,,,,,,
1258,CASH_IN,203148.34,203148.34,Matched,,,,,,
1259,PAYMENT,1098.78,1098.78,Matched,,,,,,
1260,PAYMENT,708.82,708.82,Matched,,,,,,
1261,CASH_IN,104335.07,104335.07,Matched,,,,,,
1262,DEBIT,5633.3,5633.3,Matched,,,,,,
1263,CASH_IN,251482.63,251482.63,Matched,,,,,,
1264,PAYMENT,1393.49,1393.49,Matched,,,,,,
1265,PAYMENT,2223.41,2223.41,Matched,,,,,,
1266,CASH_IN,92784.06,92784.06,Matched,,,,,,
1267,PAYMENT,2195.63,2195.63,Matched,,,,,,
1268,CASH_IN,21670.38,21670.38,Matched,,,,,,
1269,DEBIT,1668.11,1668.11,Matched,,,,,,
1270,CASH_IN,175443.85,175443.85,Matched,,,,,,
1271,PAYMENT,3466.83,3466.83,Matched,,,,,,
1272,TRANSFER,281425.06,281425.06,Matched,,,,,,
1273,CASH_IN,226031.29,226031.29,Matched,,,,,,
1274,PAYMENT,12960.72,12960.72,Matched,,,,,,
1275,CASH_IN,234052.7,234052.7,Matched,,,,,,
1276,PAYMENT,3383.61,3383.61,Matched,,,,,,
1277,CASH_IN,229848.96,229848.96,Matched,,,,,,
1278,CASH_IN,111655.85,111655.85,Matched,,,,,,
1279,CASH_IN,51284.87,51284.87,Matched,,,,,,
1280,CASH_IN,270.78,270.78,Matched,,,,,,
1281,CASH_IN,154442.99,154442.99,Matched,,,,,,
1282,CASH_IN,34918.59,34918.59,Matched,,,,,,
1283,CASH_IN,57262.72,57262.72,Matched,,,,,,
1284,PAYMENT,3285.68,3285.68,Matched,,,,,,
1285,CASH_IN,189703.56,189703.56,Matched,,,,,,
1286,PAYMENT,4898.07,4898.07,Matched,,,,,,
1287,CASH_IN,288838.13,288838.13,Matched,,,,,,
1288,PAYMENT,9642.19,9642.19,Matched,,,,,,
1289,PAYMENT,1919.77,1919.77,Matched,,,,,,
1290,PAYMENT,21820.68,21820.68,Matched,,,,,,
1291,PAYMENT,18187.81,18187.81,Matched,,,,,,
1292,PAYMENT,23069.76,23069.76,Matched,,,,,,
1293,PAYMENT,6820.53,6820.53,Matched,,,,,,
1294,PAYMENT,2635.06,2635.06,Matched,,,,,,
1295,PAYMENT,5371.1,5371.1,Matched,,,,,,
1296,CASH_OUT,358124.44,358124.44,Matched,,,,,,
1297,PAYMENT,2645.88,2645.88,Matched,,,,,,
1298,DEBIT,5454.05,5454.05,Matched,,,,,,
1299,PAYMENT,2691.57,2691.57,Matched,,,,,,
1300,DEBIT,3269.57,3269.57,Matched,,,,,,
1301,PAYMENT,3623.4,3623.4,Matched,,,,,,
1302,PAYMENT,102.37,102.37,Matched,,,,,,
1303,PAYMENT,5601.3,5601.3,Matched,,,,,,
1304,CASH_OUT,151768.14,151768.14,Matched,,,,,,
1305,PAYMENT,2725.19,2725.19,Matched,,,,,,
1306,PAYMENT,1534.54,1534.54,Matched,,,,,,
1307,PAYMENT,402.54,402.54,Matched,,,,,,
1308,DEBIT,12617.81,12617.81,Matched,,,,,,
1309,PAYMENT,3631.87,3631.87,Matched,,,,,,
1310,CASH_OUT,333946.96,333946.96,Matched,,,,,,
1311,PAYMENT,7648.78,7648.78,Matched,,,,,,
1312,PAYMENT,11679.19,11679.19,Matched,,,,,,
1313,PAYMENT,272.8,272.8,Matched,,,,,,
1314,PAYMENT,1380.95,1380.95,Matched,,,,,,
1315,CASH_OUT,29587.32,29587.32,Matched,,,,,,
1316,PAYMENT,1056.64,1056.64,Matched,,,,,,
1317,PAYMENT,2515.46,2515.46,Matched,,,,,,
1318,DEBIT,6077.94,6077.94,Matched,,,,,,
1319,DEBIT,8648.45,8648.45,Matched,,,,,,
1320,DEBIT,5264.43,5264.43,Matched,,,,,,
1321,PAYMENT,3821.75,3821.75,Matched,,,,,,
1322,PAYMENT,4920.42,4920.42,Matched,,,,,,
1323,PAYMENT,5635.6,5635.6,Matched,,,,,,
1324,PAYMENT,11508.76,11508.76,Matched,,,,,,
1325,PAYMENT,2147.21,2147.21,Matched,,,,,,
1326,PAYMENT,8380.77,8380.77,Matched,,,,,,
1327,PAYMENT,3850.6,3850.6,Matched,,,,,,
1328,PAYMENT,5238.73,5238.73,Matched,,,,,,
1329,PAYMENT,6173.13,6173.13,Matched,,,,,,
1330,PAYMENT,1196.9,1196.9,Matched,,,,,,
1331,PAYMENT,150.07,150.07,Matched,,,,,,
1332,PAYMENT,624.1,624.1,Matched,,,,,,
1333,PAYMENT,1012.86,1012.86,Matched,,,,,,
1334,PAYMENT,3688.28,3688.28,Matched,,,,,,
1335,TRANSFER,26112.94,26112.94,Matched,,,,,,
1336,CASH_OUT,286590.92,286590.92,Matched,,,,,,
1337,PAYMENT,5430.53,5430.53,Matched,,,,,,
1338,PAYMENT,13840.98,13840.98,Matched,,,,,,
1339,PAYMENT,11479.22,11479.22,Matched,,,,,,
1340,CASH_OUT,119570.96,119570.96,Matched,,,,,,
1341,DEBIT,818.99,818.99,Matched,,,,,,
1342,PAYMENT,2736.66,2736.66,Matched,,,,,,
1343,PAYMENT,6166.35,6166.35,Matched,,,,,,
1344,PAYMENT,4052.14,4052.14,Matched,,,,,,
1345,PAYMENT,6730.59,6730.59,Matched,,,,,,
1346,TRANSFER,259096.62,259096.62,Matched,,,,,,
1347,TRANSFER,21502.38,21502.38,Matched,,,,,,
1348,PAYMENT,1810.88,1810.88,Matched,,,,,,
1349,PAYMENT,700.86,700.86,Matched,,,,,,
1350,DEBIT,7273.9,7273.9,Matched,,,,,,
1351,PAYMENT,4845.31,4845.31,Matched,,,,,,
1352,PAYMENT,1153.98,1153.98,Matched,,,,,,
1353,PAYMENT,1624.03,1624.03,Matched,,,,,,
1354,PAYMENT,8076.53,8076.53,Matched,,,,,,
1355,PAYMENT,1313.6,1313.6,Matched,,,,,,
1356,PAYMENT,6128.41,6128.41,Matched,,,,,,
1357,PAYMENT,11301.82,11301.82,Matched,,,,,,
1358,PAYMENT,4508.96,4508.96,Matched,,,,,,
1359,PAYMENT,2588.24,2588.24,Matched,,,,,,
1360,PAYMENT,909.33,909.33,Matched,,,,,,
1361,PAYMENT,7123.18,7123.18,Matched,,,,,,
1362,PAYMENT,4449.8,4449.8,Matched,,,,,,
1363,PAYMENT,663.34,663.34,Matched,,,,,,
1364,PAYMENT,4043.76,4043.76,Matched,,,,,,
1365,PAYMENT,15350.84,15350.84,Matched,,,,,,
1366,PAYMENT,11917.23,11917.23,Matched,,,,,,
1367,PAYMENT,14145.51,14145.51,Matched,,,,,,
1368,PAYMENT,28301.88,28301.88,Matched,,,,,,
1369,PAYMENT,6976.97,6976.97,Matched,,,,,,
1370,PAYMENT,19572.25,19572.25,Matched,,,,,,
1371,PAYMENT,17389.94,17389.94,Matched,,,,,,
1372,PAYMENT,12123.91,12123.91,Matched,,,,,,
1373,PAYMENT,20007.91,20007.91,Matched,,,,,,
1374,PAYMENT,18389.77,18389.77,Matched,,,,,,
1375,PAYMENT,5947.8,5947.8,Matched,,,,,,
1376,PAYMENT,804.16,804.16,Matched,,,,,,
1377,PAYMENT,14711.9,14711.9,Matched,,,,,,
1378,PAYMENT,2407.47,2407.47,Matched,,,,,,
1379,PAYMENT,2074.51,2074.51,Matched,,,,,,
1380,PAYMENT,5711.01,5711.01,Matched,,,,,,
1381,PAYMENT,21897.3,21897.3,Matched,,,,,,
1382,PAYMENT,5462.01,5462.01,Matched,,,,,,
1383,PAYMENT,2185.54,2185.54,Matched,,,,,,
1384,DEBIT,5655.43,5655.43,Matched,,,,,,
1385,PAYMENT,727.94,727.94,Matched,,,,,,
1386,PAYMENT,7868.9,7868.9,Matched,,,,,,
1387,PAYMENT,4029.56,4029.56,Matched,,,,,,
1388,DEBIT,2637.07,2637.07,Matched,,,,,,
1389,PAYMENT,3129.06,3129.06,Matched,,,,,,
1390,PAYMENT,6899.83,6899.83,Matched,,,,,,
1391,CASH_IN,38366.56,38366.56,Matched,,,,,,
1392,PAYMENT,6778.32,6778.32,Matched,,,,,,
1393,CASH_IN,96015.94,96015.94,Matched,,,,,,
1394,PAYMENT,2304.2,2304.2,Matched,,,,,,
1395,PAYMENT,5575.09,5575.09,Matched,,,,,,
1396,PAYMENT,1667.88,1667.88,Matched,,,,,,
1397,PAYMENT,24659.46,24659.46,Matched,,,,,,
1398,CASH_IN,221557.88,221557.88,Matched,,,,,,
1399,PAYMENT,1117.17,1117.17,Matched,,,,,,
1400,PAYMENT,7731.23,7731.23,Matched,,,,,,
1401,TRANSFER,18561.23,18561.23,Matched,,,,,,
1402,TRANSFER,39069.42,39069.42,Matched,,,,,,
1403,TRANSFER,63186.93,63186.93,Matched,,,,,,
1404,TRANSFER,419757.69,419757.69,Matched,,,,,,
1405,TRANSFER,127920.4,127920.4,Matched,,,,,,
1406,TRANSFER,11136.72,11136.72,Matched,,,,,,
1407,TRANSFER,33782.98,33782.98,Matched,,,,,,
1408,CASH_IN,94726.64,94726.64,Matched,,,,,,
1409,TRANSFER,3776389.09,3776389.09,Matched,,,,,,
1410,TRANSFER,1127058.69,1127058.69,Matched,,,,,,
1411,PAYMENT,17020.69,17020.69,Matched,,,,,,
1412,TRANSFER,112401.53,112401.53,Matched,,,,,,
1413,PAYMENT,6523.19,6523.19,Matched,,,,,,
1414,TRANSFER,668237.36,668237.36,Matched,,,,,,
1415,PAYMENT,1383.56,1383.56,Matched,,,,,,
1416,TRANSFER,789419.02,789419.02,Matched,,,,,,
1417,DEBIT,1580.66,1580.66,Matched,,,,,,
1418,TRANSFER,569068.84,569068.84,Matched,,,,,,
1419,TRANSFER,682894.68,682894.68,Matched,,,,,,
1420,PAYMENT,2466.95,2466.95,Matched,,,,,,
1421,TRANSFER,443116.03,443116.03,Matched,,,,,,
1422,PAYMENT,1017.85,1017.85,Matched,,,,,,
1423,TRANSFER,3942.44,3942.44,Matched,,,,,,
1424,PAYMENT,2270.41,2270.41,Matched,,,,,,
1425,TRANSFER,539430.95,539430.95,Matched,,,,,,
1426,CASH_OUT,102265.88,102265.88,Matched,,,,,,
1427,TRANSFER,598782.65,598782.65,Matched,,,,,,
1428,DEBIT,13758.63,13758.63,Matched,,,,,,
1429,CASH_IN,5221.77,5221.77,Matched,,,,,,
1430,TRANSFER,600581.61,600581.61,Matched,,,,,,
1431,PAYMENT,12256.66,12256.66,Matched,,,,,,
1432,TRANSFER,221297.05,221297.05,Matched,,,,,,
1433,TRANSFER,249592.99,249592.99,Matched,,,,,,
1434,PAYMENT,5170.23,5170.23,Matched,,,,,,
1435,PAYMENT,8553.73,8553.73,Matched,,,,,,
1436,CASH_OUT,9980.32,9980.32,Matched,,,,,,
1437,PAYMENT,11982.62,11982.62,Matched,,,,,,
1438,DEBIT,2763.95,2763.95,Matched,,,,,,
1439,CASH_OUT,265763.02,265763.02,Matched,,,,,,
1440,PAYMENT,2364.01,2364.01,Matched,,,,,,
1441,PAYMENT,1432.47,1432.47,Matched,,,,,,
1442,CASH_OUT,69490.69,69490.69,Matched,,,,,,
1443,PAYMENT,233.76,233.76,Matched,,,,,,
1444,PAYMENT,5437.85,5437.85,Matched,,,,,,
1445,PAYMENT,13259.12,13259.12,Matched,,,,,,
1446,PAYMENT,2364.34,2364.34,Matched,,,,,,
1447,PAYMENT,3984.3,3984.3,Matched,,,,,,
1448,PAYMENT,5630.13,5630.13,Matched,,,,,,
1449,PAYMENT,3903.48,3903.48,Matched,,,,,,
1450,PAYMENT,3399.78,3399.78,Matched,,,,,,
1451,TRANSFER,301298.69,301298.69,Matched,,,,,,
1452,PAYMENT,6623.21,6623.21,Matched,,,,,,
1453,PAYMENT,7883.75,7883.75,Matched,,,,,,
1454,PAYMENT,12429.59,12429.59,Matched,,,,,,
1455,DEBIT,1009.43,1009.43,Matched,,,,,,
1456,PAYMENT,635.55,635.55,Matched,,,,,,
1457,PAYMENT,1639.33,1639.33,Matched,,,,,,
1458,DEBIT,6522.37,6522.37,Matched,,,,,,
1459,PAYMENT,2248.26,2248.26,Matched,,,,,,
1460,PAYMENT,2033.14,2033.14,Matched,,,,,,
1461,PAYMENT,12762.36,12762.36,Matched,,,,,,
1462,PAYMENT,9261.94,9261.94,Matched,,,,,,
1463,TRANSFER,45864.43,45864.43,Matched,,,,,,
1464,PAYMENT,11287.39,11287.39,Matched,,,,,,
1465,PAYMENT,9614.73,9614.73,Matched,,,,,,
1466,PAYMENT,11411.34,11411.34,Matched,,,,,,
1467,PAYMENT,10884.19,10884.19,Matched,,,,,,
1468,CASH_OUT,30308.45,30308.45,Matched,,,,,,
1469,PAYMENT,23.31,23.31,Matched,,,,,,
1470,PAYMENT,1592.5,1592.5,Matched,,,,,,
1471,PAYMENT,1012.84,1012.84,Matched,,,,,,
1472,PAYMENT,613.83,613.83,Matched,,,,,,
1473,PAYMENT,6534.05,6534.05,Matched,,,,,,
1474,PAYMENT,15751.26,15751.26,Matched,,,,,,
1475,PAYMENT,7154.46,7154.46,Matched,,,,,,
1476,PAYMENT,351.26,351.26,Matched,,,,,,
1477,PAYMENT,9460.66,9460.66,Matched,,,,,,
1478,PAYMENT,1091.54,1091.54,Matched,,,,,,
1479,PAYMENT,3734.21,3734.21,Matched,,,,,,
1480,PAYMENT,2552.79,2552.79,Matched,,,,,,
1481,PAYMENT,3193.99,3193.99,Matched,,,,,,
1482,PAYMENT,8403.66,8403.66,Matched,,,,,,
1483,PAYMENT,5912.4,5912.4,Matched,,,,,,
1484,PAYMENT,1849.56,1849.56,Matched,,,,,,
1485,PAYMENT,9945.01,9945.01,Matched,,,,,,
1486,PAYMENT,8009.83,8009.83,Matched,,,,,,
1488,PAYMENT,12491.01,12491.01,Matched,,,,,,
1489,PAYMENT,8625.97,8625.97,Matched,,,,,,
1490,PAYMENT,4099.91,4099.91,Matched,,,,,,
1491,PAYMENT,7889.84,7889.84,Matched,,,,,,
1492,TRANSFER,244964.08,244964.08,Matched,,,,,,
1493,PAYMENT,5923.01,5923.01,Matched,,,,,,
1494,PAYMENT,5169.09,5169.09,Matched,,,,,,
1495,PAYMENT,5663.87,5663.87,Matched,,,,,,
1496,TRANSFER,208376.61,208376.61,Matched,,,,,,
1497,PAYMENT,13496.51,13496.51,Matched,,,,,,
1498,PAYMENT,1892.34,1892.34,Matched,,,,,,
1499,TRANSFER,131033.44,131033.44,Matched,,,,,,
1500,DEBIT,3548.72,3548.72,Matched,,,,,,
1501,TRANSFER,223848.92,223848.92,Matched,,,,,,
1502,PAYMENT,561.01,561.01,Matched,,,,,,
1503,PAYMENT,9273.52,9273.52,Matched,,,,,,
1504,TRANSFER,68332.36,68332.36,Matched,,,,,,
1505,PAYMENT,3218.06,3218.06,Matched,,,,,,
1506,PAYMENT,4522.66,4522.66,Matched,,,,,,
1507,TRANSFER,205368.78,205368.78,Matched,,,,,,
1508,PAYMENT,9731.47,9731.47,Matched,,,,,,
1509,TRANSFER,424141.36,424141.36,Matched,,,,,,
1510,PAYMENT,997.34,997.34,Matched,,,,,,
1511,PAYMENT,4018.12,4018.12,Matched,,,,,,
1512,TRANSFER,373185.07,373185.07,Matched,,,,,,
1513,PAYMENT,3041.43,3041.43,Matched,,,,,,
1514,PAYMENT,698.41,698.41,Matched,,,,,,
1515,TRANSFER,2258388.15,2258388.15,Matched,,,,,,
1516,PAYMENT,7269.74,7269.74,Matched,,,,,,
1517,TRANSFER,250968.18,250968.18,Matched,,,,,,
1518,PAYMENT,8329.3,8329.3,Matched,,,,,,
1519,TRANSFER,19772.53,19772.53,Matched,,,,,,
1520,PAYMENT,2312.71,2312.71,Matched,,,,,,
1521,TRANSFER,43023.82,43023.82,Matched,,,,,,
1522,PAYMENT,7550.29,7550.29,Matched,,,,,,
1523,PAYMENT,17396.31,17396.31,Matched,,,,,,
1524,TRANSFER,1628887.72,1628887.72,Matched,,,,,,
1525,PAYMENT,3876.42,3876.42,Matched,,,,,,
1526,TRANSFER,755499.13,755499.13,Matched,,,,,,
1527,PAYMENT,3835.42,3835.42,Matched,,,,,,
1528,TRANSFER,289203.45,289203.45,Matched,,,,,,
1529,PAYMENT,6376.99,6376.99,Matched,,,,,,
1530,PAYMENT,18792.11,18792.11,Matched,,,,,,
1531,CASH_IN,61505.91,61505.91,Matched,,,,,,
1532,TRANSFER,902485.36,902485.36,Matched,,,,,,
1533,PAYMENT,5983.88,5983.88,Matched,,,,,,
1534,TRANSFER,351854.11,351854.11,Matched,,,,,,
1535,CASH_IN,404167.6,404167.6,Matched,,,,,,
1536,PAYMENT,280.59,280.59,Matched,,,,,,
1537,TRANSFER,605790.2,605790.2,Matched,,,,,,
1538,CASH_IN,57323.56,57323.56,Matched,,,,,,
1539,PAYMENT,5263.67,5263.67,Matched,,,,,,
1540,TRANSFER,353312.93,353312.93,Matched,,,,,,
1541,CASH_IN,68988.21,68988.21,Matched,,,,,,
1542,CASH_IN,176370.68,176370.68,Matched,,,,,,
1543,PAYMENT,27.55,27.55,Matched,,,,,,
1544,TRANSFER,855931.4,855931.4,Matched,,,,,,
1545,CASH_IN,74230.21,74230.21,Matched,,,,,,
1546,CASH_IN,218753.79,218753.79,Matched,,,,,,
1547,CASH_IN,42963.87,42963.87,Matched,,,,,,
1548,TRANSFER,699928.86,699928.86,Matched,,,,,,
1549,CASH_IN,377287.8,377287.8,Matched,,,,,,
1550,CASH_IN,62783.13,62783.13,Matched,,,,,,
1551,CASH_IN,92184.04,92184.04,Matched,,,,,,
1552,PAYMENT,5886.25,5886.25,Matched,,,,,,
1553,CASH_IN,185897.79,185897.79,Matched,,,,,,
1554,CASH_IN,669936.4,669936.4,Matched,,,,,,
1555,TRANSFER,200774.62,200774.62,Matched,,,,,,
1556,CASH_IN,173842.23,173842.23,Matched,,,,,,
1557,CASH_IN,43198.52,43198.52,Matched,,,,,,
1558,DEBIT,1088.94,1088.94,Matched,,,,,,
1559,CASH_IN,31646.31,31646.31,Matched,,,,,,
1560,CASH_IN,171683.57,171683.57,Matched,,,,,,
1561,PAYMENT,3500,3500,Matched,,,,,,
1562,CASH_IN,48134.99,48134.99,Matched,,,,,,
1563,CASH_IN,34784.78,34784.78,Matched,,,,,,
1564,CASH_IN,521419.58,521419.58,Matched,,,,,,
1565,CASH_IN,229982.47,229982.47,Matched,,,,,,
1566,TRANSFER,109552.96,109552.96,Matched,,,,,,
1567,CASH_IN,209859.04,209859.04,Matched,,,,,,
1568,CASH_IN,216806.48,216806.48,Matched,,,,,,
1569,CASH_IN,61650.32,61650.32,Matched,,,,,,
1570,CASH_IN,117257.18,117257.18,Matched,,,,,,
1571,CASH_IN,90956.1,90956.1,Matched,,,,,,
1572,CASH_IN,235362.23,235362.23,Matched,,,,,,
1573,CASH_IN,174413.77,174413.77,Matched,,,,,,
1574,CASH_IN,120556.62,120556.62,Matched,,,,,,
1575,CASH_IN,72897.92,72897.92,Matched,,,,,,
1576,CASH_IN,327686.42,327686.42,Matched,,,,,,
1577,CASH_IN,475857.13,475857.13,Matched,,,,,,
1578,CASH_IN,82564.24,82564.24,Matched,,,,,,
1579,CASH_IN,348463.93,348463.93,Matched,,,,,,
1580,CASH_IN,63764.9,63764.9,Matched,,,,,,
1581,CASH_IN,239510.08,239510.08,Matched,,,,,,
1582,CASH_IN,137209.38,137209.38,Matched,,,,,,
1583,CASH_IN,183074.81,183074.81,Matched,,,,,,
1584,CASH_IN,50938.65,50938.65,Matched,,,,,,
1585,TRANSFER,59531.87,59531.87,Matched,,,,,,
1586,CASH_IN,279846.24,279846.24,Matched,,,,,,
1587,CASH_IN,223744.8,223744.8,Matched,,,,,,
1588,CASH_IN,288438,288438,Matched,,,,,,
1589,TRANSFER,133637.07,133637.07,Matched,,,,,,
1590,CASH_IN,159270.52,159270.52,Matched,,,,,,
1591,CASH_IN,46179.38,46179.38,Matched,,,,,,
1592,PAYMENT,10349.31,10349.31,Matched,,,,,,
1593,TRANSFER,75752.73,75752.73,Matched,,,,,,
1594,CASH_IN,19872.97,19872.97,Matched,,,,,,
1595,CASH_IN,91611.03,91611.03,Matched,,,,,,
1596,PAYMENT,7672.12,7672.12,Matched,,,,,,
1597,TRANSFER,100362.16,100362.16,Matched,,,,,,
1598,CASH_IN,203283.36,203283.36,Matched,,,,,,
1599,CASH_IN,128022.19,128022.19,Matched,,,,,,
1600,PAYMENT,1203.13,1203.13,Matched,,,,,,
1601,CASH_IN,37475.31,37475.31,Matched,,,,,,
1602,TRANSFER,191177.92,191177.92,Matched,,,,,,
1603,CASH_IN,157949.72,157949.72,Matched,,,,,,
1604,PAYMENT,1635.86,1635.86,Matched,,,,,,
1605,CASH_IN,151764.65,151764.65,Matched,,,,,,
1606,TRANSFER,435589.96,435589.96,Matched,,,,,,
1607,PAYMENT,5072.52,5072.52,Matched,,,,,,
1608,CASH_IN,72311.62,72311.62,Matched,,,,,,
1609,TRANSFER,1950.77,1950.77,Matched,,,,,,
1610,PAYMENT,3176.52,3176.52,Matched,,,,,,
1611,CASH_IN,198443.49,198443.49,Matched,,,,,,
1612,TRANSFER,2223005.62,2223005.62,Matched,,,,,,
1613,PAYMENT,2891.7,2891.7,Matched,,,,,,
1614,TRANSFER,902505.61,902505.61,Matched,,,,,,
1615,CASH_IN,532111.14,532111.14,Matched,,,,,,
1616,PAYMENT,1557.98,1557.98,Matched,,,,,,
1617,TRANSFER,1201716.66,1201716.66,Matched,,,,,,
1618,CASH_IN,839300.36,839300.36,Matched,,,,,,
1619,CASH_IN,26516.56,26516.56,Matched,,,,,,
1620,TRANSFER,494972.01,494972.01,Matched,,,,,,
1621,PAYMENT,19316.5,19316.5,Matched,,,,,,
1622,CASH_IN,11436.9,11436.9,Matched,,,,,,
1623,CASH_IN,105647.45,105647.45,Matched,,,,,,
1624,PAYMENT,8212.99,8212.99,Matched,,,,,,
1625,CASH_IN,37554.62,37554.62,Matched,,,,,,
1626,CASH_IN,61858.19,61858.19,Matched,,,,,,
1627,PAYMENT,5284.56,5284.56,Matched,,,,,,
1628,CASH_IN,33499.16,33499.16,Matched,,,,,,
1629,CASH_IN,245041.35,245041.35,Matched,,,,,,
1630,PAYMENT,16265.77,16265.77,Matched,,,,,,
1631,CASH_IN,283308,283308,Matched,,,,,,
1632,CASH_IN,42922.81,42922.81,Matched,,,,,,
1633,PAYMENT,14054.64,14054.64,Matched,,,,,,
1634,CASH_IN,147844.59,147844.59,Matched,,,,,,
1635,CASH_IN,137465.55,137465.55,Matched,,,,,,
1636,CASH_IN,65525.9,65525.9,Matched,,,,,,
1637,CASH_IN,170207.14,170207.14,Matched,,,,,,
1638,CASH_IN,10844.67,10844.67,Matched,,,,,,
1639,CASH_IN,18513.77,18513.77,Matched,,,,,,
1640,CASH_IN,455440.65,455440.65,Matched,,,,,,
1641,CASH_IN,135327.21,135327.21,Matched,,,,,,
1642,CASH_IN,199318.34,199318.34,Matched,,,,,,
1643,PAYMENT,11334.96,11334.96,Matched,,,,,,
1644,CASH_IN,211094.41,211094.41,Matched,,,,,,
1645,CASH_IN,26295.3,26295.3,Matched,,,,,,
1646,PAYMENT,3283.87,3283.87,Matched,,,,,,
1647,PAYMENT,12445.65,12445.65,Matched,,,,,,
1648,CASH_IN,189595.83,189595.83,Matched,,,,,,
1649,CASH_IN,111549.83,111549.83,Matched,,,,,,
1651,CASH_IN,66413.56,66413.56,Matched,,,,,,
1652,CASH_IN,56912.01,56912.01,Matched,,,,,,
1653,TRANSFER,27008.84,27008.84,Matched,,,,,,
1654,PAYMENT,4552.47,4552.47,Matched,,,,,,
1655,CASH_IN,414285.51,414285.51,Matched,,,,,,
1656,DEBIT,1285.04,1285.04,Matched,,,,,,
1657,TRANSFER,331545.25,331545.25,Matched,,,,,,
1658,CASH_IN,298109.36,298109.36,Matched,,,,,,
1659,PAYMENT,7627.89,7627.89,Matched,,,,,,
1660,TRANSFER,42529.28,42529.28,Matched,,,,,,
1661,CASH_IN,269736.99,269736.99,Matched,,,,,,
1662,PAYMENT,846.91,846.91,Matched,,,,,,
1663,TRANSFER,252129.73,252129.73,Matched,,,,,,
1664,CASH_IN,18622.16,18622.16,Matched,,,,,,
1665,PAYMENT,42,42,Matched,,,,,,
1666,TRANSFER,206336.47,206336.47,Matched,,,,,,
1667,TRANSFER,473469.94,473469.94,Matched,,,,,,
1668,CASH_IN,183816.31,183816.31,Matched,,,,,,
1669,PAYMENT,10685.2,10685.2,Matched,,,,,,
1670,PAYMENT,689.85,689.85,Matched,,,,,,
1671,TRANSFER,2317408.88,2317408.88,Matched,,,,,,
1672,CASH_IN,143405.8,143405.8,Matched,,,,,,
1673,PAYMENT,5778.99,5778.99,Matched,,,,,,
1674,DEBIT,9837.13,9837.13,Matched,,,,,,
1675,PAYMENT,449.97,449.97,Matched,,,,,,
1676,PAYMENT,9463.48,9463.48,Matched,,,,,,
1677,PAYMENT,7366.3,7366.3,Matched,,,,,,
1678,PAYMENT,2743.55,2743.55,Matched,,,,,,
1679,PAYMENT,10810.73,10810.73,Matched,,,,,,
1680,PAYMENT,6456.26,6456.26,Matched,,,,,,
1681,TRANSFER,864389.49,864389.49,Matched,,,,,,
1682,PAYMENT,1548.73,1548.73,Matched,,,,,,
1683,CASH_OUT,96833.52,96833.52,Matched,,,,,,
1684,TRANSFER,276094.92,276094.92,Matched,,,,,,
1685,PAYMENT,5935.34,5935.34,Matched,,,,,,
1686,PAYMENT,4828.43,4828.43,Matched,,,,,,
1687,PAYMENT,1146.72,1146.72,Matched,,,,,,
1688,PAYMENT,8539.76,8539.76,Matched,,,,,,
1689,TRANSFER,132355.33,132355.33,Matched,,,,,,
1690,PAYMENT,1737.12,1737.12,Matched,,,,,,
1691,PAYMENT,13812.23,13812.23,Matched,,,,,,
1692,DEBIT,1703.38,1703.38,Matched,,,,,,
1693,PAYMENT,1089.31,1089.31,Matched,,,,,,
1694,PAYMENT,7566.04,7566.04,Matched,,,,,,
1695,CASH_OUT,332573.12,332573.12,Matched,,,,,,
1696,PAYMENT,5237.7,5237.7,Matched,,,,,,
1697,PAYMENT,3364.48,3364.48,Matched,,,,,,
1698,PAYMENT,186.33,186.33,Matched,,,,,,
1699,PAYMENT,1889.41,1889.41,Matched,,,,,,
1700,PAYMENT,10425.95,10425.95,Matched,,,,,,
1701,TRANSFER,169106.97,169106.97,Matched,,,,,,
1702,PAYMENT,4764.33,4764.33,Matched,,,,,,
1703,PAYMENT,2685.44,2685.44,Matched,,,,,,
1704,TRANSFER,2604219.11,2604219.11,Matched,,,,,,
1705,PAYMENT,9632.45,9632.45,Matched,,,,,,
1706,PAYMENT,1238.08,1238.08,Matched,,,,,,
1707,PAYMENT,13812.46,13812.46,Matched,,,,,,
1708,TRANSFER,249740.75,249740.75,Matched,,,,,,
1709,PAYMENT,1573.42,1573.42,Matched,,,,,,
1710,PAYMENT,17994.24,17994.24,Matched,,,,,,
1711,DEBIT,6159.72,6159.72,Matched,,,,,,
1712,PAYMENT,9125.93,9125.93,Matched,,,,,,
1713,PAYMENT,6396.49,6396.49,Matched,,,,,,
1714,DEBIT,11711.1,11711.1,Matched,,,,,,
1715,PAYMENT,7977.96,7977.96,Matched,,,,,,
1716,TRANSFER,119352.09,119352.09,Matched,,,,,,
1717,PAYMENT,2380.21,2380.21,Matched,,,,,,
1718,PAYMENT,5881.78,5881.78,Matched,,,,,,
1719,PAYMENT,7848.22,7848.22,Matched,,,,,,
1720,CASH_OUT,139754.72,139754.72,Matched,,,,,,
1721,TRANSFER,221452.04,221452.04,Matched,,,,,,
1722,PAYMENT,1461.06,1461.06,Matched,,,,,,
1723,PAYMENT,7625.73,7625.73,Matched,,,,,,
1724,TRANSFER,354832.51,354832.51,Matched,,,,,,
1725,PAYMENT,8787.63,8787.63,Matched,,,,,,
1726,DEBIT,4242.85,4242.85,Matched,,,,,,
1727,PAYMENT,3499.43,3499.43,Matched,,,,,,
1728,PAYMENT,3677.29,3677.29,Matched,,,,,,
1729,DEBIT,2261.24,2261.24,Matched,,,,,,
1730,PAYMENT,2724.24,2724.24,Matched,,,,,,
1731,PAYMENT,16749.98,16749.98,Matched,,,,,,
1732,DEBIT,642.26,642.26,Matched,,,,,,
1733,DEBIT,2807.73,2807.73,Matched,,,,,,
1734,DEBIT,2344.79,2344.79,Matched,,,,,,
1735,PAYMENT,10142.56,10142.56,Matched,,,,,,
1736,CASH_OUT,41295.56,41295.56,Matched,,,,,,
1737,PAYMENT,8525.08,8525.08,Matched,,,,,,
1738,TRANSFER,182385.22,182385.22,Matched,,,,,,
1739,CASH_OUT,13576.03,13576.03,Matched,,,,,,
1740,CASH_OUT,29572.74,29572.74,Matched,,,,,,
1741,PAYMENT,15640.06,15640.06,Matched,,,,,,
1742,PAYMENT,4448.53,4448.53,Matched,,,,,,
1743,CASH_OUT,53569.21,53569.21,Matched,,,,,,
1744,CASH_IN,58408.09,58408.09,Matched,,,,,,
1745,CASH_OUT,139247.62,139247.62,Matched,,,,,,
1746,PAYMENT,141.87,141.87,Matched,,,,,,
1747,CASH_OUT,60360.45,60360.45,Matched,,,,,,
1748,PAYMENT,793.64,793.64,Matched,,,,,,
1749,CASH_OUT,161795.9,161795.9,Matched,,,,,,
1750,CASH_OUT,98247.27,98247.27,Matched,,,,,,
1751,CASH_OUT,607537.17,607537.17,Matched,,,,,,
1752,PAYMENT,7315.54,7315.54,Matched,,,,,,
1753,CASH_OUT,254399.35,254399.35,Matched,,,,,,
1754,PAYMENT,4247.14,4247.14,Matched,,,,,,
1755,DEBIT,1533.55,1533.55,Matched,,,,,,
1756,CASH_OUT,427823.47,427823.47,Matched,,,,,,
1757,DEBIT,3256.43,3256.43,Matched,,,,,,
1758,PAYMENT,4504.48,4504.48,Matched,,,,,,
1759,CASH_OUT,16662.21,16662.21,Matched,,,,,,
1760,PAYMENT,3599.77,3599.77,Matched,,,,,,
1761,PAYMENT,4591.98,4591.98,Matched,,,,,,
1762,PAYMENT,3051.76,3051.76,Matched,,,,,,
1763,CASH_OUT,173570.67,173570.67,Matched,,,,,,
1764,PAYMENT,6831.38,6831.38,Matched,,,,,,
1765,PAYMENT,5567.55,5567.55,Matched,,,,,,
1766,PAYMENT,5675.84,5675.84,Matched,,,,,,
1767,CASH_OUT,54684.17,54684.17,Matched,,,,,,
1768,PAYMENT,2419.45,2419.45,Matched,,,,,,
1769,PAYMENT,4213.36,4213.36,Matched,,,,,,
1770,DEBIT,194.4,194.4,Matched,,,,,,
1771,CASH_OUT,87963.9,87963.9,Matched,,,,,,
1772,PAYMENT,3970.45,3970.45,Matched,,,,,,
1773,CASH_OUT,94740.26,94740.26,Matched,,,,,,
1774,PAYMENT,8176.58,8176.58,Matched,,,,,,
1775,CASH_OUT,565349.9,565349.9,Matched,,,,,,
1776,DEBIT,4497.03,4497.03,Matched,,,,,,
1777,PAYMENT,4074.17,4074.17,Matched,,,,,,
1778,TRANSFER,301706.01,301706.01,Matched,,,,,,
1779,PAYMENT,13695.83,13695.83,Matched,,,,,,
1780,PAYMENT,3065.41,3065.41,Matched,,,,,,
1781,CASH_OUT,94527.39,94527.39,Matched,,,,,,
1782,PAYMENT,8092.22,8092.22,Matched,,,,,,
1783,TRANSFER,229316.19,229316.19,Matched,,,,,,
1784,CASH_OUT,315552.62,315552.62,Matched,,,,,,
1785,CASH_OUT,286803.5,286803.5,Matched,,,,,,
1786,DEBIT,1898.84,1898.84,Matched,,,,,,
1787,CASH_OUT,48169.69,48169.69,Matched,,,,,,
1788,PAYMENT,3620.25,3620.25,Matched,,,,,,
1789,PAYMENT,652.67,652.67,Matched,,,,,,
1790,PAYMENT,1795.14,1795.14,Matched,,,,,,
1791,CASH_OUT,153952.87,153952.87,Matched,,,,,,
1792,CASH_OUT,118753.07,118753.07,Matched,,,,,,
1793,PAYMENT,5088.99,5088.99,Matched,,,,,,
1794,PAYMENT,6577.3,6577.3,Matched,,,,,,
1795,PAYMENT,1335.03,1335.03,Matched,,,,,,
1796,CASH_OUT,106705.8,106705.8,Matched,,,,,,
1797,PAYMENT,9305.93,9305.93,Matched,,,,,,
1798,CASH_OUT,328967.35,328967.35,Matched,,,,,,
1799,TRANSFER,498178.68,498178.68,Matched,,,,,,
1800,CASH_OUT,55855.58,55855.58,Matched,,,,,,
1801,PAYMENT,1897.66,1897.66,Matched,,,,,,
1802,CASH_OUT,370751.08,370751.08,Matched,,,,,,
1803,PAYMENT,1033.44,1023.11,Amount Mismatch,,,,,,
1804,CASH_OUT,49177.38,49177.38,Matched,,,,,,
1805,PAYMENT,96.32,96.32,Matched,,,,,,
1806,PAYMENT,1252.27,1252.27,Matched,,,,,,
1807,CASH_OUT,63557.19,63557.19,Matched,,,,,,
1808,TRANSFER,412906.88,412906.88,Matched,,,,,,
1809,PAYMENT,4911.89,4911.89,Matched,,,,,,
1810,CASH_OUT,33663.22,33663.22,Matched,,,,,,
1811,TRANSFER,288638.46,288638.46,Matched,,,,,,
1812,DEBIT,9755.38,9755.38,Matched,,,,,,
1813,CASH_OUT,20986.8,20986.8,Matched,,,,,,
1814,PAYMENT,2918.83,2918.83,Matched,,,,,,
1815,TRANSFER,300932.58,300932.58,Matched,,,,,,
1816,CASH_OUT,301680.88,301680.88,Matched,,,,,,
1817,PAYMENT,4852.65,4852.65,Matched,,,,,,
1818,PAYMENT,1246.74,1246.74,Matched,,,,,,
1819,TRANSFER,47940.14,47940.14,Matched,,,,,,
1820,CASH_OUT,9320.15,9320.15,Matched,,,,,,
1821,PAYMENT,13343.47,13343.47,Matched,,,,,,
1822,PAYMENT,1527.08,1527.08,Matched,,,,,,
1823,TRANSFER,118365.47,118365.47,Matched,,,,,,
1824,CASH_OUT,241488.05,241488.05,Matched,,,,,,
1825,DEBIT,1672.55,1672.55,Matched,,,,,,
1826,TRANSFER,16626.81,16626.81,Matched,,,,,,
1827,TRANSFER,38829.9,38829.9,Matched,,,,,,
1828,CASH_OUT,60850.8,60850.8,Matched,,,,,,
1829,PAYMENT,1020.89,1020.89,Matched,,,,,,
1830,TRANSFER,96757.4,96757.4,Matched,,,,,,
1831,PAYMENT,749.26,749.26,Matched,,,,,,
1832,CASH_OUT,476934.35,476934.35,Matched,,,,,,
1833,PAYMENT,4440.79,4440.79,Matched,,,,,,
1834,TRANSFER,297448.33,297448.33,Matched,,,,,,
1835,PAYMENT,2560.3,2560.3,Matched,,,,,,
1836,PAYMENT,12271.39,12271.39,Matched,,,,,,
1837,TRANSFER,287509.05,287509.05,Matched,,,,,,
1838,TRANSFER,383736.31,383736.31,Matched,,,,,,
1839,TRANSFER,379953.15,379953.15,Matched,,,,,,
1840,TRANSFER,1212719.61,1212719.61,Matched,,,,,,
1841,PAYMENT,9198.49,9198.49,Matched,,,,,,
1842,DEBIT,917.38,917.38,Matched,,,,,,
1843,TRANSFER,210650.2,210650.2,Matched,,,,,,
1844,PAYMENT,6905.9,6905.9,Matched,,,,,,
1845,TRANSFER,1636507.63,1636507.63,Matched,,,,,,
1846,PAYMENT,3611.72,3611.72,Matched,,,,,,
1847,TRANSFER,651387.84,651387.84,Matched,,,,,,
1848,PAYMENT,8949.54,8949.54,Matched,,,,,,
1849,TRANSFER,548288.31,548288.31,Matched,,,,,,
1850,CASH_OUT,598674.03,598674.03,Matched,,,,,,
1851,PAYMENT,2193.94,2193.94,Matched,,,,,,
1852,TRANSFER,2107293.71,2107293.71,Matched,,,,,,
1853,CASH_OUT,135357.16,135357.16,Matched,,,,,,
1854,PAYMENT,9479.66,9479.66,Matched,,,,,,
1855,TRANSFER,1918461.7,1918461.7,Matched,,,,,,
1856,CASH_OUT,422125.99,422125.99,Matched,,,,,,
1857,PAYMENT,10757.7,10757.7,Matched,,,,,,
1858,TRANSFER,291753.7,291753.7,Matched,,,,,,
1859,CASH_OUT,57643.24,57643.24,Matched,,,,,,
1860,PAYMENT,18832.61,18832.61,Matched,,,,,,
1861,PAYMENT,6259.18,6259.18,Matched,,,,,,
1862,TRANSFER,556542.19,556542.19,Matched,,,,,,
1863,PAYMENT,11261.67,11261.67,Matched,,,,,,
1864,PAYMENT,11468.9,11468.9,Matched,,,,,,
1865,PAYMENT,7003.44,7003.44,Matched,,,,,,
1866,TRANSFER,416106.78,416106.78,Matched,,,,,,
1867,TRANSFER,138647.54,138647.54,Matched,,,,,,
1868,PAYMENT,6872.19,6872.19,Matched,,,,,,
1869,PAYMENT,4447.55,4447.55,Matched,,,,,,
1870,DEBIT,3870.28,3870.28,Matched,,,,,,
1871,PAYMENT,911.27,911.27,Matched,,,,,,
1872,TRANSFER,25071.46,25071.46,Matched,,,,,,
1873,PAYMENT,4627.42,4627.42,Matched,,,,,,
1874,PAYMENT,7694.63,7694.63,Matched,,,,,,
1875,CASH_OUT,25071.46,25071.46,Matched,,,,,,
1876,PAYMENT,2517.79,2517.79,Matched,,,,,,
1877,DEBIT,588.33,588.33,Matched,,,,,,
1878,PAYMENT,11353.99,11353.99,Matched,,,,,,
1879,PAYMENT,3239.95,3239.95,Matched,,,,,,
1880,CASH_OUT,100939.43,100939.43,Matched,,,,,,
1881,PAYMENT,3559.49,3559.49,Matched,,,,,,
1882,PAYMENT,6683.73,6683.73,Matched,,,,,,
1883,PAYMENT,10286.48,10286.48,Matched,,,,,,
1884,DEBIT,3455.98,3455.98,Matched,,,,,,
1885,PAYMENT,2488.09,2488.09,Matched,,,,,,
1886,PAYMENT,2011.81,2011.81,Matched,,,,,,
1887,PAYMENT,1068.45,1068.45,Matched,,,,,,
1888,PAYMENT,353.9,353.9,Matched,,,,,,
1889,PAYMENT,9520.02,9520.02,Matched,,,,,,
1890,DEBIT,454.51,454.51,Matched,,,,,,
1891,PAYMENT,8440.86,8440.86,Matched,,,,,,
1892,PAYMENT,4273.56,4273.56,Matched,,,,,,
1893,TRANSFER,302665.03,302665.03,Matched,,,,,,
1894,PAYMENT,9160.94,9160.94,Matched,,,,,,
1895,CASH_OUT,26844.84,26844.84,Matched,,,,,,
1896,PAYMENT,11063.08,11063.08,Matched,,,,,,
1897,PAYMENT,885.95,885.95,Matched,,,,,,
1898,PAYMENT,18392.23,18392.23,Matched,,,,,,
1899,PAYMENT,634.41,634.41,Matched,,,,,,
1900,PAYMENT,4137.89,4137.89,Matched,,,,,,
1901,PAYMENT,2357.63,2357.63,Matched,,,,,,
1902,CASH_OUT,58516.68,58516.68,Matched,,,,,,
1903,PAYMENT,5504.59,5504.59,Matched,,,,,,
1904,PAYMENT,5157.05,5157.05,Matched,,,,,,
1905,PAYMENT,5077.6,5077.6,Matched,,,,,,
1906,PAYMENT,5746.44,5746.44,Matched,,,,,,
1907,PAYMENT,3780.15,3780.15,Matched,,,,,,
1908,PAYMENT,4471.34,4471.34,Matched,,,,,,
1909,PAYMENT,5607.36,5607.36,Matched,,,,,,
1910,PAYMENT,3504.75,3504.75,Matched,,,,,,
1911,PAYMENT,6525.58,6525.58,Matched,,,,,,
1912,PAYMENT,6360.79,6360.79,Matched,,,,,,
1913,PAYMENT,2716.67,2716.67,Matched,,,,,,
1914,CASH_IN,67200.07,67200.07,Matched,,,,,,
1915,PAYMENT,12749.19,12749.19,Matched,,,,,,
1916,PAYMENT,4219.94,4219.94,Matched,,,,,,
1917,PAYMENT,2453.34,2453.34,Matched,,,,,,
1918,PAYMENT,7652.07,7652.07,Matched,,,,,,
1919,PAYMENT,5831.05,5831.05,Matched,,,,,,
1920,PAYMENT,79.26,79.26,Matched,,,,,,
1921,PAYMENT,4261.17,4261.17,Matched,,,,,,
1922,CASH_OUT,450465.15,450465.15,Matched,,,,,,
1923,PAYMENT,3758.16,3758.16,Matched,,,,,,
1924,PAYMENT,9855.36,9855.36,Matched,,,,,,
1925,PAYMENT,6146.81,6146.81,Matched,,,,,,
1926,PAYMENT,17540.66,17540.66,Matched,,,,,,
1927,PAYMENT,24495.45,24495.45,Matched,,,,,,
1928,PAYMENT,10726.49,10726.49,Matched,,,,,,
1929,DEBIT,4479.63,4479.63,Matched,,,,,,
1930,CASH_IN,2673.64,2673.64,Matched,,,,,,
1931,PAYMENT,1284.49,1284.49,Matched,,,,,,
1932,PAYMENT,1833.22,1833.22,Matched,,,,,,
1933,PAYMENT,4215.08,4215.08,Matched,,,,,,
1934,CASH_OUT,144659.77,144659.77,Matched,,,,,,
1935,TRANSFER,34115.82,34115.82,Matched,,,,,,
1936,PAYMENT,3468.74,3468.74,Matched,,,,,,
1937,CASH_OUT,53094.17,53094.17,Matched,,,,,,
1938,PAYMENT,2210.66,2210.66,Matched,,,,,,
1939,PAYMENT,244.09,244.09,Matched,,,,,,
1940,CASH_OUT,43721.1,43721.1,Matched,,,,,,
1941,PAYMENT,137.88,137.88,Matched,,,,,,
1942,TRANSFER,22190.99,22190.99,Matched,,,,,,
1943,CASH_OUT,119537.32,119537.32,Matched,,,,,,
1944,CASH_IN,168451.53,168451.53,Matched,,,,,,
1945,CASH_OUT,33349.84,33349.84,Matched,,,,,,
1946,PAYMENT,7155.31,7155.31,Matched,,,,,,
1947,CASH_IN,187256.62,187256.62,Matched,,,,,,
1948,CASH_IN,123545.77,123545.77,Matched,,,,,,
1949,PAYMENT,2432.88,2432.88,Matched,,,,,,
1950,CASH_OUT,335979.26,335979.26,Matched,,,,,,
1951,CASH_IN,629989.76,629989.76,Matched,,,,,,
1952,CASH_IN,28463.91,28463.91,Matched,,,,,,
1953,PAYMENT,9021.44,9021.44,Matched,,,,,,
1954,CASH_OUT,183842.53,183842.53,Matched,,,,,,
1955,CASH_IN,29025.9,29025.9,Matched,,,,,,
1956,CASH_IN,42012.45,42012.45,Matched,,,,,,
1957,PAYMENT,4476.2,4476.2,Matched,,,,,,
1958,CASH_OUT,286737.98,286737.98,Matched,,,,,,
1959,CASH_IN,27948.65,27948.65,Matched,,,,,,
1960,CASH_IN,170686.08,170686.08,Matched,,,,,,
1961,PAYMENT,14546.65,14546.65,Matched,,,,,,
1962,CASH_OUT,472609.82,472609.82,Matched,,,,,,
1963,CASH_IN,91223.06,91223.06,Matched,,,,,,
1964,CASH_IN,283561.25,283561.25,Matched,,,,,,
1965,TRANSFER,272709.33,272709.33,Matched,,,,,,
1966,CASH_OUT,271982.1,271982.1,Matched,,,,,,
1967,CASH_IN,62684.91,62684.91,Matched,,,,,,
1968,CASH_IN,215742.75,215742.75,Matched,,,,,,
1969,PAYMENT,7669.42,7669.42,Matched,,,,,,
1970,CASH_OUT,154611.64,154611.64,Matched,,,,,,
1971,CASH_IN,355252.74,355252.74,Matched,,,,,,
1972,CASH_IN,56869.53,56869.53,Matched,,,,,,
1973,CASH_OUT,14750.26,14750.26,Matched,,,,,,
1974,CASH_OUT,125275,125275,Matched,,,,,,
1975,CASH_IN,374419.58,374419.58,Matched,,,,,,
1976,CASH_IN,13553.79,13553.79,Matched,,,,,,
1977,CASH_OUT,107421.26,107421.26,Matched,,,,,,
1978,CASH_OUT,443200.31,443200.31,Matched,,,,,,
1979,CASH_IN,71151.31,71151.31,Matched,,,,,,
1980,CASH_IN,192461.6,192461.6,Matched,,,,,,
1981,CASH_OUT,36448.64,36448.64,Matched,,,,,,
1982,CASH_IN,66358.89,66358.89,Matched,,,,,,
1983,CASH_IN,357220.77,357220.77,Matched,,,,,,
1984,CASH_OUT,12939.66,12939.66,Matched,,,,,,
1985,CASH_IN,346761.87,346761.87,Matched,,,,,,
1986,CASH_IN,32726.88,32726.88,Matched,,,,,,
1987,CASH_OUT,198137.4,198137.4,Matched,,,,,,
1988,CASH_IN,291839.31,291839.31,Matched,,,,,,
1989,CASH_IN,28212.4,28212.4,Matched,,,,,,
1990,CASH_IN,285578.26,285578.26,Matched,,,,,,
1991,CASH_IN,360997.83,360997.83,Matched,,,,,,
1992,CASH_IN,398354.37,398354.37,Matched,,,,,,
1993,CASH_IN,112637.63,112637.63,Matched,,,,,,
1994,CASH_OUT,256481.43,256481.43,Matched,,,,,,
1995,CASH_IN,141632.37,141632.37,Matched,,,,,,
1996,CASH_IN,162591.2,162591.2,Matched,,,,,,
1997,CASH_IN,332359.2,332359.2,Matched,,,,,,
1998,CASH_OUT,236277.01,236277.01,Matched,,,,,,
1999,CASH_IN,193448.55,193448.55,Matched,,,,,,
2000,CASH_OUT,112193.65,112193.65,Matched,,,,,,
2002,PAYMENT,7071.77,7071.77,Matched,,,,,,
2003,CASH_IN,334092.55,334092.55,Matched,,,,,,
2004,CASH_OUT,40030.78,40030.78,Matched,,,,,,
2005,CASH_IN,131011.3,131011.3,Matched,,,,,,
2006,PAYMENT,6511.48,6511.48,Matched,,,,,,
2007,CASH_IN,90380.34,90380.34,Matched,,,,,,
2008,CASH_IN,215798,215798,Matched,,,,,,
2009,PAYMENT,8592.89,8592.89,Matched,,,,,,
2010,CASH_IN,65236.81,65236.81,Matched,,,,,,
2011,DEBIT,2356.99,2356.99,Matched,,,,,,
2012,CASH_IN,65934.11,65934.11,Matched,,,,,,
2013,CASH_IN,336237.38,336237.38,Matched,,,,,,
2014,CASH_OUT,287126.39,287126.39,Matched,,,,,,
2015,CASH_IN,293530.31,293530.31,Matched,,,,,,
2016,PAYMENT,7363.65,7363.65,Matched,,,,,,
2017,CASH_IN,160053.19,160053.19,Matched,,,,,,
2018,CASH_IN,551607.7,551607.7,Matched,,,,,,
2019,PAYMENT,4613.1,4613.1,Matched,,,,,,
2020,CASH_IN,80448.13,80448.13,Matched,,,,,,
2021,CASH_IN,286279.93,286279.93,Matched,,,,,,
2022,PAYMENT,3787.43,3787.43,Matched,,,,,,
2023,CASH_IN,58447.8,58447.8,Matched,,,,,,
2024,PAYMENT,3879.16,3879.16,Matched,,,,,,
2025,CASH_IN,36860.96,36860.96,Matched,,,,,,
2026,PAYMENT,10543.05,10543.05,Matched,,,,,,
2027,CASH_IN,158483.1,158483.1,Matched,,,,,,
2028,CASH_IN,99295.78,99295.78,Matched,,,,,,
2029,PAYMENT,10719.85,10719.85,Matched,,,,,,
2030,CASH_IN,49031.62,49031.62,Matched,,,,,,
2031,CASH_IN,240680.1,240680.1,Matched,,,,,,
2032,PAYMENT,3857.29,3857.29,Matched,,,,,,
2033,CASH_IN,134469.08,134469.08,Matched,,,,,,
2034,CASH_IN,42198.41,42198.41,Matched,,,,,,
2035,PAYMENT,7028.85,7028.85,Matched,,,,,,
2036,CASH_IN,265098.67,265098.67,Matched,,,,,,
2037,CASH_IN,280403.82,280403.82,Matched,,,,,,
2038,CASH_IN,65591.87,65591.87,Matched,,,,,,
2039,PAYMENT,2402.16,2402.16,Matched,,,,,,
2040,CASH_IN,266803.57,266803.57,Matched,,,,,,
2041,CASH_IN,421555.71,421555.71,Matched,,,,,,
2042,PAYMENT,3375.94,3375.94,Matched,,,,,,
2043,CASH_IN,616461.19,616461.19,Matched,,,,,,
2044,CASH_IN,150550.59,150550.59,Matched,,,,,,
2045,PAYMENT,8999.94,8999.94,Matched,,,,,,
2046,CASH_IN,80487.01,80487.01,Matched,,,,,,
2047,CASH_IN,83153.23,83153.23,Matched,,,,,,
2049,CASH_IN,269603.45,269603.45,Matched,,,,,,
2050,CASH_IN,50137.65,50137.65,Matched,,,,,,
2051,CASH_IN,188071.25,188071.25,Matched,,,,,,
2052,CASH_IN,474447.95,474447.95,Matched,,,,,,
2053,CASH_IN,263590.95,263590.95,Matched,,,,,,
2054,CASH_IN,70139.43,70139.43,Matched,,,,,,
2055,CASH_IN,373152.4,373152.4,Matched,,,,,,
2056,CASH_IN,201342.13,201342.13,Matched,,,,,,
2057,CASH_OUT,207283.84,207283.84,Matched,,,,,,
2058,CASH_IN,121854.66,121854.66,Matched,,,,,,
2059,PAYMENT,2562.66,2562.66,Matched,,,,,,
2060,CASH_IN,28625.92,28625.92,Matched,,,,,,
2061,CASH_OUT,141648.13,141648.13,Matched,,,,,,
2062,CASH_IN,31657.28,31657.28,Matched,,,,,,
2063,PAYMENT,8480.48,8480.48,Matched,,,,,,
2064,CASH_IN,125492.59,125492.59,Matched,,,,,,
2065,CASH_OUT,361980.67,361980.67,Matched,,,,,,
2066,CASH_IN,428248.35,428248.35,Matched,,,,,,
2067,PAYMENT,9471.15,9471.15,Matched,,,,,,
2068,CASH_IN,82550.39,82550.39,Matched,,,,,,
2069,CASH_OUT,614317.64,614317.64,Matched,,,,,,
2070,CASH_IN,323406.83,323406.83,Matched,,,,,,
2071,PAYMENT,2569.57,2569.57,Matched,,,,,,
2072,CASH_IN,114275.55,114275.55,Matched,,,,,,
2073,CASH_OUT,233255.73,233255.73,Matched,,,,,,
2074,CASH_IN,258938.11,258938.11,Matched,,,,,,
2075,PAYMENT,4470.38,4470.38,Matched,,,,,,
2076,CASH_IN,43906.79,43906.79,Matched,,,,,,
2077,PAYMENT,1420.96,1420.96,Matched,,,,,,
2078,CASH_IN,226945.73,226945.73,Matched,,,,,,
2079,PAYMENT,1068.22,1068.22,Matched,,,,,,
2080,CASH_IN,131250.53,131250.53,Matched,,,,,,
2081,CASH_IN,171505.17,171505.17,Matched,,,,,,
2082,CASH_IN,4865.48,4865.48,Matched,,,,,,
2083,DEBIT,1128.69,1128.69,Matched,,,,,,
2084,CASH_IN,184547.7,184547.7,Matched,,,,,,
2085,CASH_IN,283711.39,283711.39,Matched,,,,,,
2086,PAYMENT,3488.78,3488.78,Matched,,,,,,
2087,CASH_IN,8921.26,8921.26,Matched,,,,,,
2088,CASH_IN,155608.53,155608.53,Matched,,,,,,
2089,CASH_IN,91721.95,91721.95,Matched,,,,,,
2090,PAYMENT,6086.87,6086.87,Matched,,,,,,
2091,CASH_IN,69865.39,69865.39,Matched,,,,,,
2092,CASH_IN,94096.34,94096.34,Matched,,,,,,
2093,PAYMENT,688.53,688.53,Matched,,,,,,
2094,CASH_IN,44655.46,44655.46,Matched,,,,,,
2095,CASH_IN,157964.89,157964.89,Matched,,,,,,
2096,PAYMENT,2778.17,2778.17,Matched,,,,,,
2097,CASH_IN,51311.41,51311.41,Matched,,,,,,
2098,CASH_IN,411935.8,411935.8,Matched,,,,,,
2099,CASH_IN,46757.44,46757.44,Matched,,,,,,
2100,PAYMENT,5078.54,5078.54,Matched,,,,,,
2101,CASH_IN,15069.79,15069.79,Matched,,,,,,
2102,PAYMENT,5610.36,5610.36,Matched,,,,,,
2103,CASH_IN,783.31,783.31,Matched,,,,,,
2104,PAYMENT,5202.26,5202.26,Matched,,,,,,
2105,CASH_IN,25927.54,25927.54,Matched,,,,,,
2106,PAYMENT,5785.77,5785.77,Matched,,,,,,
2107,CASH_IN,552812.46,552812.46,Matched,,,,,,
2108,CASH_IN,42672.03,42672.03,Matched,,,,,,
2109,PAYMENT,7299.46,7299.46,Matched,,,,,,
2110,CASH_IN,49236.53,49236.53,Matched,,,,,,
2111,CASH_IN,84022.18,84022.18,Matched,,,,,,
2112,CASH_IN,47440.86,47440.86,Matched,,,,,,
2113,CASH_IN,16236.25,16236.25,Matched,,,,,,
2114,CASH_IN,57357.33,57357.33,Matched,,,,,,
2115,PAYMENT,7538,7538,Matched,,,,,,
2116,CASH_IN,276772.02,276772.02,Matched,,,,,,
2117,DEBIT,286.87,286.87,Matched,,,,,,
2118,PAYMENT,4372.05,4372.05,Matched,,,,,,
2119,CASH_OUT,132842.64,132842.64,Matched,,,,,,
2120,PAYMENT,11068.42,11068.42,Matched,,,,,,
2121,PAYMENT,748.42,748.42,Matched,,,,,,
2122,PAYMENT,4881.52,4881.52,Matched,,,,,,
2123,PAYMENT,14403.17,14403.17,Matched,,,,,,
2124,PAYMENT,3524.08,3524.08,Matched,,,,,,
2125,PAYMENT,1296.58,1296.58,Matched,,,,,,
2126,CASH_IN,95956.43,95956.43,Matched,,,,,,
2127,PAYMENT,11430.86,11430.86,Matched,,,,,,
2128,PAYMENT,2545.15,2545.15,Matched,,,,,,
2129,PAYMENT,4843.76,4843.76,Matched,,,,,,
2130,CASH_IN,632840.5,632840.5,Matched,,,,,,
2131,PAYMENT,6769.91,6769.91,Matched,,,,,,
2132,PAYMENT,2527.41,2527.41,Matched,,,,,,
2133,CASH_IN,863.08,863.08,Matched,,,,,,
2134,PAYMENT,8271.42,8271.42,Matched,,,,,,
2135,PAYMENT,4058.66,4058.66,Matched,,,,,,
2136,DEBIT,452.57,452.57,Matched,,,,,,
2137,PAYMENT,12040.95,12040.95,Matched,,,,,,
2138,TRANSFER,235238.66,235238.66,Matched,,,,,,
2139,PAYMENT,4685.16,4685.16,Matched,,,,,,
2140,CASH_OUT,235238.66,235238.66,Matched,,,,,,
2141,CASH_OUT,218499.73,218499.73,Matched,,,,,,
2143,PAYMENT,2707.76,2707.76,Matched,,,,,,
2144,CASH_OUT,216007.53,216007.53,Matched,,,,,,
2145,TRANSFER,200612.49,200612.49,Matched,,,,,,
2146,PAYMENT,7143.2,7143.2,Matched,,,,,,
2147,PAYMENT,2092.06,2092.06,Matched,,,,,,
2148,PAYMENT,4253.87,4253.87,Matched,,,,,,
2149,PAYMENT,2279.65,2279.65,Matched,,,,,,
2150,PAYMENT,3619.35,3619.35,Matched,,,,,,
2151,CASH_OUT,107440.87,107440.87,Matched,,,,,,
2152,PAYMENT,22940.17,22940.17,Matched,,,,,,
2153,PAYMENT,2571.49,2571.49,Matched,,,,,,
2154,PAYMENT,5055.39,5055.39,Matched,,,,,,
2155,PAYMENT,3920.09,3920.09,Matched,,,,,,
2156,PAYMENT,5376.67,5376.67,Matched,,,,,,
2157,PAYMENT,7846.95,7846.95,Matched,,,,,,
2158,PAYMENT,2873.37,2873.37,Matched,,,,,,
2159,PAYMENT,6822.41,6822.41,Matched,,,,,,
2160,PAYMENT,2224.06,2224.06,Matched,,,,,,
2161,PAYMENT,4412.45,4412.45,Matched,,,,,,
2162,PAYMENT,7394.33,7394.33,Matched,,,,,,
2163,PAYMENT,9855.76,9855.76,Matched,,,,,,
2164,PAYMENT,5284.22,5284.22,Matched,,,,,,
2165,PAYMENT,14736.92,14736.92,Matched,,,,,,
2166,PAYMENT,21902.51,21902.51,Matched,,,,,,
2167,PAYMENT,186.22,186.22,Matched,,,,,,
2168,PAYMENT,1632.21,1632.21,Matched,,,,,,
2169,TRANSFER,17488.56,17488.56,Matched,,,,,,
2170,PAYMENT,1730.16,1730.16,Matched,,,,,,
2171,PAYMENT,4189.31,4189.31,Matched,,,,,,
2172,PAYMENT,5965.13,5965.13,Matched,,,,,,
2173,PAYMENT,264.93,264.93,Matched,,,,,,
2174,PAYMENT,26784.93,26784.93,Matched,,,,,,
2175,CASH_OUT,222321.36,222321.36,Matched,,,,,,
2176,PAYMENT,4623.81,4623.81,Matched,,,,,,
2177,DEBIT,8972.41,8972.41,Matched,,,,,,
2178,PAYMENT,2765.61,2765.61,Matched,,,,,,
2179,PAYMENT,4079.37,4079.37,Matched,,,,,,
2180,PAYMENT,1637.53,1637.53,Matched,,,,,,
2181,PAYMENT,6226.79,6226.79,Matched,,,,,,
2182,TRANSFER,56565.27,56565.27,Matched,,,,,,
2183,PAYMENT,2893.12,2893.12,Matched,,,,,,
2184,PAYMENT,6490.69,6490.69,Matched,,,,,,
2185,DEBIT,5130.16,5130.16,Matched,,,,,,
2186,PAYMENT,8246.79,8246.79,Matched,,,,,,
2187,PAYMENT,7837.56,7837.56,Matched,,,,,,
2188,PAYMENT,10364.62,10364.62,Matched,,,,,,
2189,PAYMENT,24174.02,24174.02,Matched,,,,,,
2190,PAYMENT,4348.75,4348.75,Matched,,,,,,
2191,PAYMENT,577.01,577.01,Matched,,,,,,
2192,PAYMENT,5340.28,5340.28,Matched,,,,,,
2193,TRANSFER,46961.7,46961.7,Matched,,,,,,
2194,PAYMENT,11491.76,11491.76,Matched,,,,,,
2195,TRANSFER,373610.77,373610.77,Matched,,,,,,
2196,PAYMENT,2369.48,2369.48,Matched,,,,,,
2197,DEBIT,9420.9,9420.9,Matched,,,,,,
2198,PAYMENT,14204.94,14204.94,Matched,,,,,,
2199,TRANSFER,90667.11,90667.11,Matched,,,,,,
2200,PAYMENT,3009.63,3009.63,Matched,,,,,,
2201,PAYMENT,3735.16,3735.16,Matched,,,,,,
2202,PAYMENT,14432.6,14432.6,Matched,,,,,,
2203,TRANSFER,114580.22,114580.22,Matched,,,,,,
2204,PAYMENT,32535.91,32535.91,Matched,,,,,,
2205,PAYMENT,982.67,982.67,Matched,,,,,,
2206,PAYMENT,2501.21,2501.21,Matched,,,,,,
2207,DEBIT,4448.09,4448.09,Matched,,,,,,
2208,PAYMENT,5230.88,5230.88,Matched,,,,,,
2209,PAYMENT,9469.26,9469.26,Matched,,,,,,
2210,PAYMENT,27845.63,27845.63,Matched,,,,,,
2211,CASH_OUT,549884.88,549884.88,Matched,,,,,,
2212,PAYMENT,163.72,163.72,Matched,,,,,,
2213,PAYMENT,900.37,900.37,Matched,,,,,,
2214,PAYMENT,3697.53,3697.53,Matched,,,,,,
2215,PAYMENT,2388.85,2388.85,Matched,,,,,,
2216,PAYMENT,28147.47,28147.47,Matched,,,,,,
2217,PAYMENT,6980.56,6980.56,Matched,,,,,,
2218,PAYMENT,3782.98,3782.98,Matched,,,,,,
2219,CASH_OUT,153596.45,153596.45,Matched,,,,,,
2220,CASH_OUT,32282.57,32282.57,Matched,,,,,,
2221,PAYMENT,436.15,436.15,Matched,,,,,,
2222,PAYMENT,2673.65,2673.65,Matched,,,,,,
2223,PAYMENT,4828.64,4828.64,Matched,,,,,,
2224,PAYMENT,1928.87,1928.87,Matched,,,,,,
2225,PAYMENT,12911.82,12911.82,Matched,,,,,,
2226,PAYMENT,6540.9,6540.9,Matched,,,,,,
2227,PAYMENT,884.42,884.42,Matched,,,,,,
2228,PAYMENT,9334.02,9334.02,Matched,,,,,,
2229,PAYMENT,21840.26,21840.26,Matched,,,,,,
2230,DEBIT,2655.04,2655.04,Matched,,,,,,
2231,PAYMENT,5805.93,5805.93,Matched,,,,,,
2232,PAYMENT,6350.75,6350.75,Matched,,,,,,
2233,PAYMENT,3783.07,3783.07,Matched,,,,,,
2234,PAYMENT,4528.17,4528.17,Matched,,,,,,
2235,PAYMENT,5018.24,5018.24,Matched,,,,,,
2236,PAYMENT,3154.47,3154.47,Matched,,,,,,
2237,PAYMENT,7102.49,7102.49,Matched,,,,,,
2238,TRANSFER,36010.9,36010.9,Matched,,,,,,
2239,PAYMENT,1066.91,1066.91,Matched,,,,,,
2240,PAYMENT,23430.56,23430.56,Matched,,,,,,
2241,PAYMENT,4804.74,4804.74,Matched,,,,,,
2242,TRANSFER,183465.11,183465.11,Matched,,,,,,
2243,PAYMENT,1902.02,1902.02,Matched,,,,,,
2244,PAYMENT,5875.05,5875.05,Matched,,,,,,
2245,CASH_OUT,291713.22,291713.22,Matched,,,,,,
2246,TRANSFER,57716.15,57716.15,Matched,,,,,,
2247,PAYMENT,2261.94,2261.94,Matched,,,,,,
2248,PAYMENT,1982.04,1982.04,Matched,,,,,,
2249,PAYMENT,2358.9,2358.9,Matched,,,,,,
2250,PAYMENT,4074.2,4074.2,Matched,,,,,,
2251,CASH_OUT,219630.79,219630.79,Matched,,,,,,
2252,PAYMENT,7020.05,7020.05,Matched,,,,,,
2253,PAYMENT,461.65,461.65,Matched,,,,,,
2254,TRANSFER,601898.44,601898.44,Matched,,,,,,
2255,PAYMENT,11488.23,11488.23,Matched,,,,,,
2256,PAYMENT,10021.49,10021.49,Matched,,,,,,
2257,PAYMENT,4457.72,4457.72,Matched,,,,,,
2258,PAYMENT,4601.56,4601.56,Matched,,,,,,
2259,PAYMENT,1253.6,1253.6,Matched,,,,,,
2260,PAYMENT,2349.71,2349.71,Matched,,,,,,
2261,PAYMENT,633.75,633.75,Matched,,,,,,
2262,PAYMENT,2286.28,2286.28,Matched,,,,,,
2263,PAYMENT,10183.1,10183.1,Matched,,,,,,
2264,CASH_OUT,512866.85,512866.85,Matched,,,,,,
2265,PAYMENT,7891.16,7891.16,Matched,,,,,,
2266,PAYMENT,10855.04,10855.04,Matched,,,,,,
2267,CASH_OUT,146534.96,146534.96,Matched,,,,,,
2268,PAYMENT,4280.41,4280.41,Matched,,,,,,
2269,PAYMENT,7590.6,7590.6,Matched,,,,,,
2270,PAYMENT,1522.55,1522.55,Matched,,,,,,
2271,PAYMENT,5616.1,5616.1,Matched,,,,,,
2272,PAYMENT,3660.66,3660.66,Matched,,,,,,
2273,PAYMENT,5272.81,5272.81,Matched,,,,,,
2274,CASH_OUT,44670.27,44670.27,Matched,,,,,,
2275,TRANSFER,236343.99,236343.99,Matched,,,,,,
2276,CASH_IN,64945.57,64945.57,Matched,,,,,,
2277,TRANSFER,86401.93,86401.93,Matched,,,,,,
2278,PAYMENT,471.01,471.01,Matched,,,,,,
2279,PAYMENT,4461.08,4461.08,Matched,,,,,,
2280,PAYMENT,3923.32,3923.32,Matched,,,,,,
2281,DEBIT,1939.39,1939.39,Matched,,,,,,
2282,PAYMENT,3223.87,3223.87,Matched,,,,,,
2283,CASH_OUT,289326.88,289326.88,Matched,,,,,,
2284,PAYMENT,3224.21,3224.21,Matched,,,,,,
2285,PAYMENT,2399.75,2399.75,Matched,,,,,,
2286,TRANSFER,79386.85,79386.85,Matched,,,,,,
2287,DEBIT,4444.35,4444.35,Matched,,,,,,
2288,TRANSFER,156232.74,156232.74,Matched,,,,,,
2289,PAYMENT,4887.09,4887.09,Matched,,,,,,
2290,PAYMENT,7415.77,7415.77,Matched,,,,,,
2291,PAYMENT,5323.28,5323.28,Matched,,,,,,
2292,PAYMENT,637.26,637.26,Matched,,,,,,
2293,PAYMENT,2141.82,2141.82,Matched,,,,,,
2294,PAYMENT,6.42,6.42,Matched,,,,,,
2295,TRANSFER,149617.83,149617.83,Matched,,,,,,
2296,PAYMENT,328.07,328.07,Matched,,,,,,
2297,TRANSFER,108019.99,108019.99,Matched,,,,,,
2298,PAYMENT,1559.66,1559.66,Matched,,,,,,
2299,PAYMENT,1439.72,1439.72,Matched,,,,,,
2300,PAYMENT,5509.5,5509.5,Matched,,,,,,
2301,PAYMENT,4416.74,4416.74,Matched,,,,,,
2302,PAYMENT,2548.85,2548.85,Matched,,,,,,
2303,CASH_OUT,84051,84051,Matched,,,,,,
2304,TRANSFER,83845.22,83845.22,Matched,,,,,,
2305,PAYMENT,271.32,271.32,Matched,,,,,,
2306,PAYMENT,1454.92,1454.92,Matched,,,,,,
2307,PAYMENT,7059.05,7059.05,Matched,,,,,,
2308,CASH_OUT,462688.96,462688.96,Matched,,,,,,
2309,PAYMENT,2666.96,2666.96,Matched,,,,,,
2310,CASH_OUT,75915.44,75915.44,Matched,,,,,,
2311,DEBIT,3180.02,3180.02,Matched,,,,,,
2312,TRANSFER,383533.35,383533.35,Matched,,,,,,
2313,PAYMENT,2550.35,2550.35,Matched,,,,,,
2314,CASH_OUT,214202.66,214202.66,Matched,,,,,,
2315,PAYMENT,2270.53,2270.53,Matched,,,,,,
2316,PAYMENT,842.33,842.33,Matched,,,,,,
2317,PAYMENT,2387.09,2387.09,Matched,,,,,,
2318,PAYMENT,10493.4,10493.4,Matched,,,,,,
2319,PAYMENT,952.08,952.08,Matched,,,,,,
2320,PAYMENT,16085.74,16085.74,Matched,,,,,,
2321,PAYMENT,6433.58,6433.58,Matched,,,,,,
2322,DEBIT,930.99,930.99,Matched,,,,,,
2323,PAYMENT,7855.62,7855.62,Matched,,,,,,
2324,PAYMENT,331.4,331.4,Matched,,,,,,
2325,CASH_OUT,136564.27,136564.27,Matched,,,,,,
2326,TRANSFER,347391.16,347391.16,Matched,,,,,,
2327,PAYMENT,10255.93,10255.93,Matched,,,,,,
2328,PAYMENT,9800.44,9800.44,Matched,,,,,,
2329,PAYMENT,10729.47,10729.47,Matched,,,,,,
2330,DEBIT,6983.76,6983.76,Matched,,,,,,
2331,PAYMENT,4223.24,4223.24,Matched,,,,,,
2332,PAYMENT,1994.48,1994.48,Matched,,,,,,
2333,PAYMENT,2288.61,2288.61,Matched,,,,,,
2334,PAYMENT,1993.24,1993.24,Matched,,,,,,
2335,PAYMENT,2064.34,2064.34,Matched,,,,,,
2336,PAYMENT,5674.62,5674.62,Matched,,,,,,
2337,PAYMENT,10808.31,10808.31,Matched,,,,,,
2338,CASH_OUT,457552.45,457552.45,Matched,,,,,,
2339,PAYMENT,10019.06,10019.06,Matched,,,,,,
2340,PAYMENT,4894.96,4894.96,Matched,,,,,,
2341,PAYMENT,4546.83,4546.83,Matched,,,,,,
2342,PAYMENT,6650,6650,Matched,,,,,,
2343,PAYMENT,7331.22,7331.22,Matched,,,,,,
2344,PAYMENT,23235.78,23235.78,Matched,,,,,,
2345,PAYMENT,9591.5,9591.5,Matched,,,,,,
2346,PAYMENT,7286.11,7286.11,Matched,,,,,,
2347,PAYMENT,3697.26,3697.26,Matched,,,,,,
2348,DEBIT,9769.9,9769.9,Matched,,,,,,
2349,PAYMENT,11607.88,11607.88,Matched,,,,,,
2350,PAYMENT,727.25,727.25,Matched,,,,,,
2351,PAYMENT,1215.86,1215.86,Matched,,,,,,
2352,PAYMENT,6258.29,6258.29,Matched,,,,,,
2353,PAYMENT,3603.99,3603.99,Matched,,,,,,
2354,PAYMENT,6221.43,6221.43,Matched,,,,,,
2355,PAYMENT,4377.04,4377.04,Matched,,,,,,
2356,CASH_OUT,159657.1,159657.1,Matched,,,,,,
2357,TRANSFER,1361.29,1361.29,Matched,,,,,,
2358,PAYMENT,5899.63,5899.63,Matched,,,,,,
2359,CASH_OUT,68051.17,68051.17,Matched,,,,,,
2360,PAYMENT,12128.78,12128.78,Matched,,,,,,
2361,DEBIT,2607.6,2607.6,Matched,,,,,,
2362,PAYMENT,10972.97,10972.97,Matched,,,,,,
2363,PAYMENT,4594.28,4594.28,Matched,,,,,,
2364,PAYMENT,14157.15,14157.15,Matched,,,,,,
2365,TRANSFER,345858.07,345858.07,Matched,,,,,,
2366,PAYMENT,12122.55,12122.55,Matched,,,,,,
2367,PAYMENT,22941.92,22941.92,Matched,,,,,,
2368,PAYMENT,6990.18,6990.18,Matched,,,,,,
2369,PAYMENT,14223.81,14223.81,Matched,,,,,,
2370,CASH_OUT,93459.27,93459.27,Matched,,,,,,
2371,PAYMENT,16859.52,16859.52,Matched,,,,,,
2372,PAYMENT,11020.46,11020.46,Matched,,,,,,
2373,PAYMENT,1937.5,1937.5,Matched,,,,,,
2374,PAYMENT,4416.9,4416.9,Matched,,,,,,
2375,TRANSFER,194415.49,194415.49,Matched,,,,,,
2376,PAYMENT,2421.15,2421.15,Matched,,,,,,
2377,PAYMENT,4139.95,4139.95,Matched,,,,,,
2378,DEBIT,7434.58,7434.58,Matched,,,,,,
2379,DEBIT,2840.25,2840.25,Matched,,,,,,
2380,PAYMENT,62820.46,62820.46,Matched,,,,,,
2381,PAYMENT,25642.6,25642.6,Matched,,,,,,
2382,PAYMENT,6111.1,6111.1,Matched,,,,,,
2383,TRANSFER,279422.78,279422.78,Matched,,,,,,
2384,PAYMENT,6001.21,6001.21,Matched,,,,,,
2385,PAYMENT,3215.74,3215.74,Matched,,,,,,
2386,PAYMENT,6394.36,6394.36,Matched,,,,,,
2387,PAYMENT,12273.24,12273.24,Matched,,,,,,
2388,PAYMENT,13890.24,13890.24,Matched,,,,,,
2389,PAYMENT,53.35,53.35,Matched,,,,,,
2390,DEBIT,8371.5,8371.5,Matched,,,,,,
2391,PAYMENT,594.09,594.09,Matched,,,,,,
2392,PAYMENT,1902.1,1902.1,Matched,,,,,,
2393,PAYMENT,5954.9,5954.9,Matched,,,,,,
2394,TRANSFER,145515.24,145515.24,Matched,,,,,,
2395,PAYMENT,9370.51,9370.51,Matched,,,,,,
2396,PAYMENT,5568.56,5568.56,Matched,,,,,,
2397,PAYMENT,6598.82,6598.82,Matched,,,,,,
2398,PAYMENT,7991.07,7991.07,Matched,,,,,,
2399,PAYMENT,406.11,406.11,Matched,,,,,,
2400,TRANSFER,15326.3,15326.3,Matched,,,,,,
2401,CASH_IN,299976.78,299976.78,Matched,,,,,,
2402,PAYMENT,15028.75,15028.75,Matched,,,,,,
2403,CASH_IN,78772.04,78772.04,Matched,,,,,,
2404,PAYMENT,6705.75,6705.75,Matched,,,,,,
2405,PAYMENT,32101.86,32101.86,Matched,,,,,,
2406,CASH_IN,85584.66,85584.66,Matched,,,,,,
2407,PAYMENT,11608.18,11608.18,Matched,,,,,,
2408,PAYMENT,6473.96,6473.96,Matched,,,,,,
2409,PAYMENT,6848.97,6848.97,Matched,,,,,,
2410,PAYMENT,9496.55,9496.55,Matched,,,,,,
2411,PAYMENT,7577.43,7577.43,Matched,,,,,,
2412,PAYMENT,1130.44,1130.44,Matched,,,,,,
2413,PAYMENT,3004.57,3004.57,Matched,,,,,,
2414,PAYMENT,20135.64,20135.64,Matched,,,,,,
2415,PAYMENT,2279.92,2279.92,Matched,,,,,,
2416,PAYMENT,4351.58,4351.58,Matched,,,,,,
2417,PAYMENT,5171.22,5171.22,Matched,,,,,,
2418,PAYMENT,6913.46,6913.46,Matched,,,,,,
2419,PAYMENT,4674,4674,Matched,,,,,,
2420,DEBIT,3837.3,3837.3,Matched,,,,,,
2421,PAYMENT,1566.11,1566.11,Matched,,,,,,
2422,PAYMENT,2518.13,2518.13,Matched,,,,,,
2423,PAYMENT,6365,6365,Matched,,,,,,
2424,PAYMENT,7014.89,7014.89,Matched,,,,,,
2425,DEBIT,2589.19,2589.19,Matched,,,,,,
2426,PAYMENT,26035.82,26035.82,Matched,,,,,,
2427,PAYMENT,3858.3,3858.3,Matched,,,,,,
2428,PAYMENT,2388.2,2388.2,Matched,,,,,,
2429,PAYMENT,12000.58,12000.58,Matched,,,,,,
2430,PAYMENT,27018.5,27018.5,Matched,,,,,,
2431,PAYMENT,2232.83,2232.83,Matched,,,,,,
2432,PAYMENT,5717.58,5717.58,Matched,,,,,,
2433,PAYMENT,2879.51,2879.51,Matched,,,,,,
2434,PAYMENT,15646.06,15646.06,Matched,,,,,,
2435,PAYMENT,18975.26,18975.26,Matched,,,,,,
2436,CASH_IN,93413.63,93413.63,Matched,,,,,,
2437,PAYMENT,4905.54,4905.54,Matched,,,,,,
2438,PAYMENT,3056.61,3056.61,Matched,,,,,,
2439,PAYMENT,2221.22,2221.22,Matched,,,,,,
2440,CASH_IN,95564.34,95564.34,Matched,,,,,,
2441,PAYMENT,798.26,798.26,Matched,,,,,,
2442,PAYMENT,7029.12,7029.12,Matched,,,,,,
2443,CASH_IN,484.57,484.57,Matched,,,,,,
2444,PAYMENT,2807.18,2807.18,Matched,,,,,,
2445,PAYMENT,2374.49,2374.49,Matched,,,,,,
2446,CASH_IN,113287.66,113287.66,Matched,,,,,,
2447,PAYMENT,6579.9,6579.9,Matched,,,,,,
2448,CASH_IN,92398.49,92398.49,Matched,,,,,,
2449,PAYMENT,2746.12,2746.12,Matched,,,,,,
2450,CASH_IN,198303.64,198303.64,Matched,,,,,,
2451,PAYMENT,2481.59,2481.59,Matched,,,,,,
2452,PAYMENT,5256.18,5256.18,Matched,,,,,,
2453,CASH_IN,126873.28,126873.28,Matched,,,,,,
2454,PAYMENT,6720.15,6720.15,Matched,,,,,,
2455,PAYMENT,2153.73,2153.73,Matched,,,,,,
2456,DEBIT,309.33,309.33,Matched,,,,,,
2457,CASH_IN,12229.75,12229.75,Matched,,,,,,
2458,PAYMENT,6426.8,6426.8,Matched,,,,,,
2459,PAYMENT,819.45,819.45,Matched,,,,,,
2460,PAYMENT,5274.17,5274.17,Matched,,,,,,
2461,CASH_IN,20490.81,20490.81,Matched,,,,,,
2462,PAYMENT,2475.77,2475.77,Matched,,,,,,
2463,PAYMENT,8892.44,8892.44,Matched,,,,,,
2464,PAYMENT,4149.27,4149.27,Matched,,,,,,
2465,PAYMENT,4378.75,4378.75,Matched,,,,,,
2466,PAYMENT,311.38,311.38,Matched,,,,,,
2467,CASH_IN,86419.78,86419.78,Matched,,,,,,
2468,PAYMENT,11380.13,11380.13,Matched,,,,,,
2469,PAYMENT,16910.42,16910.42,Matched,,,,,,
2470,CASH_OUT,222108.22,222108.22,Matched,,,,,,
2471,CASH_OUT,119542.86,119542.86,Matched,,,,,,
2472,CASH_IN,122464.68,122464.68,Matched,,,,,,
2473,PAYMENT,4195.41,4195.41,Matched,,,,,,
2474,PAYMENT,25424.36,25424.36,Matched,,,,,,
2475,PAYMENT,4485.32,4485.32,Matched,,,,,,
2476,CASH_IN,18598.96,18598.96,Matched,,,,,,
2477,CASH_OUT,247199.96,247199.96,Matched,,,,,,
2478,CASH_OUT,289715.28,289715.28,Matched,,,,,,
2479,DEBIT,4241.78,4241.78,Matched,,,,,,
2480,CASH_IN,287126.8,287126.8,Matched,,,,,,
2481,PAYMENT,2505.99,2505.99,Matched,,,,,,
2482,PAYMENT,9723.57,9723.57,Matched,,,,,,
2483,PAYMENT,3149.19,3149.19,Matched,,,,,,
2484,CASH_IN,8261.33,8261.33,Matched,,,,,,
2485,PAYMENT,5986.18,5986.18,Matched,,,,,,
2486,TRANSFER,38473.99,38473.99,Matched,,,,,,
2487,PAYMENT,18952.73,18952.73,Matched,,,,,,
2488,CASH_IN,301755.98,301755.98,Matched,,,,,,
2489,PAYMENT,6794.37,6794.37,Matched,,,,,,
2490,PAYMENT,24445.19,24445.19,Matched,,,,,,
2491,DEBIT,2983.5,2983.5,Matched,,,,,,
2492,CASH_IN,121723,121723,Matched,,,,,,
2493,PAYMENT,5029.67,5029.67,Matched,,,,,,
2494,PAYMENT,2976.86,2976.86,Matched,,,,,,
2495,PAYMENT,13.54,13.54,Matched,,,,,,
2496,PAYMENT,4489.66,4489.66,Matched,,,,,,
2497,CASH_IN,110654.09,110654.09,Matched,,,,,,
2498,PAYMENT,15774.38,15774.38,Matched,,,,,,
2499,CASH_IN,23795.08,23795.08,Matched,,,,,,
2500,PAYMENT,4723.65,4723.65,Matched,,,,,,
2501,PAYMENT,6159.35,6159.35,Matched,,,,,,
2502,PAYMENT,3452.17,3452.17,Matched,,,,,,
2503,CASH_IN,130638.93,130638.93,Matched,,,,,,
2504,PAYMENT,4209.57,4209.57,Matched,,,,,,
2505,PAYMENT,21501.47,21501.47,Matched,,,,,,
2506,PAYMENT,6.93,6.93,Matched,,,,,,
2507,PAYMENT,5193.39,5193.39,Matched,,,,,,
2508,CASH_IN,314025.37,314025.37,Matched,,,,,,
2509,PAYMENT,3562.21,3562.21,Matched,,,,,,
2510,PAYMENT,7055.84,7055.84,Matched,,,,,,
2511,DEBIT,4188.03,4188.03,Matched,,,,,,
2512,CASH_IN,90540.93,90540.93,Matched,,,,,,
2513,PAYMENT,311.28,311.28,Matched,,,,,,
2514,PAYMENT,1058.63,1058.63,Matched,,,,,,
2515,PAYMENT,4975.75,4975.75,Matched,,,,,,
2516,CASH_IN,109718.72,109718.72,Matched,,,,,,
2517,PAYMENT,6190.73,6190.73,Matched,,,,,,
2518,CASH_IN,95983.62,95983.62,Matched,,,,,,
2519,TRANSFER,91424.21,91424.21,Matched,,,,,,
2520,CASH_IN,61515.99,61515.99,Matched,,,,,,
2521,PAYMENT,380.02,380.02,Matched,,,,,,
2522,PAYMENT,5973.9,5973.9,Matched,,,,,,
2523,CASH_OUT,65971.82,65971.82,Matched,,,,,,
2524,PAYMENT,6397.18,6397.18,Matched,,,,,,
2525,PAYMENT,9971.14,9971.14,Matched,,,,,,
2526,PAYMENT,3076.45,3076.45,Matched,,,,,,
2527,PAYMENT,4700.07,4700.07,Matched,,,,,,
2528,CASH_OUT,197761.38,197761.38,Matched,,,,,,
2529,PAYMENT,349.63,349.63,Matched,,,,,,
2530,CASH_OUT,100740.53,100740.53,Matched,,,,,,
2531,CASH_OUT,14166.38,14166.38,Matched,,,,,,
2532,PAYMENT,5581.28,5581.28,Matched,,,,,,
2533,PAYMENT,1780.48,1780.48,Matched,,,,,,
2534,DEBIT,2290.11,2290.11,Matched,,,,,,
2535,CASH_OUT,134543.6,134543.6,Matched,,,,,,
2536,PAYMENT,2211.92,2211.92,Matched,,,,,,
2537,PAYMENT,12165.21,12165.21,Matched,,,,,,
2538,CASH_OUT,48206.82,48206.82,Matched,,,,,,
2539,PAYMENT,9245.27,9245.27,Matched,,,,,,
2540,PAYMENT,1383.91,1383.91,Matched,,,,,,
2541,CASH_OUT,282944.06,282944.06,Matched,,,,,,
2542,CASH_IN,9467.87,9467.87,Matched,,,,,,
2543,TRANSFER,106622.7,106622.7,Matched,,,,,,
2544,CASH_IN,43478.09,43478.09,Matched,,,,,,
2545,CASH_OUT,19270.14,19270.14,Matched,,,,,,
2546,DEBIT,634.95,634.95,Matched,,,,,,
2547,CASH_OUT,519973.96,519973.96,Matched,,,,,,
2548,PAYMENT,4541.85,4541.85,Matched,,,,,,
2549,CASH_OUT,5493.19,5493.19,Matched,,,,,,
2550,PAYMENT,6013.05,6013.05,Matched,,,,,,
2551,PAYMENT,7071.42,7071.42,Matched,,,,,,
2552,PAYMENT,525.89,525.89,Matched,,,,,,
2553,PAYMENT,5983.51,5983.51,Matched,,,,,,
2554,PAYMENT,15186.43,15186.43,Matched,,,,,,
2555,CASH_OUT,166808.69,166808.69,Matched,,,,,,
2556,PAYMENT,353.62,353.62,Matched,,,,,,
2557,PAYMENT,2388.24,2388.24,Matched,,,,,,
2558,DEBIT,2307.17,2307.17,Matched,,,,,,
2559,PAYMENT,7852.4,7852.4,Matched,,,,,,
2560,PAYMENT,6257.76,6257.76,Matched,,,,,,
2561,PAYMENT,6381.32,6381.32,Matched,,,,,,
2562,PAYMENT,9541.85,9541.85,Matched,,,,,,
2563,PAYMENT,4453.49,4453.49,Matched,,,,,,
2564,PAYMENT,1826.81,1826.81,Matched,,,,,,
2565,PAYMENT,9899.52,9899.52,Matched,,,,,,
2566,PAYMENT,5206.23,5206.23,Matched,,,,,,
2567,PAYMENT,1880.05,1880.05,Matched,,,,,,
2568,PAYMENT,7709.2,7709.2,Matched,,,,,,
2569,PAYMENT,2368.4,2368.4,Matched,,,,,,
2570,DEBIT,8607.73,8607.73,Matched,,,,,,
2571,PAYMENT,5260.41,5260.41,Matched,,,,,,
2572,PAYMENT,3023.16,3023.16,Matched,,,,,,
2573,PAYMENT,5764.6,5764.6,Matched,,,,,,
2574,PAYMENT,9105.32,9105.32,Matched,,,,,,
2575,PAYMENT,5111.72,5111.72,Matched,,,,,,
2576,PAYMENT,3708.43,3708.43,Matched,,,,,,
2577,PAYMENT,3236.86,3236.86,Matched,,,,,,
2578,PAYMENT,4918.9,4918.9,Matched,,,,,,
2579,PAYMENT,8702.16,8702.16,Matched,,,,,,
2580,PAYMENT,232.74,232.74,Matched,,,,,,
2581,PAYMENT,4209.87,4209.87,Matched,,,,,,
2582,PAYMENT,14349.18,14349.18,Matched,,,,,,
2583,PAYMENT,1552.48,1552.48,Matched,,,,,,
2584,DEBIT,8326.13,8326.13,Matched,,,,,,
2585,PAYMENT,16947.34,16947.34,Matched,,,,,,
2586,PAYMENT,5427.59,5427.59,Matched,,,,,,
2587,PAYMENT,10169.55,10169.55,Matched,,,,,,
2588,PAYMENT,10211.96,10211.96,Matched,,,,,,
2589,DEBIT,11388.1,11388.1,Matched,,,,,,
2590,PAYMENT,4655.03,4655.03,Matched,,,,,,
2591,PAYMENT,3073.34,3073.34,Matched,,,,,,
2592,PAYMENT,2732.73,2732.73,Matched,,,,,,
2593,TRANSFER,124041.53,124041.53,Matched,,,,,,
2594,PAYMENT,17453.51,17453.51,Matched,,,,,,
2595,PAYMENT,6948.21,6948.21,Matched,,,,,,
2596,PAYMENT,514.74,514.74,Matched,,,,,,
2597,PAYMENT,12061.28,12061.28,Matched,,,,,,
2598,PAYMENT,12039.23,12039.23,Matched,,,,,,
2599,TRANSFER,92236.11,92236.11,Matched,,,,,,
2600,DEBIT,1072.36,1072.36,Matched,,,,,,
2601,PAYMENT,6019.63,6019.63,Matched,,,,,,
2602,TRANSFER,104267.94,104267.94,Matched,,,,,,
2603,PAYMENT,5179.7,5179.7,Matched,,,,,,
2604,CASH_OUT,189476.67,189476.67,Matched,,,,,,
2605,PAYMENT,4478.67,4478.67,Matched,,,,,,
2606,TRANSFER,176127.45,176127.45,Matched,,,,,,
2607,PAYMENT,292.45,292.45,Matched,,,,,,
2608,PAYMENT,8054.62,8054.62,Matched,,,,,,
2609,PAYMENT,6614.92,6614.92,Matched,,,,,,
2610,TRANSFER,94087.34,94087.34,Matched,,,,,,
2611,PAYMENT,4424.09,4424.09,Matched,,,,,,
2612,CASH_OUT,457194.09,457194.09,Matched,,,,,,
2613,PAYMENT,13400.4,13400.4,Matched,,,,,,
2614,TRANSFER,172867.65,172867.65,Matched,,,,,,
2615,TRANSFER,219583.95,219583.95,Matched,,,,,,
2616,PAYMENT,10967.1,10967.1,Matched,,,,,,
2617,PAYMENT,6015.17,6015.17,Matched,,,,,,
2618,PAYMENT,16171.2,16171.2,Matched,,,,,,
2619,PAYMENT,6748.38,6748.38,Matched,,,,,,
2620,CASH_IN,171039.04,171039.04,Matched,,,,,,
2621,TRANSFER,277611.59,277611.59,Matched,,,,,,
2622,PAYMENT,1876.99,1876.99,Matched,,,,,,
2623,TRANSFER,1755646.72,1755646.72,Matched,,,,,,
2624,PAYMENT,8053.59,8053.59,Matched,,,,,,
2625,TRANSFER,2441078.3,2441078.3,Matched,,,,,,
2626,PAYMENT,458.45,458.45,Matched,,,,,,
2627,CASH_IN,271566.78,271566.78,Matched,,,,,,
2628,TRANSFER,1147953.82,1147953.82,Matched,,,,,,
2629,DEBIT,3167.07,3167.07,Matched,,,,,,
2630,CASH_IN,190398.63,190398.63,Matched,,,,,,
2631,TRANSFER,395709.23,395709.23,Matched,,,,,,
2632,PAYMENT,6550.89,6550.89,Matched,,,,,,
2633,CASH_IN,149651.68,149651.68,Matched,,,,,,
2634,TRANSFER,168001.93,168001.93,Matched,,,,,,
2635,CASH_IN,84527.66,84527.66,Matched,,,,,,
2636,PAYMENT,191.73,191.73,Matched,,,,,,
2637,TRANSFER,2032275.62,2032275.62,Matched,,,,,,
2638,CASH_IN,1030100.15,1030100.15,Matched,,,,,,
2639,PAYMENT,14287.64,14287.64,Matched,,,,,,
2640,TRANSFER,44944.32,44944.32,Matched,,,,,,
2641,PAYMENT,3849.14,3849.14,Matched,,,,,,
2642,CASH_IN,55091.05,55091.05,Matched,,,,,,
2643,TRANSFER,957339.52,957339.52,Matched,,,,,,
2644,PAYMENT,9006.17,9006.17,Matched,,,,,,
2645,CASH_IN,318209.62,318209.62,Matched,,,,,,
2646,TRANSFER,459709.79,459709.79,Matched,,,,,,
2647,PAYMENT,2876.88,2876.88,Matched,,,,,,
2648,CASH_IN,294676.6,294676.6,Matched,,,,,,
2649,TRANSFER,637758.38,637758.38,Matched,,,,,,
2650,PAYMENT,1128.88,1128.88,Matched,,,,,,
2651,CASH_IN,294304.91,294304.91,Matched,,,,,,
2652,DEBIT,525.22,525.22,Matched,,,,,,
2653,CASH_IN,168276.37,168276.37,Matched,,,,,,
2654,PAYMENT,4089.67,4089.67,Matched,,,,,,
2655,PAYMENT,3847.27,3847.27,Matched,,,,,,
2656,CASH_IN,38583.71,38583.71,Matched,,,,,,
2657,PAYMENT,3021.67,3021.67,Matched,,,,,,
2658,PAYMENT,14126.82,14126.82,Matched,,,,,,
2659,PAYMENT,2338.05,2338.05,Matched,,,,,,
2660,PAYMENT,5061.75,5061.75,Matched,,,,,,
2661,PAYMENT,5478.51,5478.51,Matched,,,,,,
2662,CASH_IN,276273.67,276273.67,Matched,,,,,,
2663,PAYMENT,7807.42,7807.42,Matched,,,,,,
2664,TRANSFER,194351.55,194351.55,Matched,,,,,,
2665,PAYMENT,10928.31,10928.31,Matched,,,,,,
2666,PAYMENT,10684.01,10684.01,Matched,,,,,,
2667,PAYMENT,1039.62,1039.62,Matched,,,,,,
2668,PAYMENT,11335.23,11335.23,Matched,,,,,,
2669,PAYMENT,6328.21,6328.21,Matched,,,,,,
2670,CASH_OUT,230943.69,230943.69,Matched,,,,,,
2671,DEBIT,924.07,924.07,Matched,,,,,,
2672,PAYMENT,6125.72,6125.72,Matched,,,,,,
2673,PAYMENT,6904.63,6904.63,Matched,,,,,,
2674,PAYMENT,7677.95,7677.95,Matched,,,,,,
2675,CASH_IN,186660.82,186660.82,Matched,,,,,,
2676,PAYMENT,3065.84,3065.84,Matched,,,,,,
2677,CASH_IN,132540.87,132540.87,Matched,,,,,,
2678,CASH_IN,168258.14,168258.14,Matched,,,,,,
2679,PAYMENT,5641.56,5641.56,Matched,,,,,,
2680,CASH_IN,170914.25,170914.25,Matched,,,,,,
2681,CASH_IN,142236.29,142236.29,Matched,,,,,,
2682,CASH_IN,29488.46,29488.46,Matched,,,,,,
2683,CASH_IN,452478.54,452478.54,Matched,,,,,,
2684,CASH_IN,206432.17,206432.17,Matched,,,,,,
2685,CASH_IN,88447.92,88447.92,Matched,,,,,,
2686,CASH_IN,68513.25,68513.25,Matched,,,,,,
2687,CASH_IN,147141.81,147141.81,Matched,,,,,,
2688,PAYMENT,3422.04,3422.04,Matched,,,,,,
2689,CASH_IN,17487.62,17487.62,Matched,,,,,,
2690,CASH_IN,208973.73,208973.73,Matched,,,,,,
2691,PAYMENT,1380.16,1380.16,Matched,,,,,,
2692,CASH_IN,230892.79,230892.79,Matched,,,,,,
2693,PAYMENT,681.05,681.05,Matched,,,,,,
2694,CASH_IN,202758.62,202758.62,Matched,,,,,,
2695,CASH_IN,734657.1,734657.1,Matched,,,,,,
2696,PAYMENT,2064.02,2064.02,Matched,,,,,,
2697,CASH_IN,305762.25,305762.25,Matched,,,,,,
2698,CASH_IN,452932.69,452932.69,Matched,,,,,,
2699,PAYMENT,12605.06,12605.06,Matched,,,,,,
2700,CASH_IN,238861.93,238861.93,Matched,,,,,,
2701,PAYMENT,8923.42,8923.42,Matched,,,,,,
2702,CASH_IN,156534.89,156534.89,Matched,,,,,,
2703,PAYMENT,7761.72,7761.72,Matched,,,,,,
2704,CASH_IN,70299.66,70299.66,Matched,,,,,,
2705,CASH_IN,255232.66,255232.66,Matched,,,,,,
2706,PAYMENT,2274.37,2274.37,Matched,,,,,,
2707,CASH_IN,245679.75,245679.75,Matched,,,,,,
2708,CASH_IN,564827.72,564827.72,Matched,,,,,,
2709,PAYMENT,10273.19,10273.19,Matched,,,,,,
2710,CASH_IN,297037.63,297037.63,Matched,,,,,,
2711,CASH_IN,300768.79,300768.79,Matched,,,,,,
2712,PAYMENT,2673.52,2673.52,Matched,,,,,,
2713,CASH_IN,129909.22,129909.22,Matched,,,,,,
2714,CASH_IN,90697.75,90697.75,Matched,,,,,,
2715,PAYMENT,6022.64,6022.64,Matched,,,,,,
2716,CASH_IN,209929.52,209929.52,Matched,,,,,,
2717,DEBIT,891.93,891.93,Matched,,,,,,
2718,CASH_IN,9023.2,9023.2,Matched,,,,,,
2719,PAYMENT,5055.22,5055.22,Matched,,,,,,
2720,CASH_IN,20000.32,20000.32,Matched,,,,,,
2721,PAYMENT,5726.49,5726.49,Matched,,,,,,
2722,CASH_IN,172485.68,172485.68,Matched,,,,,,
2723,PAYMENT,3738.25,3738.25,Matched,,,,,,
2724,PAYMENT,3608.34,3608.34,Matched,,,,,,
2725,CASH_IN,260880.32,260880.32,Matched,,,,,,
2726,PAYMENT,4050.19,4050.19,Matched,,,,,,
2727,CASH_IN,398355.98,398355.98,Matched,,,,,,
2728,PAYMENT,8146.24,8146.24,Matched,,,,,,
2729,CASH_IN,131637.92,131637.92,Matched,,,,,,
2730,PAYMENT,830.96,830.96,Matched,,,,,,
2731,PAYMENT,6292.23,6292.23,Matched,,,,,,
2732,CASH_IN,52309.48,52309.48,Matched,,,,,,
2733,PAYMENT,969.76,969.76,Matched,,,,,,
2734,CASH_IN,46615.49,46615.49,Matched,,,,,,
2735,PAYMENT,9492.53,9492.53,Matched,,,,,,
2736,CASH_IN,174213.34,174213.34,Matched,,,,,,
2737,CASH_IN,98104.83,98104.83,Matched,,,,,,
2738,CASH_IN,67666.92,67666.92,Matched,,,,,,
2739,PAYMENT,2565.39,2565.39,Matched,,,,,,
2740,CASH_IN,177577.58,177577.58,Matched,,,,,,
2741,DEBIT,2050.83,2050.83,Matched,,,,,,
2742,CASH_IN,308322,308322,Matched,,,,,,
2743,PAYMENT,7199.26,7199.26,Matched,,,,,,
2744,CASH_IN,121479.85,121479.85,Matched,,,,,,
2745,PAYMENT,5843.74,5843.74,Matched,,,,,,
2746,CASH_OUT,127143.23,127143.23,Matched,,,,,,
2747,CASH_OUT,276138.13,276138.13,Matched,,,,,,
2748,PAYMENT,265.8,265.8,Matched,,,,,,
2749,CASH_IN,320217.01,320217.01,Matched,,,,,,
2750,PAYMENT,2211.53,2211.53,Matched,,,,,,
2751,CASH_IN,28247.25,28247.25,Matched,,,,,,
2752,PAYMENT,5298.21,5298.21,Matched,,,,,,
2753,CASH_IN,83247.74,83247.74,Matched,,,,,,
2754,PAYMENT,3904.44,3904.44,Matched,,,,,,
2755,PAYMENT,3679.37,3679.37,Matched,,,,,,
2756,CASH_IN,64978.38,64978.38,Matched,,,,,,
2757,CASH_OUT,432168.02,432168.02,Matched,,,,,,
2758,CASH_IN,278703.6,278703.6,Matched,,,,,,
2759,PAYMENT,8001.69,8001.69,Matched,,,,,,
2760,CASH_IN,158226.9,158226.9,Matched,,,,,,
2761,PAYMENT,1361.26,1361.26,Matched,,,,,,
2762,CASH_IN,284839.92,284839.92,Matched,,,,,,
2763,PAYMENT,3638.87,3638.87,Matched,,,,,,
2764,CASH_IN,137964.43,137964.43,Matched,,,,,,
2765,CASH_IN,54152.03,54152.03,Matched,,,,,,
2766,CASH_IN,160690.6,160690.6,Matched,,,,,,
2767,CASH_IN,22765.47,22765.47,Matched,,,,,,
2768,CASH_IN,72644.99,72644.99,Matched,,,,,,
2769,CASH_IN,133621.41,133621.41,Matched,,,,,,
2770,CASH_IN,151228.18,151228.18,Matched,,,,,,
2771,CASH_IN,215511.92,215511.92,Matched,,,,,,
2772,CASH_IN,29929.77,29929.77,Matched,,,,,,
2773,CASH_IN,205612.49,205612.49,Matched,,,,,,
2774,CASH_IN,30070.91,30070.91,Matched,,,,,,
2775,CASH_IN,209159.54,209159.54,Matched,,,,,,
2776,CASH_IN,109768.65,109768.65,Matched,,,,,,
2777,CASH_IN,216556.93,216556.93,Matched,,,,,,
2778,CASH_IN,113486.72,113486.72,Matched,,,,,,
2779,CASH_IN,38883.63,38883.63,Matched,,,,,,
2780,CASH_IN,85917.73,85917.73,Matched,,,,,,
2781,CASH_IN,242679.64,242679.64,Matched,,,,,,
2782,CASH_IN,208366.03,208366.03,Matched,,,,,,
2783,CASH_IN,36251.27,36251.27,Matched,,,,,,
2784,CASH_IN,17791.71,17791.71,Matched,,,,,,
2785,CASH_IN,248307.1,248307.1,Matched,,,,,,
2786,CASH_IN,911.76,911.76,Matched,,,,,,
2787,CASH_IN,149683.03,149683.03,Matched,,,,,,
2788,CASH_IN,203301.58,203301.58,Matched,,,,,,
2789,CASH_IN,56238.58,56238.58,Matched,,,,,,
2790,CASH_IN,457363.51,457363.51,Matched,,,,,,
2791,CASH_IN,105173.53,105173.53,Matched,,,,,,
2792,CASH_IN,32852.19,32852.19,Matched,,,,,,
2793,CASH_IN,22096.38,22096.38,Matched,,,,,,
2794,PAYMENT,3840.87,3840.87,Matched,,,,,,
2795,TRANSFER,53763.65,53763.65,Matched,,,,,,
2796,PAYMENT,3604.2,3604.2,Matched,,,,,,
2797,PAYMENT,8181.09,8181.09,Matched,,,,,,
2798,CASH_OUT,140396.66,140396.66,Matched,,,,,,
2799,PAYMENT,425.31,425.31,Matched,,,,,,
2800,PAYMENT,2830.73,2830.73,Matched,,,,,,
2801,PAYMENT,7449.2,7449.2,Matched,,,,,,
2802,PAYMENT,11528.22,11528.22,Matched,,,,,,
2803,PAYMENT,162.17,162.17,Matched,,,,,,
2804,DEBIT,1019.87,1019.87,Matched,,,,,,
2805,PAYMENT,7832.2,7832.2,Matched,,,,,,
2806,PAYMENT,4151.85,4151.85,Matched,,,,,,
2807,PAYMENT,18763.84,18763.84,Matched,,,,,,
2808,PAYMENT,4691.54,4691.54,Matched,,,,,,
2809,PAYMENT,18062.09,18062.09,Matched,,,,,,
2810,CASH_OUT,48899.07,48899.07,Matched,,,,,,
2811,PAYMENT,9371.85,9371.85,Matched,,,,,,
2812,CASH_OUT,56432.77,56432.77,Matched,,,,,,
2813,PAYMENT,7303.17,7303.17,Matched,,,,,,
2814,DEBIT,677.53,677.53,Matched,,,,,,
2815,PAYMENT,5560.25,5560.25,Matched,,,,,,
2816,CASH_IN,216179.58,216179.58,Matched,,,,,,
2817,CASH_IN,62802.61,62802.61,Matched,,,,,,
2818,CASH_IN,351633.67,351633.67,Matched,,,,,,
2819,CASH_IN,696979.11,696979.11,Matched,,,,,,
2820,CASH_IN,44137.21,44137.21,Matched,,,,,,
2821,CASH_IN,31898.13,31898.13,Matched,,,,,,
2822,CASH_IN,139524.98,139524.98,Matched,,,,,,
2823,CASH_IN,23895.37,23895.37,Matched,,,,,,
2824,CASH_IN,107547.52,107547.52,Matched,,,,,,
2825,CASH_IN,24889.66,24889.66,Matched,,,,,,
2826,CASH_IN,262535.15,262535.15,Matched,,,,,,
2827,CASH_IN,286710.32,286710.32,Matched,,,,,,
2828,CASH_IN,241906.13,241906.13,Matched,,,,,,
2829,CASH_IN,227500.21,227500.21,Matched,,,,,,
2830,CASH_IN,353902.72,353902.72,Matched,,,,,,
2831,CASH_IN,138805.3,138805.3,Matched,,,,,,
2832,CASH_IN,126516.27,126516.27,Matched,,,,,,
2833,CASH_IN,121752.39,121752.39,Matched,,,,,,
2834,CASH_IN,130280.74,130280.74,Matched,,,,,,
2835,CASH_IN,214226.11,214226.11,Matched,,,,,,
2836,CASH_IN,140691.04,140691.04,Matched,,,,,,
2837,CASH_IN,42646.67,42646.67,Matched,,,,,,
2838,CASH_IN,218881.33,218881.33,Matched,,,,,,
2839,CASH_IN,200373.08,200373.08,Matched,,,,,,
2840,CASH_IN,72984.81,72984.81,Matched,,,,,,
2841,CASH_IN,79079.01,79079.01,Matched,,,,,,
2842,CASH_IN,336230.03,336230.03,Matched,,,,,,
2843,CASH_IN,36775.45,36775.45,Matched,,,,,,
2844,CASH_IN,75162.99,74411.36,Amount Mismatch,,,,,,
2845,CASH_IN,49512.11,49512.11,Matched,,,,,,
2846,CASH_IN,147987.48,147987.48,Matched,,,,,,
2847,CASH_IN,170063.55,170063.55,Matched,,,,,,
2848,CASH_IN,76305.39,76305.39,Matched,,,,,,
2849,CASH_IN,88510.71,88510.71,Matched,,,,,,
2850,CASH_IN,18194.34,18194.34,Matched,,,,,,
2851,CASH_IN,116197.94,116197.94,Matched,,,,,,
2852,CASH_IN,68931.2,68931.2,Matched,,,,,,
2853,CASH_IN,231460.09,231460.09,Matched,,,,,,
2854,CASH_IN,193954.94,193954.94,Matched,,,,,,
2855,CASH_IN,156316.71,156316.71,Matched,,,,,,
2856,CASH_IN,94841.38,94841.38,Matched,,,,,,
2857,CASH_IN,232720.95,232720.95,Matched,,,,,,
2858,CASH_IN,275712.54,275712.54,Matched,,,,,,
2859,CASH_IN,18536.86,18536.86,Matched,,,,,,
2860,CASH_IN,38978.32,38978.32,Matched,,,,,,
2861,CASH_IN,89380.43,89380.43,Matched,,,,,,
2862,CASH_IN,63116.69,63116.69,Matched,,,,,,
2863,CASH_IN,28652.4,28652.4,Matched,,,,,,
2864,CASH_IN,568912.68,568912.68,Matched,,,,,,
2865,PAYMENT,3351.14,3351.14,Matched,,,,,,
2866,CASH_IN,391970.1,391970.1,Matched,,,,,,
2867,PAYMENT,4564.51,4564.51,Matched,,,,,,
2868,CASH_IN,157570.4,157570.4,Matched,,,,,,
2869,PAYMENT,3050.39,3050.39,Matched,,,,,,
2870,CASH_IN,152991.7,152991.7,Matched,,,,,,
2871,PAYMENT,942.95,942.95,Matched,,,,,,
2872,CASH_IN,252555.37,252555.37,Matched,,,,,,
2873,PAYMENT,121.27,121.27,Matched,,,,,,
2874,CASH_IN,143669.66,143669.66,Matched,,,,,,
2875,PAYMENT,3798.36,3798.36,Matched,,,,,,
2876,CASH_IN,77711.94,77711.94,Matched,,,,,,
2877,PAYMENT,2246.11,2246.11,Matched,,,,,,
2878,CASH_IN,81687.69,81687.69,Matched,,,,,,
2879,PAYMENT,1217.83,1217.83,Matched,,,,,,
2880,CASH_IN,211454.31,211454.31,Matched,,,,,,
2881,PAYMENT,1285.77,1285.77,Matched,,,,,,
2882,CASH_IN,70396.7,70396.7,Matched,,,,,,
2883,PAYMENT,25767.46,25767.46,Matched,,,,,,
2884,CASH_IN,87551.31,87551.31,Matched,,,,,,
2885,PAYMENT,6054.6,6054.6,Matched,,,,,,
2886,CASH_IN,70060.61,70060.61,Matched,,,,,,
2887,PAYMENT,1816.52,1816.52,Matched,,,,,,
2888,CASH_IN,119084.3,119084.3,Matched,,,,,,
2889,CASH_IN,63590.82,63590.82,Matched,,,,,,
2890,CASH_IN,124919.54,124919.54,Matched,,,,,,
2891,CASH_IN,481106.85,481106.85,Matched,,,,,,
2892,CASH_IN,54664.96,54664.96,Matched,,,,,,
2893,CASH_IN,56316.65,56316.65,Matched,,,,,,
2894,CASH_IN,9638.88,9638.88,Matched,,,,,,
2895,CASH_IN,79346.19,79346.19,Matched,,,,,,
2896,CASH_IN,54168.83,54168.83,Matched,,,,,,
2897,CASH_IN,93187.96,93187.96,Matched,,,,,,
2898,CASH_IN,139740.04,139740.04,Matched,,,,,,
2899,CASH_IN,132890.64,132890.64,Matched,,,,,,
2900,CASH_IN,31876.77,31876.77,Matched,,,,,,
2901,CASH_IN,212291.34,212291.34,Matched,,,,,,
2902,CASH_IN,103835.15,103835.15,Matched,,,,,,
2903,TRANSFER,106141.92,106141.92,Matched,,,,,,
2904,PAYMENT,1327.37,1327.37,Matched,,,,,,
2905,CASH_IN,67997.07,67997.07,Matched,,,,,,
2906,PAYMENT,11000.73,11000.73,Matched,,,,,,
2907,CASH_IN,123950.2,123950.2,Matched,,,,,,
2908,PAYMENT,1576.82,1576.82,Matched,,,,,,
2909,CASH_IN,313452.48,313452.48,Matched,,,,,,
2910,PAYMENT,14229.35,14229.35,Matched,,,,,,
2911,CASH_IN,168681.06,168681.06,Matched,,,,,,
2912,PAYMENT,2280.09,2280.09,Matched,,,,,,
2913,TRANSFER,82616.3,82616.3,Matched,,,,,,
2914,CASH_IN,160370.33,160370.33,Matched,,,,,,
2915,TRANSFER,108157.51,108157.51,Matched,,,,,,
2916,TRANSFER,149935.68,149935.68,Matched,,,,,,
2917,PAYMENT,10324.3,10324.3,Matched,,,,,,
2918,PAYMENT,10909.31,10909.31,Matched,,,,,,
2919,TRANSFER,13126.23,13126.23,Matched,,,,,,
2920,PAYMENT,24953.83,24953.83,Matched,,,,,,
2921,PAYMENT,3236.42,3236.42,Matched,,,,,,
2922,PAYMENT,2507.52,2507.52,Matched,,,,,,
2923,DEBIT,7257.37,7257.37,Matched,,,,,,
2924,PAYMENT,2153.63,2153.63,Matched,,,,,,
2925,PAYMENT,15803.6,15803.6,Matched,,,,,,
2926,CASH_OUT,101226.51,101226.51,Matched,,,,,,
2927,DEBIT,3718.7,3718.7,Matched,,,,,,
2928,PAYMENT,2040.71,2040.71,Matched,,,,,,
2929,PAYMENT,3382.36,3382.36,Matched,,,,,,
2930,PAYMENT,4343.55,4343.55,Matched,,,,,,
2931,PAYMENT,10693.28,10693.28,Matched,,,,,,
2932,DEBIT,6459.82,6459.82,Matched,,,,,,
2933,PAYMENT,157.91,157.91,Matched,,,,,,
2934,PAYMENT,13651.49,13651.49,Matched,,,,,,
2935,PAYMENT,2678.1,2678.1,Matched,,,,,,
2936,CASH_OUT,55898.94,55898.94,Matched,,,,,,
2937,PAYMENT,5954.41,5954.41,Matched,,,,,,
2938,TRANSFER,365254.36,365254.36,Matched,,,,,,
2939,PAYMENT,3838,3838,Matched,,,,,,
2940,PAYMENT,3493.65,3493.65,Matched,,,,,,
2941,PAYMENT,10625.49,10625.49,Matched,,,,,,
2942,PAYMENT,2038.61,2038.61,Matched,,,,,,
2943,PAYMENT,7699.52,7699.52,Matched,,,,,,
2944,DEBIT,5230.89,5230.89,Matched,,,,,,
2945,CASH_OUT,52054.69,52054.69,Matched,,,,,,
2946,PAYMENT,1612.26,1612.26,Matched,,,,,,
2947,PAYMENT,31958.09,31958.09,Matched,,,,,,
2948,PAYMENT,61.68,61.68,Matched,,,,,,
2949,PAYMENT,3000.33,3000.33,Matched,,,,,,
2950,PAYMENT,2449.65,2449.65,Matched,,,,,,
2951,PAYMENT,10553.58,10553.58,Matched,,,,,,
2952,PAYMENT,5898.58,5898.58,Matched,,,,,,
2953,PAYMENT,6723.8,6723.8,Matched,,,,,,
2954,PAYMENT,9034.36,9034.36,Matched,,,,,,
2955,PAYMENT,6490.35,6490.35,Matched,,,,,,
2956,DEBIT,1332.91,1332.91,Matched,,,,,,
2957,PAYMENT,2388.04,2388.04,Matched,,,,,,
2958,PAYMENT,13832.09,13832.09,Matched,,,,,,
2959,PAYMENT,5398.19,5398.19,Matched,,,,,,
2960,PAYMENT,29.26,29.26,Matched,,,,,,
2961,PAYMENT,7201.74,7201.74,Matched,,,,,,
2962,CASH_OUT,26596.11,26596.11,Matched,,,,,,
2963,PAYMENT,12882.91,12882.91,Matched,,,,,,
2964,CASH_IN,71045.05,71045.05,Matched,,,,,,
2965,PAYMENT,5179.74,5179.74,Matched,,,,,,
2966,PAYMENT,5769.55,5769.55,Matched,,,,,,
2967,PAYMENT,9633.82,9633.82,Matched,,,,,,
2968,PAYMENT,1470.16,1470.16,Matched,,,,,,
2969,PAYMENT,7094.53,7094.53,Matched,,,,,,
2970,PAYMENT,11760.28,11760.28,Matched,,,,,,
2971,PAYMENT,10720.07,10720.07,Matched,,,,,,
2972,PAYMENT,12710.27,12710.27,Matched,,,,,,
2973,CASH_IN,126950.91,126950.91,Matched,,,,,,
2974,PAYMENT,15630,15630,Matched,,,,,,
2975,PAYMENT,4733.94,4733.94,Matched,,,,,,
2976,PAYMENT,12786.76,12786.76,Matched,,,,,,
2977,PAYMENT,906.96,906.96,Matched,,,,,,
2978,PAYMENT,626.6,626.6,Matched,,,,,,
2979,PAYMENT,6466.5,6466.5,Matched,,,,,,
2980,CASH_OUT,71579.52,71579.52,Matched,,,,,,
2981,CASH_IN,34638.53,34638.53,Matched,,,,,,
2982,PAYMENT,150.35,150.35,Matched,,,,,,
2983,DEBIT,7677.73,7677.73,Matched,,,,,,
2984,PAYMENT,16811.1,16811.1,Matched,,,,,,
2985,TRANSFER,203330.05,203330.05,Matched,,,,,,
2986,PAYMENT,9707.6,9707.6,Matched,,,,,,
2987,TRANSFER,147176.03,147176.03,Matched,,,,,,
2988,PAYMENT,486.97,486.97,Matched,,,,,,
2989,DEBIT,3882.8,3882.8,Matched,,,,,,
2990,PAYMENT,8545.5,8545.5,Matched,,,,,,
2991,CASH_OUT,101485.5,101485.5,Matched,,,,,,
2992,CASH_IN,152873.19,152873.19,Matched,,,,,,
2993,PAYMENT,6373.61,6373.61,Matched,,,,,,
2994,CASH_IN,27363.26,27363.26,Matched,,,,,,
2995,CASH_OUT,57908.35,57908.35,Matched,,,,,,
2996,CASH_OUT,9255.25,9255.25,Matched,,,,,,
2997,CASH_IN,184263.87,184263.87,Matched,,,,,,
2998,CASH_OUT,87732.74,87732.74,Matched,,,,,,
2999,CASH_IN,178912.5,178912.5,Matched,,,,,,
3000,CASH_OUT,36361.34,36361.34,Matched,,,,,,
3001,CASH_OUT,185611.95,185611.95,Matched,,,,,,
3002,CASH_IN,37590.03,37590.03,Matched,,,,,,
3003,CASH_OUT,68968.25,68968.25,Matched,,,,,,
3004,CASH_IN,172844.87,172844.87,Matched,,,,,,
3005,CASH_OUT,89412.56,89412.56,Matched,,,,,,
3006,CASH_IN,131027.05,131027.05,Matched,,,,,,
3007,CASH_OUT,8760.71,8760.71,Matched,,,,,,
3008,CASH_OUT,158406.66,158406.66,Matched,,,,,,
3009,CASH_IN,44873.56,44873.56,Matched,,,,,,
3010,CASH_OUT,18672.02,18672.02,Matched,,,,,,
3011,CASH_IN,405429.47,405429.47,Matched,,,,,,
3012,CASH_OUT,358456.99,358456.99,Matched,,,,,,
3013,CASH_OUT,93793.88,93793.88,Matched,,,,,,
3014,CASH_IN,44809.72,44809.72,Matched,,,,,,
3015,PAYMENT,149.66,149.66,Matched,,,,,,
3016,CASH_OUT,245091.49,245091.49,Matched,,,,,,
3017,CASH_OUT,51630.01,51630.01,Matched,,,,,,
3018,CASH_OUT,115800.39,115800.39,Matched,,,,,,
3019,PAYMENT,7853.17,7853.17,Matched,,,,,,
3020,CASH_IN,1076.27,1076.27,Matched,,,,,,
3021,CASH_OUT,30095.32,30095.32,Matched,,,,,,
3022,PAYMENT,15498.52,15498.52,Matched,,,,,,
3023,CASH_OUT,128357.05,128357.05,Matched,,,,,,
3024,CASH_IN,61546.97,61546.97,Matched,,,,,,
3025,CASH_IN,135665.1,135665.1,Matched,,,,,,
3026,CASH_OUT,214983.83,214983.83,Matched,,,,,,
3027,CASH_OUT,256624.13,256624.13,Matched,,,,,,
3028,PAYMENT,2619.18,2619.18,Matched,,,,,,
3029,CASH_IN,36040.39,36040.39,Matched,,,,,,
3030,CASH_OUT,295143.53,295143.53,Matched,,,,,,
3031,CASH_IN,33692.43,33692.43,Matched,,,,,,
3032,CASH_OUT,63057.49,63057.49,Matched,,,,,,
3033,PAYMENT,2272.46,2272.46,Matched,,,,,,
3034,CASH_IN,312061.25,312061.25,Matched,,,,,,
3035,CASH_OUT,454775.22,454775.22,Matched,,,,,,
3036,CASH_OUT,330334.44,330334.44,Matched,,,,,,
3037,PAYMENT,1395.69,1395.69,Matched,,,,,,
3038,CASH_IN,160565,160565,Matched,,,,,,
3039,CASH_OUT,341122.21,341122.21,Matched,,,,,,
3040,CASH_IN,226580.84,226580.84,Matched,,,,,,
3041,CASH_OUT,279843.2,279843.2,Matched,,,,,,
3042,PAYMENT,18658.63,18658.63,Matched,,,,,,
3043,CASH_IN,71176.26,71176.26,Matched,,,,,,
3044,PAYMENT,5352.59,5352.59,Matched,,,,,,
3045,CASH_IN,223565.38,223565.38,Matched,,,,,,
3046,PAYMENT,6473.31,6473.31,Matched,,,,,,
3047,PAYMENT,20051.7,20051.7,Matched,,,,,,
3048,CASH_IN,208664.25,208664.25,Matched,,,,,,
3049,PAYMENT,3847.78,3847.78,Matched,,,,,,
3050,PAYMENT,10399.14,10399.14,Matched,,,,,,
3051,PAYMENT,1644.19,1644.19,Matched,,,,,,
3052,CASH_IN,425986.84,425986.84,Matched,,,,,,
3053,PAYMENT,925.63,925.63,Matched,,,,,,
3054,CASH_IN,100127.4,100127.4,Matched,,,,,,
3055,PAYMENT,3580.23,3580.23,Matched,,,,,,
3056,PAYMENT,8024.95,8024.95,Matched,,,,,,
3057,PAYMENT,6531.24,6531.24,Matched,,,,,,
3058,PAYMENT,11378.85,11378.85,Matched,,,,,,
3059,PAYMENT,14462.98,14462.98,Matched,,,,,,
3060,PAYMENT,10994.82,10994.82,Matched,,,,,,
3061,PAYMENT,3489.41,3489.41,Matched,,,,,,
3062,PAYMENT,3414.39,3414.39,Matched,,,,,,
3063,PAYMENT,5822.2,5822.2,Matched,,,,,,
3064,PAYMENT,2768.58,2768.58,Matched,,,,,,
3065,PAYMENT,1958.03,1958.03,Matched,,,,,,
3066,PAYMENT,11559.81,11559.81,Matched,,,,,,
3067,CASH_OUT,312856,312856,Matched,,,,,,
3068,PAYMENT,4706.29,4706.29,Matched,,,,,,
3069,PAYMENT,1563.69,1563.69,Matched,,,,,,
3070,PAYMENT,8216.87,8216.87,Matched,,,,,,
3071,PAYMENT,580.51,580.51,Matched,,,,,,
3072,PAYMENT,5122.98,5122.98,Matched,,,,,,
3073,PAYMENT,1156.11,1156.11,Matched,,,,,,
3074,PAYMENT,19288.9,19288.9,Matched,,,,,,
3075,DEBIT,2744.65,2744.65,Matched,,,,,,
3076,PAYMENT,1445.37,1445.37,Matched,,,,,,
3077,PAYMENT,2217.41,2217.41,Matched,,,,,,
3078,DEBIT,3462.64,3462.64,Matched,,,,,,
3079,TRANSFER,336413.4,336413.4,Matched,,,,,,
3080,PAYMENT,11391.64,11391.64,Matched,,,,,,
3081,TRANSFER,14949.84,14949.84,Matched,,,,,,
3082,PAYMENT,1666.17,1666.17,Matched,,,,,,
3083,PAYMENT,2897.59,2897.59,Matched,,,,,,
3084,DEBIT,1053.29,1053.29,Matched,,,,,,
3085,CASH_OUT,14949.84,14949.84,Matched,,,,,,
3086,PAYMENT,4886.95,4886.95,Matched,,,,,,
3087,CASH_OUT,94658.15,94658.15,Matched,,,,,,
3088,PAYMENT,2556.31,2556.31,Matched,,,,,,
3089,PAYMENT,8886.96,8886.96,Matched,,,,,,
3090,PAYMENT,5647.66,5647.66,Matched,,,,,,
3091,CASH_OUT,68588.88,68588.88,Matched,,,,,,
3092,PAYMENT,1212.07,1212.07,Matched,,,,,,
3093,PAYMENT,8543.51,8543.51,Matched,,,,,,
3094,PAYMENT,4072.66,4072.66,Matched,,,,,,
3095,PAYMENT,5183.53,5183.53,Matched,,,,,,
3096,CASH_OUT,132382.57,132382.57,Matched,,,,,,
3097,PAYMENT,2441.09,2441.09,Matched,,,,,,
3098,DEBIT,7481.76,7481.76,Matched,,,,,,
3099,CASH_OUT,189592.17,189592.17,Matched,,,,,,
3100,PAYMENT,7074.35,7074.35,Matched,,,,,,
3101,TRANSFER,148688.71,148688.71,Matched,,,,,,
3102,DEBIT,4198.49,4198.49,Matched,,,,,,
3103,PAYMENT,5045.77,5045.77,Matched,,,,,,
3104,DEBIT,1841.58,1841.58,Matched,,,,,,
3105,PAYMENT,1860.2,1860.2,Matched,,,,,,
3106,PAYMENT,12542.66,12542.66,Matched,,,,,,
3107,PAYMENT,34.22,34.22,Matched,,,,,,
3108,TRANSFER,23377.76,23377.76,Matched,,,,,,
3109,PAYMENT,473.51,473.51,Matched,,,,,,
3110,PAYMENT,10819.89,10819.89,Matched,,,,,,
3111,PAYMENT,8087.5,8087.5,Matched,,,,,,
3112,PAYMENT,4481.54,4481.54,Matched,,,,,,
3113,PAYMENT,10788.66,10788.66,Matched,,,,,,
3114,PAYMENT,18714.87,18714.87,Matched,,,,,,
3115,PAYMENT,3535.73,3535.73,Matched,,,,,,
3116,PAYMENT,10965.89,10965.89,Matched,,,,,,
3117,TRANSFER,132513.7,132513.7,Matched,,,,,,
3118,PAYMENT,2636.86,2636.86,Matched,,,,,,
3119,PAYMENT,2739.8,2739.8,Matched,,,,,,
3120,PAYMENT,7707.04,7707.04,Matched,,,,,,
3121,DEBIT,6408.6,6408.6,Matched,,,,,,
3122,PAYMENT,12787.03,12787.03,Matched,,,,,,
3123,PAYMENT,7611.48,7611.48,Matched,,,,,,
3124,PAYMENT,2980.24,2980.24,Matched,,,,,,
3125,PAYMENT,20603.4,20603.4,Matched,,,,,,
3126,PAYMENT,5398.15,5398.15,Matched,,,,,,
3127,PAYMENT,13285.98,13285.98,Matched,,,,,,
3128,PAYMENT,5567.54,5567.54,Matched,,,,,,
3129,PAYMENT,14514.14,14514.14,Matched,,,,,,
3130,PAYMENT,722.75,722.75,Matched,,,,,,
3131,PAYMENT,18782.2,18782.2,Matched,,,,,,
3132,CASH_OUT,69038.41,69038.41,Matched,,,,,,
3133,PAYMENT,1946.14,1946.14,Matched,,,,,,
3134,PAYMENT,19332.44,19332.44,Matched,,,,,,
3135,PAYMENT,11101.89,11101.89,Matched,,,,,,
3136,PAYMENT,5750.69,5750.69,Matched,,,,,,
3137,PAYMENT,1413.15,1413.15,Matched,,,,,,
3138,PAYMENT,3286.78,3286.78,Matched,,,,,,
3139,PAYMENT,964.93,964.93,Matched,,,,,,
3140,PAYMENT,21987.06,21987.06,Matched,,,,,,
3141,PAYMENT,36622.73,36622.73,Matched,,,,,,
3142,DEBIT,1726.62,1726.62,Matched,,,,,,
3143,PAYMENT,13839.11,13839.11,Matched,,,,,,
3144,TRANSFER,963532.14,963532.14,Matched,,,,,,
3145,PAYMENT,5222.53,5222.53,Matched,,,,,,
3146,PAYMENT,3879.64,3879.64,Matched,,,,,,
3147,PAYMENT,5908.57,5908.57,Matched,,,,,,
3148,PAYMENT,38.88,38.88,Matched,,,,,,
3149,CASH_OUT,963532.14,963532.14,Matched,,,,,,
3150,PAYMENT,4153.3,4153.3,Matched,,,,,,
3151,PAYMENT,9611.47,9611.47,Matched,,,,,,
3152,PAYMENT,2942.66,2942.66,Matched,,,,,,
3153,PAYMENT,2358.86,2358.86,Matched,,,,,,
3154,PAYMENT,10024.14,10024.14,Matched,,,,,,
3155,PAYMENT,16473.03,16473.03,Matched,,,,,,
3156,PAYMENT,11816.56,11816.56,Matched,,,,,,
3157,DEBIT,3949.99,3949.99,Matched,,,,,,
3158,PAYMENT,9714.23,9714.23,Matched,,,,,,
3159,PAYMENT,1863.03,1863.03,Matched,,,,,,
3160,DEBIT,7888.3,7888.3,Matched,,,,,,
3161,PAYMENT,439.66,439.66,Matched,,,,,,
3162,PAYMENT,4994.3,4994.3,Matched,,,,,,
3163,PAYMENT,5184.26,5184.26,Matched,,,,,,
3164,PAYMENT,20461.89,20461.89,Matched,,,,,,
3165,PAYMENT,14213.84,14213.84,Matched,,,,,,
3166,PAYMENT,3470.6,3470.6,Matched,,,,,,
3167,DEBIT,3868.15,3868.15,Matched,,,,,,
3168,CASH_OUT,60214.51,60214.51,Matched,,,,,,
3169,PAYMENT,7676.41,7676.41,Matched,,,,,,
3170,PAYMENT,13802.16,13802.16,Matched,,,,,,
3171,DEBIT,8723.05,8723.05,Matched,,,,,,
3172,DEBIT,633.34,633.34,Matched,,,,,,
3173,PAYMENT,2531.09,2531.09,Matched,,,,,,
3174,PAYMENT,7204.66,7204.66,Matched,,,,,,
3175,PAYMENT,2391.38,2391.38,Matched,,,,,,
3176,PAYMENT,764.8,764.8,Matched,,,,,,
3177,PAYMENT,499.09,499.09,Matched,,,,,,
3178,PAYMENT,6183.46,6183.46,Matched,,,,,,
3179,PAYMENT,4738.43,4738.43,Matched,,,,,,
3180,PAYMENT,5910.1,5910.1,Matched,,,,,,
3181,PAYMENT,1150.36,1150.36,Matched,,,,,,
3182,PAYMENT,20442.39,20442.39,Matched,,,,,,
3183,PAYMENT,9877.48,9877.48,Matched,,,,,,
3184,PAYMENT,12099.05,12099.05,Matched,,,,,,
3185,PAYMENT,8194.49,8194.49,Matched,,,,,,
3186,PAYMENT,8596.25,8596.25,Matched,,,,,,
3187,PAYMENT,581.37,581.37,Matched,,,,,,
3188,PAYMENT,13550.62,13550.62,Matched,,,,,,
3189,PAYMENT,1477.91,1477.91,Matched,,,,,,
3190,PAYMENT,9657.66,9657.66,Matched,,,,,,
3191,DEBIT,1131.72,1131.72,Matched,,,,,,
3192,PAYMENT,4539.49,4539.49,Matched,,,,,,
3193,PAYMENT,4004.23,4004.23,Matched,,,,,,
3194,TRANSFER,1096187.24,1096187.24,Matched,,,,,,
3195,PAYMENT,423.81,423.81,Matched,,,,,,
3196,PAYMENT,6069.06,6069.06,Matched,,,,,,
3197,CASH_IN,233432.28,233432.28,Matched,,,,,,
3198,CASH_OUT,1096187.24,1096187.24,Matched,,,,,,
3199,DEBIT,6012.68,6012.68,Matched,,,,,,
3200,TRANSFER,7081.22,7081.22,Matched,,,,,,
3201,PAYMENT,17549.8,17549.8,Matched,,,,,,
3202,PAYMENT,9914.5,9914.5,Matched,,,,,,
3203,PAYMENT,2478.71,2478.71,Matched,,,,,,
3204,PAYMENT,7182,7182,Matched,,,,,,
3205,PAYMENT,6416.72,6416.72,Matched,,,,,,
3206,PAYMENT,10592.75,10592.75,Matched,,,,,,
3207,PAYMENT,6382.51,6382.51,Matched,,,,,,
3208,CASH_OUT,232486.18,232486.18,Matched,,,,,,
3209,PAYMENT,22228.5,22228.5,Matched,,,,,,
3210,PAYMENT,5840.15,5840.15,Matched,,,,,,
3211,PAYMENT,7767.92,7767.92,Matched,,,,,,
3212,PAYMENT,117.32,117.32,Matched,,,,,,
3213,CASH_OUT,53083.59,53083.59,Matched,,,,,,
3214,PAYMENT,740.95,740.95,Matched,,,,,,
3215,PAYMENT,4373.69,4373.69,Matched,,,,,,
3216,CASH_OUT,110520.75,110520.75,Matched,,,,,,
3217,DEBIT,1225.92,1225.92,Matched,,,,,,
3218,TRANSFER,67234.96,67234.96,Matched,,,,,,
3219,PAYMENT,3088.09,3088.09,Matched,,,,,,
3220,DEBIT,4369.05,4369.05,Matched,,,,,,
3221,PAYMENT,2986.97,2986.97,Matched,,,,,,
3222,CASH_OUT,104222.89,104222.89,Matched,,,,,,
3223,PAYMENT,14198.34,14198.34,Matched,,,,,,
3224,PAYMENT,2767.59,2767.59,Matched,,,,,,
3225,PAYMENT,29414.89,29414.89,Matched,,,,,,
3226,DEBIT,1890.03,1890.03,Matched,,,,,,
3227,CASH_OUT,107963.88,107963.88,Matched,,,,,,
3228,PAYMENT,402.22,402.22,Matched,,,,,,
3229,PAYMENT,4821.26,4821.26,Matched,,,,,,
3230,CASH_OUT,108659.34,108659.34,Matched,,,,,,
3231,CASH_OUT,332574.96,332574.96,Matched,,,,,,
3232,PAYMENT,5966.29,5966.29,Matched,,,,,,
3233,PAYMENT,2471.19,2471.19,Matched,,,,,,
3234,CASH_OUT,234198.21,234198.21,Matched,,,,,,
3235,PAYMENT,7810.47,7810.47,Matched,,,,,,
3236,TRANSFER,41446.48,41446.48,Matched,,,,,,
3237,CASH_OUT,188890.52,188890.52,Matched,,,,,,
3238,DEBIT,2307.78,2307.78,Matched,,,,,,
3239,PAYMENT,10006.72,10006.72,Matched,,,,,,
3240,CASH_OUT,97601.12,97601.12,Matched,,,,,,
3241,CASH_OUT,299336.05,299336.05,Matched,,,,,,
3242,PAYMENT,6108.27,6108.27,Matched,,,,,,
3243,PAYMENT,6934.8,6934.8,Matched,,,,,,
3244,CASH_OUT,48183.1,48183.1,Matched,,,,,,
3245,CASH_OUT,6016.03,6016.03,Matched,,,,,,
3246,PAYMENT,9614.45,9614.45,Matched,,,,,,
3247,CASH_OUT,122810.19,122810.19,Matched,,,,,,
3248,CASH_OUT,96785.24,96785.24,Matched,,,,,,
3249,PAYMENT,7856.39,7856.39,Matched,,,,,,
3250,CASH_OUT,259448.64,259448.64,Matched,,,,,,
3251,PAYMENT,10738.05,10738.05,Matched,,,,,,
3252,PAYMENT,1125.82,1125.82,Matched,,,,,,
3253,CASH_OUT,256481.7,256481.7,Matched,,,,,,
3254,PAYMENT,208.35,208.35,Matched,,,,,,
3255,CASH_OUT,22948.44,22948.44,Matched,,,,,,
3256,DEBIT,4674.03,4674.03,Matched,,,,,,
3257,CASH_OUT,37493.87,37493.87,Matched,,,,,,
3258,PAYMENT,3719.89,3719.89,Matched,,,,,,
3259,PAYMENT,10967.31,10967.31,Matched,,,,,,
3260,CASH_OUT,142442.16,142442.16,Matched,,,,,,
3261,PAYMENT,4570.29,4570.29,Matched,,,,,,
3262,CASH_OUT,58981.28,58981.28,Matched,,,,,,
3263,DEBIT,923.14,923.14,Matched,,,,,,
3264,CASH_OUT,49267.14,49267.14,Matched,,,,,,
3265,DEBIT,3995.57,3995.57,Matched,,,,,,
3266,CASH_OUT,293358.03,293358.03,Matched,,,,,,
3267,PAYMENT,5975.88,5975.88,Matched,,,,,,
3268,PAYMENT,3703.76,3703.76,Matched,,,,,,
3269,CASH_OUT,692460.02,692460.02,Matched,,,,,,
3270,DEBIT,702.32,702.32,Matched,,,,,,
3271,CASH_OUT,108702.86,108702.86,Matched,,,,,,
3272,PAYMENT,4356.91,4356.91,Matched,,,,,,
3273,CASH_OUT,211131.43,211131.43,Matched,,,,,,
3274,PAYMENT,2396.83,2396.83,Matched,,,,,,
3275,PAYMENT,7312.49,7312.49,Matched,,,,,,
3276,CASH_OUT,210833.38,210833.38,Matched,,,,,,
3277,CASH_OUT,205054.97,205054.97,Matched,,,,,,
3278,CASH_OUT,150366.56,150366.56,Matched,,,,,,
3279,PAYMENT,3567.5,3567.5,Matched,,,,,,
3280,PAYMENT,647.06,647.06,Matched,,,,,,
3281,CASH_OUT,106336.36,106336.36,Matched,,,,,,
3282,PAYMENT,5514.73,5514.73,Matched,,,,,,
3283,PAYMENT,1994.71,1994.71,Matched,,,,,,
3284,CASH_OUT,10511.06,10511.06,Matched,,,,,,
3285,CASH_OUT,163717.43,163717.43,Matched,,,,,,
3286,PAYMENT,7734.86,7734.86,Matched,,,,,,
3287,PAYMENT,2676.46,2676.46,Matched,,,,,,
3288,PAYMENT,1657.09,1657.09,Matched,,,,,,
3289,CASH_OUT,280267.65,280267.65,Matched,,,,,,
3290,PAYMENT,1602.18,1602.18,Matched,,,,,,
3291,TRANSFER,68630.15,68630.15,Matched,,,,,,
3292,PAYMENT,23938.64,23938.64,Matched,,,,,,
3293,CASH_OUT,381479.99,381479.99,Matched,,,,,,
3294,CASH_OUT,44145.7,44145.7,Matched,,,,,,
3295,PAYMENT,3095.41,3095.41,Matched,,,,,,
3296,CASH_OUT,194008.39,194008.39,Matched,,,,,,
3297,PAYMENT,733.57,733.57,Matched,,,,,,
3298,CASH_OUT,178805.23,178805.23,Matched,,,,,,
3299,PAYMENT,1971.81,1971.81,Matched,,,,,,
3300,DEBIT,3035.96,3035.96,Matched,,,,,,
3301,PAYMENT,385.23,385.23,Matched,,,,,,
3302,PAYMENT,3121.81,3121.81,Matched,,,,,,
3303,PAYMENT,1330.82,1330.82,Matched,,,,,,
3304,PAYMENT,14925.71,14925.71,Matched,,,,,,
3305,PAYMENT,4987.75,4987.75,Matched,,,,,,
3306,PAYMENT,478.1,478.1,Matched,,,,,,
3307,PAYMENT,5919.22,5919.22,Matched,,,,,,
3308,PAYMENT,5143.81,5143.81,Matched,,,,,,
3309,PAYMENT,1500.44,1500.44,Matched,,,,,,
3310,PAYMENT,11689.02,11689.02,Matched,,,,,,
3311,CASH_OUT,45458.81,45458.81,Matched,,,,,,
3312,PAYMENT,4794.98,4794.98,Matched,,,,,,
3313,PAYMENT,6330.85,6330.85,Matched,,,,,,
3314,PAYMENT,9418.88,9418.88,Matched,,,,,,
3315,PAYMENT,8723.42,8723.42,Matched,,,,,,
3316,PAYMENT,6604.34,6604.34,Matched,,,,,,
3317,PAYMENT,11265.41,11265.41,Matched,,,,,,
3318,PAYMENT,10805.83,10805.83,Matched,,,,,,
3319,PAYMENT,1044.89,1044.89,Matched,,,,,,
3320,PAYMENT,10625.75,10625.75,Matched,,,,,,
3321,DEBIT,1777.63,1777.63,Matched,,,,,,
3322,PAYMENT,4944.69,4944.69,Matched,,,,,,
3323,PAYMENT,9446.02,9446.02,Matched,,,,,,
3324,PAYMENT,2185.46,2185.46,Matched,,,,,,
3325,PAYMENT,12475.89,12475.89,Matched,,,,,,
3326,PAYMENT,9145.05,9145.05,Matched,,,,,,
3327,PAYMENT,9222.29,9222.29,Matched,,,,,,
3328,TRANSFER,129484.36,129484.36,Matched,,,,,,
3329,CASH_OUT,55940.69,55940.69,Matched,,,,,,
3330,PAYMENT,46256.91,46256.91,Matched,,,,,,
3331,PAYMENT,3220.95,3220.95,Matched,,,,,,
3332,PAYMENT,3887.42,3887.42,Matched,,,,,,
3333,PAYMENT,5745.53,5745.53,Matched,,,,,,
3334,PAYMENT,15730.19,15730.19,Matched,,,,,,
3335,PAYMENT,8416.21,8416.21,Matched,,,,,,
3336,PAYMENT,4249.18,4249.18,Matched,,,,,,
3337,PAYMENT,9877.72,9877.72,Matched,,,,,,
3338,CASH_OUT,74935.58,74935.58,Matched,,,,,,
3339,PAYMENT,979.03,979.03,Matched,,,,,,
3340,PAYMENT,7667.38,7667.38,Matched,,,,,,
3341,DEBIT,3817.82,3817.82,Matched,,,,,,
3342,PAYMENT,4497.18,4497.18,Matched,,,,,,
3343,CASH_OUT,69734.12,69734.12,Matched,,,,,,
3344,PAYMENT,7891.04,7891.04,Matched,,,,,,
3345,PAYMENT,2707.95,2707.95,Matched,,,,,,
3346,PAYMENT,10534.49,10534.49,Matched,,,,,,
3347,PAYMENT,11762.79,11762.79,Matched,,,,,,
3348,PAYMENT,2801.67,2801.67,Matched,,,,,,
3349,PAYMENT,4486.69,4486.69,Matched,,,,,,
3350,PAYMENT,11163.43,11163.43,Matched,,,,,,
3351,PAYMENT,8757.09,8757.09,Matched,,,,,,
3352,PAYMENT,4538.3,4538.3,Matched,,,,,,
3353,PAYMENT,3065.51,3065.51,Matched,,,,,,
3354,PAYMENT,1130.94,1130.94,Matched,,,,,,
3355,CASH_OUT,30017.69,30017.69,Matched,,,,,,
3356,PAYMENT,3814.9,3814.9,Matched,,,,,,
3357,PAYMENT,5812.29,5812.29,Matched,,,,,,
3358,TRANSFER,235882.32,235882.32,Matched,,,,,,
3359,PAYMENT,2292.68,2292.68,Matched,,,,,,
3360,CASH_IN,79037.41,79037.41,Matched,,,,,,
3361,PAYMENT,2959.21,2959.21,Matched,,,,,,
3362,PAYMENT,4189.91,4189.91,Matched,,,,,,
3363,PAYMENT,881.53,881.53,Matched,,,,,,
3364,PAYMENT,6621.75,6621.75,Matched,,,,,,
3365,PAYMENT,4235.51,4235.51,Matched,,,,,,
3366,PAYMENT,15245.32,15245.32,Matched,,,,,,
3367,PAYMENT,5374.49,5374.49,Matched,,,,,,
3368,TRANSFER,49367.62,49367.62,Matched,,,,,,
3369,PAYMENT,3186.6,3186.6,Matched,,,,,,
3370,PAYMENT,4468.28,4468.28,Matched,,,,,,
3371,TRANSFER,162724.99,162724.99,Matched,,,,,,
3372,PAYMENT,2390.56,2390.56,Matched,,,,,,
3373,PAYMENT,20144.74,20144.74,Matched,,,,,,
3374,PAYMENT,7803.48,7803.48,Matched,,,,,,
3375,TRANSFER,217743.76,217743.76,Matched,,,,,,
3376,DEBIT,1654.94,1654.94,Matched,,,,,,
3377,PAYMENT,16165.8,16165.8,Matched,,,,,,
3378,PAYMENT,3293.28,3293.28,Matched,,,,,,
3379,PAYMENT,9191.09,9191.09,Matched,,,,,,
3380,PAYMENT,1330.7,1330.7,Matched,,,,,,
3381,TRANSFER,189352.83,189352.83,Matched,,,,,,
3382,PAYMENT,1338.19,1338.19,Matched,,,,,,
3383,PAYMENT,18483.96,18483.96,Matched,,,,,,
3384,PAYMENT,5203.95,5203.95,Matched,,,,,,
3385,PAYMENT,778.6,778.6,Matched,,,,,,
3386,TRANSFER,191616.27,191616.27,Matched,,,,,,
3387,PAYMENT,1360.43,1360.43,Matched,,,,,,
3388,CASH_OUT,131087.07,131087.07,Matched,,,,,,
3389,PAYMENT,3042.92,3042.92,Matched,,,,,,
3390,PAYMENT,278.57,278.57,Matched,,,,,,
3391,TRANSFER,1773020.91,1773020.91,Matched,,,,,,
3392,PAYMENT,7890.99,7890.99,Matched,,,,,,
3393,DEBIT,1160.21,1160.21,Matched,,,,,,
3394,PAYMENT,3239.79,3239.79,Matched,,,,,,
3395,TRANSFER,150142.45,150142.45,Matched,,,,,,
3396,TRANSFER,1869161.56,1869161.56,Matched,,,,,,
3397,PAYMENT,21394.15,21394.15,Matched,,,,,,
3398,PAYMENT,4957.02,4957.02,Matched,,,,,,
3399,PAYMENT,2065.59,2065.59,Matched,,,,,,
3400,PAYMENT,20603.53,20603.53,Matched,,,,,,
3401,TRANSFER,170610.11,170610.11,Matched,,,,,,
3402,TRANSFER,84911.32,84911.32,Matched,,,,,,
3403,PAYMENT,7402.3,7402.3,Matched,,,,,,
3404,PAYMENT,1885.53,1885.53,Matched,,,,,,
3405,TRANSFER,939018.7,939018.7,Matched,,,,,,
3406,PAYMENT,1216.72,1216.72,Matched,,,,,,
3407,CASH_OUT,32733.62,32733.62,Matched,,,,,,
3408,CASH_OUT,13939.21,13939.21,Matched,,,,,,
3409,CASH_OUT,235419.91,235419.91,Matched,,,,,,
3410,TRANSFER,721458.64,721458.64,Matched,,,,,,
3411,PAYMENT,2740.48,2740.48,Matched,,,,,,
3412,TRANSFER,156474.87,156474.87,Matched,,,,,,
3413,TRANSFER,1487557.25,1487557.25,Matched,,,,,,
3414,CASH_IN,141982.52,141982.52,Matched,,,,,,
3415,DEBIT,5871.06,5871.06,Matched,,,,,,
3416,PAYMENT,5556.1,5556.1,Matched,,,,,,
3417,DEBIT,2351.74,2351.74,Matched,,,,,,
3418,TRANSFER,418492.9,418492.9,Matched,,,,,,
3419,PAYMENT,826.36,826.36,Matched,,,,,,
3420,PAYMENT,3427.04,3427.04,Matched,,,,,,
3421,PAYMENT,4681.64,4681.64,Matched,,,,,,
3422,TRANSFER,490747.67,490747.67,Matched,,,,,,
3423,PAYMENT,10819.72,10819.72,Matched,,,,,,
3424,PAYMENT,3308.25,3308.25,Matched,,,,,,
3425,PAYMENT,9687.92,9687.92,Matched,,,,,,
3426,DEBIT,1046.5,1046.5,Matched,,,,,,
3427,TRANSFER,257641.56,257641.56,Matched,,,,,,
3428,PAYMENT,28714.16,28714.16,Matched,,,,,,
3429,PAYMENT,5904.7,5904.7,Matched,,,,,,
3430,PAYMENT,772.01,772.01,Matched,,,,,,
3431,TRANSFER,984994.76,984994.76,Matched,,,,,,
3432,PAYMENT,12691.84,12691.84,Matched,,,,,,
3433,PAYMENT,898,898,Matched,,,,,,
3434,TRANSFER,884591.4,884591.4,Matched,,,,,,
3435,PAYMENT,14841.59,14841.59,Matched,,,,,,
3436,PAYMENT,4090.83,4090.83,Matched,,,,,,
3437,TRANSFER,376507.72,376507.72,Matched,,,,,,
3438,PAYMENT,25162.93,25162.93,Matched,,,,,,
3439,PAYMENT,3319.89,3319.89,Matched,,,,,,
3440,PAYMENT,16734.5,16734.5,Matched,,,,,,
3441,PAYMENT,2713.13,2713.13,Matched,,,,,,
3442,TRANSFER,507138.3,507138.3,Matched,,,,,,
3443,PAYMENT,7118.18,7118.18,Matched,,,,,,
3444,PAYMENT,12129.31,12129.31,Matched,,,,,,
3445,TRANSFER,603258.56,603258.56,Matched,,,,,,
3446,PAYMENT,6022.26,6022.26,Matched,,,,,,
3447,TRANSFER,129735.3,129735.3,Matched,,,,,,
3448,DEBIT,5360.4,5360.4,Matched,,,,,,
3449,PAYMENT,28118.46,28118.46,Matched,,,,,,
3450,PAYMENT,11667.76,11667.76,Matched,,,,,,
3451,TRANSFER,152649.37,152649.37,Matched,,,,,,
3452,PAYMENT,9157.3,9157.3,Matched,,,,,,
3453,PAYMENT,2316.7,2316.7,Matched,,,,,,
3454,PAYMENT,7049.83,7049.83,Matched,,,,,,
3455,PAYMENT,3714.42,3714.42,Matched,,,,,,
3456,PAYMENT,22012.11,22012.11,Matched,,,,,,
3457,PAYMENT,2110.53,2110.53,Matched,,,,,,
3458,TRANSFER,135348.62,135348.62,Matched,,,,,,
3459,DEBIT,981.57,981.57,Matched,,,,,,
3460,PAYMENT,8068.5,8068.5,Matched,,,,,,
3461,DEBIT,2293.28,2293.28,Matched,,,,,,
3462,PAYMENT,6808.86,6808.86,Matched,,,,,,
3463,PAYMENT,4890.32,4890.32,Matched,,,,,,
3464,PAYMENT,21069.51,21069.51,Matched,,,,,,
3465,PAYMENT,5758.46,5758.46,Matched,,,,,,
3466,TRANSFER,119451.25,119451.25,Matched,,,,,,
3467,CASH_OUT,89518.58,89518.58,Matched,,,,,,
3468,PAYMENT,4865.12,4865.12,Matched,,,,,,
3469,TRANSFER,60949.25,60949.25,Matched,,,,,,
3470,CASH_OUT,28369.42,28369.42,Matched,,,,,,
3471,PAYMENT,2409.12,2409.12,Matched,,,,,,
3472,PAYMENT,2900.55,2900.55,Matched,,,,,,
3473,TRANSFER,227236.78,227236.78,Matched,,,,,,
3474,PAYMENT,6605.53,6605.53,Matched,,,,,,
3475,DEBIT,4390.62,4390.62,Matched,,,,,,
3476,TRANSFER,351219.8,351219.8,Matched,,,,,,
3477,PAYMENT,12343.16,12343.16,Matched,,,,,,
3478,TRANSFER,203471.91,203471.91,Matched,,,,,,
3479,PAYMENT,873.3,873.3,Matched,,,,,,
3480,TRANSFER,64185.86,64185.86,Matched,,,,,,
3481,CASH_IN,254199.52,254199.52,Matched,,,,,,
3482,PAYMENT,545.55,545.55,Matched,,,,,,
3483,PAYMENT,8834.5,8834.5,Matched,,,,,,
3484,TRANSFER,1231953.95,1231953.95,Matched,,,,,,
3485,PAYMENT,11987.41,11987.41,Matched,,,,,,
3486,PAYMENT,2692.22,2692.22,Matched,,,,,,
3487,PAYMENT,2290,2290,Matched,,,,,,
3488,TRANSFER,2474181.78,2474181.78,Matched,,,,,,
3489,DEBIT,7594.57,7594.57,Matched,,,,,,
3490,PAYMENT,27037.66,27037.66,Matched,,,,,,
3491,PAYMENT,6002.42,6002.42,Matched,,,,,,
3492,PAYMENT,8048.16,8048.16,Matched,,,,,,
3493,TRANSFER,367966.09,367966.09,Matched,,,,,,
3494,PAYMENT,7360.48,7360.48,Matched,,,,,,
3495,CASH_OUT,169734.47,169734.47,Matched,,,,,,
3496,PAYMENT,1102.38,1102.38,Matched,,,,,,
3497,TRANSFER,602938.9,602938.9,Matched,,,,,,
3498,CASH_OUT,113758.88,113758.88,Matched,,,,,,
3499,PAYMENT,850.65,850.65,Matched,,,,,,
3500,PAYMENT,17827.48,17827.48,Matched,,,,,,
3501,DEBIT,5301.22,5301.22,Matched,,,,,,
3502,TRANSFER,1232150.93,1232150.93,Matched,,,,,,
3503,DEBIT,1377.34,1377.34,Matched,,,,,,
3504,PAYMENT,2276.89,2276.89,Matched,,,,,,
3505,PAYMENT,1702.16,1702.16,Matched,,,,,,
3506,PAYMENT,9583.89,9583.89,Matched,,,,,,
3507,TRANSFER,521278.47,521278.47,Matched,,,,,,
3508,PAYMENT,18864.22,18864.22,Matched,,,,,,
3509,PAYMENT,30858.63,30858.63,Matched,,,,,,
3510,TRANSFER,183763.58,183763.58,Matched,,,,,,
3511,TRANSFER,50333.01,50333.01,Matched,,,,,,
3512,TRANSFER,844849.66,844849.66,Matched,,,,,,
3513,PAYMENT,8386.17,8386.17,Matched,,,,,,
3514,PAYMENT,4592.82,4592.82,Matched,,,,,,
3515,PAYMENT,2362.45,2362.45,Matched,,,,,,
3516,PAYMENT,12029.55,12029.55,Matched,,,,,,
3517,PAYMENT,10597.26,10597.26,Matched,,,,,,
3518,PAYMENT,9213.89,9213.89,Matched,,,,,,
3519,PAYMENT,526.83,526.83,Matched,,,,,,
3520,PAYMENT,2837.62,2837.62,Matched,,,,,,
3521,PAYMENT,12956.39,12956.39,Matched,,,,,,
3522,PAYMENT,12894.97,12894.97,Matched,,,,,,
3523,PAYMENT,4054.4,4054.4,Matched,,,,,,
3524,TRANSFER,256227.34,256227.34,Matched,,,,,,
3525,PAYMENT,2688.02,2688.02,Matched,,,,,,
3526,PAYMENT,8348.86,8348.86,Matched,,,,,,
3527,PAYMENT,183.35,183.35,Matched,,,,,,
3528,TRANSFER,378843.29,378843.29,Matched,,,,,,
3529,PAYMENT,5825.97,5825.97,Matched,,,,,,
3530,PAYMENT,2577.79,2577.79,Matched,,,,,,
3531,TRANSFER,308871.37,308871.37,Matched,,,,,,
3532,TRANSFER,285251.82,285251.82,Matched,,,,,,
3533,PAYMENT,6142.72,6142.72,Matched,,,,,,
3534,PAYMENT,202.28,202.28,Matched,,,,,,
3535,PAYMENT,11357.4,11357.4,Matched,,,,,,
3536,PAYMENT,15025.01,15025.01,Matched,,,,,,
3537,TRANSFER,232336.31,232336.31,Matched,,,,,,
3538,PAYMENT,14037.48,14037.48,Matched,,,,,,
3539,DEBIT,4924.01,4924.01,Matched,,,,,,
3540,PAYMENT,14775.56,14775.56,Matched,,,,,,
3541,TRANSFER,896122.8,896122.8,Matched,,,,,,
3542,PAYMENT,3181.52,3181.52,Matched,,,,,,
3543,DEBIT,6174.06,6174.06,Matched,,,,,,
3544,CASH_OUT,170099.02,170099.02,Matched,,,,,,
3545,TRANSFER,414959.03,414959.03,Matched,,,,,,
3546,PAYMENT,688.58,688.58,Matched,,,,,,
3547,PAYMENT,2346.51,2346.51,Matched,,,,,,
3548,PAYMENT,6557.5,6557.5,Matched,,,,,,
3549,TRANSFER,317831.06,317831.06,Matched,,,,,,
3550,PAYMENT,3252.29,3252.29,Matched,,,,,,
3551,PAYMENT,5096.21,5096.21,Matched,,,,,,
3552,TRANSFER,548202.26,548202.26,Matched,,,,,,
3553,PAYMENT,6517.62,6517.62,Matched,,,,,,
3554,PAYMENT,4147.62,4147.62,Matched,,,,,,
3555,PAYMENT,6601.34,6601.34,Matched,,,,,,
3556,PAYMENT,3597.85,3597.85,Matched,,,,,,
3557,TRANSFER,180173.39,180173.39,Matched,,,,,,
3558,CASH_OUT,22251.46,22251.46,Matched,,,,,,
3559,PAYMENT,6574.63,6574.63,Matched,,,,,,
3560,PAYMENT,2530.52,2530.52,Matched,,,,,,
3561,TRANSFER,243853.63,243853.63,Matched,,,,,,
3562,PAYMENT,17925.91,17925.91,Matched,,,,,,
3563,TRANSFER,1339661.93,1339661.93,Matched,,,,,,
3564,PAYMENT,956.17,956.17,Matched,,,,,,
3565,PAYMENT,7663.4,7663.4,Matched,,,,,,
3566,TRANSFER,744654.21,744654.21,Matched,,,,,,
3567,PAYMENT,25704.52,25704.52,Matched,,,,,,
3568,PAYMENT,10039.29,10039.29,Matched,,,,,,
3569,PAYMENT,3453.72,3453.72,Matched,,,,,,
3570,PAYMENT,1895.47,1895.47,Matched,,,,,,
3571,PAYMENT,562.14,562.14,Matched,,,,,,
3572,PAYMENT,537.8,537.8,Matched,,,,,,
3573,PAYMENT,5832.27,5832.27,Matched,,,,,,
3574,PAYMENT,33459.4,33459.4,Matched,,,,,,
3575,DEBIT,3925.8,3925.8,Matched,,,,,,
3576,PAYMENT,735.15,735.15,Matched,,,,,,
3577,PAYMENT,8417.96,8417.96,Matched,,,,,,
3578,CASH_OUT,158934.62,158934.62,Matched,,,,,,
3579,PAYMENT,3503.31,3503.31,Matched,,,,,,
3580,PAYMENT,20971,20971,Matched,,,,,,
3581,PAYMENT,5127.21,5127.21,Matched,,,,,,
3582,DEBIT,482.58,482.58,Matched,,,,,,
3583,PAYMENT,27659.67,27659.67,Matched,,,,,,
3584,DEBIT,3476.19,3476.19,Matched,,,,,,
3585,TRANSFER,107159.07,107159.07,Matched,,,,,,
3586,DEBIT,2673.5,2673.5,Matched,,,,,,
3587,PAYMENT,11493.01,11493.01,Matched,,,,,,
3588,PAYMENT,501.11,501.11,Matched,,,,,,
3589,PAYMENT,5536.65,5536.65,Matched,,,,,,
3590,PAYMENT,11866.89,11866.89,Matched,,,,,,
3591,PAYMENT,15470.9,15470.9,Matched,,,,,,
3592,PAYMENT,4640.64,4640.64,Matched,,,,,,
3593,PAYMENT,2108.36,2108.36,Matched,,,,,,
3594,DEBIT,394.34,394.34,Matched,,,,,,
3595,PAYMENT,6967.64,6967.64,Matched,,,,,,
3596,PAYMENT,205.26,205.26,Matched,,,,,,
3597,PAYMENT,4136.97,4136.97,Matched,,,,,,
3598,CASH_IN,60223.17,60223.17,Matched,,,,,,
3599,PAYMENT,1094.13,1094.13,Matched,,,,,,
3600,PAYMENT,10375.5,10375.5,Matched,,,,,,
3601,CASH_OUT,32969.34,32969.34,Matched,,,,,,
3602,CASH_IN,36563.86,36563.86,Matched,,,,,,
3603,PAYMENT,1760.56,1760.56,Matched,,,,,,
3604,PAYMENT,1266.42,1266.42,Matched,,,,,,
3605,PAYMENT,24826.85,24826.85,Matched,,,,,,
3606,CASH_IN,23669.02,23669.02,Matched,,,,,,
3607,PAYMENT,694.12,694.12,Matched,,,,,,
3608,PAYMENT,7656.3,7656.3,Matched,,,,,,
3609,CASH_IN,143254.72,143254.72,Matched,,,,,,
3610,PAYMENT,1605.63,1605.63,Matched,,,,,,
3611,CASH_OUT,74226.4,74226.4,Matched,,,,,,
3612,CASH_IN,439543.98,439543.98,Matched,,,,,,
3613,PAYMENT,14079.08,14079.08,Matched,,,,,,
3614,CASH_IN,140728.41,140728.41,Matched,,,,,,
3615,PAYMENT,2181.96,2181.96,Matched,,,,,,
3616,CASH_IN,159116.29,159116.29,Matched,,,,,,
3617,PAYMENT,2234.3,2234.3,Matched,,,,,,
3618,PAYMENT,10967.47,10967.47,Matched,,,,,,
3619,DEBIT,1739.48,1739.48,Matched,,,,,,
3620,DEBIT,3017.34,3017.34,Matched,,,,,,
3621,DEBIT,4143.87,4143.87,Matched,,,,,,
3622,DEBIT,2731.05,2731.05,Matched,,,,,,
3623,DEBIT,3627.48,3627.48,Matched,,,,,,
3624,DEBIT,391.84,391.84,Matched,,,,,,
3625,PAYMENT,7738.69,7738.69,Matched,,,,,,
3626,DEBIT,621.68,621.68,Matched,,,,,,
3627,PAYMENT,2997.75,2997.75,Matched,,,,,,
3628,PAYMENT,3783.72,3783.72,Matched,,,,,,
3629,PAYMENT,6531.31,6531.31,Matched,,,,,,
3630,TRANSFER,448593.63,448593.63,Matched,,,,,,
3631,PAYMENT,23147.49,23147.49,Matched,,,,,,
3632,PAYMENT,265.2,265.2,Matched,,,,,,
3633,PAYMENT,141.03,141.03,Matched,,,,,,
3634,PAYMENT,7766.84,7766.84,Matched,,,,,,
3635,TRANSFER,303473.14,303473.14,Matched,,,,,,
3636,PAYMENT,1196.61,1196.61,Matched,,,,,,
3637,CASH_IN,140313.48,140313.48,Matched,,,,,,
3638,CASH_IN,98313.86,98313.86,Matched,,,,,,
3639,CASH_IN,302642.08,302642.08,Matched,,,,,,
3640,CASH_IN,194242.46,194242.46,Matched,,,,,,
3641,CASH_IN,236510.08,236510.08,Matched,,,,,,
3642,CASH_IN,76284.92,76284.92,Matched,,,,,,
3643,CASH_IN,34936.53,34936.53,Matched,,,,,,
3644,PAYMENT,2101.83,2101.83,Matched,,,,,,
3645,CASH_IN,148620.65,148620.65,Matched,,,,,,
3646,PAYMENT,18934.49,18934.49,Matched,,,,,,
3647,PAYMENT,1226.94,1226.94,Matched,,,,,,
3648,CASH_IN,46013.11,46013.11,Matched,,,,,,
3649,PAYMENT,92.37,92.37,Matched,,,,,,
3650,CASH_IN,155624,155624,Matched,,,,,,
3651,PAYMENT,2419.01,2419.01,Matched,,,,,,
3652,PAYMENT,14771.16,14771.16,Matched,,,,,,
3653,PAYMENT,9627.9,9627.9,Matched,,,,,,
3654,CASH_IN,151132.51,151132.51,Matched,,,,,,
3655,CASH_IN,22624.41,22624.41,Matched,,,,,,
3656,PAYMENT,392.99,392.99,Matched,,,,,,
3657,CASH_IN,168846.2,168846.2,Matched,,,,,,
3658,PAYMENT,13330.81,13330.81,Matched,,,,,,
3659,TRANSFER,11500.28,11500.28,Matched,,,,,,
3660,CASH_IN,1332.59,1332.59,Matched,,,,,,
3661,CASH_IN,263407.81,263407.81,Matched,,,,,,
3662,PAYMENT,16061.03,16061.03,Matched,,,,,,
3663,PAYMENT,9677.36,9677.36,Matched,,,,,,
3664,CASH_IN,196198.94,196198.94,Matched,,,,,,
3665,PAYMENT,2909.12,2909.12,Matched,,,,,,
3666,CASH_IN,437567.49,437567.49,Matched,,,,,,
3667,CASH_IN,9047.91,9047.91,Matched,,,,,,
3668,CASH_IN,20997.64,20997.64,Matched,,,,,,
3669,PAYMENT,6188.23,6188.23,Matched,,,,,,
3670,CASH_IN,56164.21,56164.21,Matched,,,,,,
3671,PAYMENT,12368.9,12368.9,Matched,,,,,,
3672,PAYMENT,2382.11,2382.11,Matched,,,,,,
3673,CASH_IN,38923.13,38923.13,Matched,,,,,,
3674,PAYMENT,5882.36,5882.36,Matched,,,,,,
3675,PAYMENT,10554.67,10554.67,Matched,,,,,,
3676,CASH_IN,101640.69,101640.69,Matched,,,,,,
3677,PAYMENT,8137.28,8137.28,Matched,,,,,,
3678,CASH_IN,7314.79,7314.79,Matched,,,,,,
3679,PAYMENT,2929.78,2929.78,Matched,,,,,,
3680,CASH_IN,95659.6,95659.6,Matched,,,,,,
3681,PAYMENT,21414.91,21414.91,Matched,,,,,,
3682,CASH_IN,108216.36,108216.36,Matched,,,,,,
3683,PAYMENT,1962.04,1962.04,Matched,,,,,,
3684,DEBIT,3106.9,3106.9,Matched,,,,,,
3685,PAYMENT,20995.68,20995.68,Matched,,,,,,
3686,PAYMENT,30709.74,30709.74,Matched,,,,,,
3687,CASH_IN,289025.75,289025.75,Matched,,,,,,
3688,PAYMENT,10355.12,10355.12,Matched,,,,,,
3689,CASH_IN,289264.94,289264.94,Matched,,,,,,
3690,PAYMENT,12230.25,12230.25,Matched,,,,,,
3691,CASH_IN,129977.85,129977.85,Matched,,,,,,
3692,CASH_IN,161238.92,161238.92,Matched,,,,,,
3693,PAYMENT,15398.06,15398.06,Matched,,,,,,
3694,CASH_IN,285360.2,285360.2,Matched,,,,,,
3695,CASH_IN,27505.56,27505.56,Matched,,,,,,
3696,CASH_OUT,69119.41,69119.41,Matched,,,,,,
3697,CASH_IN,392853.36,392853.36,Matched,,,,,,
3698,CASH_IN,351903.76,351903.76,Matched,,,,,,
3699,CASH_IN,132864.71,132864.71,Matched,,,,,,
3700,CASH_IN,201398.6,201398.6,Matched,,,,,,
3701,PAYMENT,9399.1,9399.1,Matched,,,,,,
3702,CASH_IN,94578.73,94578.73,Matched,,,,,,
3703,CASH_IN,155944.68,155944.68,Matched,,,,,,
3704,PAYMENT,4086.36,4086.36,Matched,,,,,,
3705,CASH_IN,223593.6,223593.6,Matched,,,,,,
3706,CASH_IN,228724.76,228724.76,Matched,,,,,,
3707,PAYMENT,13620.05,13620.05,Matched,,,,,,
3708,CASH_IN,152980.34,152980.34,Matched,,,,,,
3709,CASH_IN,176732.94,176732.94,Matched,,,,,,
3710,PAYMENT,401.1,401.1,Matched,,,,,,
3711,CASH_IN,93078.04,93078.04,Matched,,,,,,
3712,CASH_IN,258194.98,258194.98,Matched,,,,,,
3713,PAYMENT,14694.94,14694.94,Matched,,,,,,
3714,CASH_IN,194800.13,194800.13,Matched,,,,,,
3715,CASH_IN,102737.96,102737.96,Matched,,,,,,
3716,CASH_IN,227590.61,227590.61,Matched,,,,,,
3717,PAYMENT,11405.44,11405.44,Matched,,,,,,
3718,CASH_IN,451450.27,451450.27,Matched,,,,,,
3719,CASH_IN,56556.28,56556.28,Matched,,,,,,
3720,PAYMENT,931.78,931.78,Matched,,,,,,
3721,CASH_IN,11055.14,11055.14,Matched,,,,,,
3722,CASH_IN,54843.76,54843.76,Matched,,,,,,
3723,DEBIT,5922.61,5922.61,Matched,,,,,,
3724,PAYMENT,13012.92,13012.92,Matched,,,,,,
3725,CASH_IN,382001.01,382001.01,Matched,,,,,,
3726,CASH_OUT,13326.35,13326.35,Matched,,,,,,
3727,CASH_IN,10407.19,10407.19,Matched,,,,,,
3728,PAYMENT,963.64,963.64,Matched,,,,,,
3729,PAYMENT,2791.64,2791.64,Matched,,,,,,
3730,CASH_IN,119675.03,119675.03,Matched,,,,,,
3731,CASH_IN,342249.43,342249.43,Matched,,,,,,
3732,PAYMENT,380.76,380.76,Matched,,,,,,
3733,PAYMENT,1725.53,1725.53,Matched,,,,,,
3734,CASH_IN,283675.61,283675.61,Matched,,,,,,
3735,CASH_IN,323385.62,323385.62,Matched,,,,,,
3736,PAYMENT,5876.12,5876.12,Matched,,,,,,
3737,CASH_IN,222925.42,222925.42,Matched,,,,,,
3738,CASH_IN,116555.35,116555.35,Matched,,,,,,
3739,PAYMENT,12885.43,12885.43,Matched,,,,,,
3740,PAYMENT,669.13,669.13,Matched,,,,,,
3741,TRANSFER,149995.94,149995.94,Matched,,,,,,
3742,CASH_IN,70325.16,70325.16,Matched,,,,,,
3743,CASH_IN,347969.28,347969.28,Matched,,,,,,
3744,PAYMENT,2789.37,2789.37,Matched,,,,,,
3745,PAYMENT,2465.65,2465.65,Matched,,,,,,
3746,CASH_IN,378605.9,378605.9,Matched,,,,,,
3747,DEBIT,3332.58,3332.58,Matched,,,,,,
3748,CASH_IN,133240.9,133240.9,Matched,,,,,,
3749,CASH_IN,186350.94,186350.94,Matched,,,,,,
3750,DEBIT,4364.24,4364.24,Matched,,,,,,
3751,DEBIT,3619.41,3619.41,Matched,,,,,,
3752,CASH_IN,344106.28,344106.28,Matched,,,,,,
3753,PAYMENT,22475.23,22475.23,Matched,,,,,,
3754,CASH_IN,81518.63,81518.63,Matched,,,,,,
3755,PAYMENT,19420.39,19420.39,Matched,,,,,,
3756,PAYMENT,25389.14,25389.14,Matched,,,,,,
3757,CASH_IN,279322.88,279322.88,Matched,,,,,,
3758,CASH_IN,73309.71,73309.71,Matched,,,,,,
3759,PAYMENT,2455.51,2455.51,Matched,,,,,,
3760,PAYMENT,3204.22,3204.22,Matched,,,,,,
3761,CASH_IN,113390.81,113390.81,Matched,,,,,,
3762,PAYMENT,4402.18,4402.18,Matched,,,,,,
3763,CASH_IN,142596.78,142596.78,Matched,,,,,,
3764,PAYMENT,21568.37,21568.37,Matched,,,,,,
3765,PAYMENT,7312.09,7312.09,Matched,,,,,,
3766,CASH_IN,205235.12,205235.12,Matched,,,,,,
3767,PAYMENT,10531.72,10531.72,Matched,,,,,,
3768,CASH_IN,57817.21,57817.21,Matched,,,,,,
3769,PAYMENT,18491.91,18491.91,Matched,,,,,,
3770,PAYMENT,20781.99,20781.99,Matched,,,,,,
3771,CASH_IN,415046.18,415046.18,Matched,,,,,,
3772,CASH_IN,295815.29,295815.29,Matched,,,,,,
3773,PAYMENT,10580.12,10580.12,Matched,,,,,,
3774,PAYMENT,2210.24,2210.24,Matched,,,,,,
3775,CASH_IN,201744.79,201744.79,Matched,,,,,,
3776,PAYMENT,195.73,195.73,Matched,,,,,,
3777,CASH_IN,696235.62,696235.62,Matched,,,,,,
3778,PAYMENT,19637.34,19637.34,Matched,,,,,,
3779,CASH_IN,1252.3,1252.3,Matched,,,,,,
3780,PAYMENT,10696.23,10696.23,Matched,,,,,,
3781,CASH_IN,10391.99,10391.99,Matched,,,,,,
3782,CASH_IN,24686.64,24686.64,Matched,,,,,,
3783,CASH_IN,51613.5,51613.5,Matched,,,,,,
3784,PAYMENT,18799.1,18799.1,Matched,,,,,,
3785,CASH_IN,19748.91,19748.91,Matched,,,,,,
3786,CASH_IN,241498.78,241498.78,Matched,,,,,,
3787,PAYMENT,11165.58,11165.58,Matched,,,,,,
3788,CASH_IN,22391.5,22391.5,Matched,,,,,,
3789,CASH_IN,399133.53,399133.53,Matched,,,,,,
3790,CASH_IN,15427.16,15427.16,Matched,,,,,,
3791,CASH_IN,130148.62,130148.62,Matched,,,,,,
3792,CASH_IN,99252.4,99252.4,Matched,,,,,,
3793,CASH_IN,224321.58,224321.58,Matched,,,,,,
3794,CASH_IN,173366.75,173366.75,Matched,,,,,,
3795,CASH_IN,356617.79,356617.79,Matched,,,,,,
3796,CASH_IN,46505.13,46505.13,Matched,,,,,,
3797,CASH_IN,167104.98,167104.98,Matched,,,,,,
3798,CASH_IN,178961.93,178961.93,Matched,,,,,,
3799,CASH_IN,229961.93,229961.93,Matched,,,,,,
3800,CASH_IN,156690.67,156690.67,Matched,,,,,,
3801,CASH_IN,344337.25,344337.25,Matched,,,,,,
3802,PAYMENT,1442.11,1442.11,Matched,,,,,,
3803,CASH_IN,215815.13,215815.13,Matched,,,,,,
3804,PAYMENT,429.8,429.8,Matched,,,,,,
3805,CASH_IN,81874.56,81874.56,Matched,,,,,,
3806,CASH_IN,295618.46,295618.46,Matched,,,,,,
3807,DEBIT,1119.49,1119.49,Matched,,,,,,
3808,CASH_IN,332188.93,332188.93,Matched,,,,,,
3809,CASH_IN,54663.15,54663.15,Matched,,,,,,
3810,PAYMENT,12827.97,12827.97,Matched,,,,,,
3811,CASH_IN,101576.37,101576.37,Matched,,,,,,
3812,CASH_IN,33672.18,33672.18,Matched,,,,,,
3813,PAYMENT,3599.45,3599.45,Matched,,,,,,
3814,CASH_IN,133213.71,133213.71,Matched,,,,,,
3815,PAYMENT,9289.47,9289.47,Matched,,,,,,
3816,CASH_IN,168729.73,168729.73,Matched,,,,,,
3817,CASH_IN,23641.67,23641.67,Matched,,,,,,
3818,CASH_OUT,7108.61,7108.61,Matched,,,,,,
3819,CASH_IN,10321.88,10321.88,Matched,,,,,,
3820,CASH_IN,99657.13,99657.13,Matched,,,,,,
3821,PAYMENT,14503.9,14503.9,Matched,,,,,,
3822,CASH_IN,287474.24,287474.24,Matched,,,,,,
3823,CASH_OUT,13881.42,13881.42,Matched,,,,,,
3824,CASH_IN,84299.07,84299.07,Matched,,,,,,
3825,CASH_IN,79516.07,79516.07,Matched,,,,,,
3826,TRANSFER,66548.43,66548.43,Matched,,,,,,
3827,CASH_IN,111692.26,111692.26,Matched,,,,,,
3828,CASH_IN,210501.76,210501.76,Matched,,,,,,
3829,CASH_IN,73061.34,73061.34,Matched,,,,,,
3830,CASH_IN,221099.31,221099.31,Matched,,,,,,
3831,CASH_IN,22608.48,22608.48,Matched,,,,,,
3832,PAYMENT,2816.13,2816.13,Matched,,,,,,
3833,CASH_IN,208690.04,208690.04,Matched,,,,,,
3834,CASH_IN,235189.62,235189.62,Matched,,,,,,
3835,CASH_IN,130711.51,130711.51,Matched,,,,,,
3836,DEBIT,3117.69,3117.69,Matched,,,,,,
3837,CASH_IN,98893.95,98893.95,Matched,,,,,,
3838,CASH_IN,162183.14,162183.14,Matched,,,,,,
3839,PAYMENT,11706.28,11706.28,Matched,,,,,,
3840,CASH_IN,73242.08,73242.08,Matched,,,,,,
3841,CASH_IN,635370.28,635370.28,Matched,,,,,,
3842,CASH_IN,105879.16,105879.16,Matched,,,,,,
3843,PAYMENT,20024.59,20024.59,Matched,,,,,,
3844,CASH_IN,42829.9,42829.9,Matched,,,,,,
3845,PAYMENT,3891.04,3891.04,Matched,,,,,,
3846,CASH_IN,177087.19,177087.19,Matched,,,,,,
3847,CASH_IN,257619.2,257619.2,Matched,,,,,,
3848,CASH_IN,119973.24,119973.24,Matched,,,,,,
3849,PAYMENT,372.28,372.28,Matched,,,,,,
3850,CASH_IN,208741.85,208741.85,Matched,,,,,,
3851,CASH_IN,177096.09,177096.09,Matched,,,,,,
3852,CASH_IN,48513.85,48513.85,Matched,,,,,,
3853,CASH_OUT,8442.16,8442.16,Matched,,,,,,
3854,PAYMENT,3627.99,3627.99,Matched,,,,,,
3855,CASH_IN,66892.29,66892.29,Matched,,,,,,
3856,CASH_OUT,68934.46,68934.46,Matched,,,,,,
3857,CASH_OUT,44921.54,44921.54,Matched,,,,,,
3858,CASH_IN,12615.19,12615.19,Matched,,,,,,
3859,CASH_OUT,99349.84,99349.84,Matched,,,,,,
3860,CASH_IN,43249.45,43249.45,Matched,,,,,,
3861,PAYMENT,1972.03,1972.03,Matched,,,,,,
3862,CASH_OUT,443092.83,443092.83,Matched,,,,,,
3863,CASH_IN,438969.05,438969.05,Matched,,,,,,
3864,PAYMENT,14878.76,14878.76,Matched,,,,,,
3865,PAYMENT,5521.09,5521.09,Matched,,,,,,
3866,CASH_OUT,136416.82,136416.82,Matched,,,,,,
3867,CASH_OUT,76289.1,76289.1,Matched,,,,,,
3868,PAYMENT,14796.83,14796.83,Matched,,,,,,
3869,PAYMENT,11128.08,11128.08,Matched,,,,,,
3870,CASH_OUT,23369.78,23369.78,Matched,,,,,,
3871,PAYMENT,18118.2,18118.2,Matched,,,,,,
3872,PAYMENT,14546.82,14546.82,Matched,,,,,,
3873,CASH_OUT,120223.34,120223.34,Matched,,,,,,
3874,PAYMENT,732.85,732.85,Matched,,,,,,
3875,PAYMENT,16795.7,16795.7,Matched,,,,,,
3876,PAYMENT,1695.2,1695.2,Matched,,,,,,
3877,PAYMENT,17788.49,17788.49,Matched,,,,,,
3878,CASH_IN,19320.18,19320.18,Matched,,,,,,
3879,CASH_OUT,7547.06,7547.06,Matched,,,,,,
3880,PAYMENT,2620.17,2620.17,Matched,,,,,,
3881,CASH_OUT,31678.91,31678.91,Matched,,,,,,
3882,PAYMENT,11621.56,11621.56,Matched,,,,,,
3883,CASH_OUT,72791.13,72791.13,Matched,,,,,,
3884,CASH_OUT,25026.76,25026.76,Matched,,,,,,
3885,CASH_OUT,90433.73,90433.73,Matched,,,,,,
3886,PAYMENT,7517.69,7517.69,Matched,,,,,,
3887,PAYMENT,5153.28,5153.28,Matched,,,,,,
3888,PAYMENT,17694.76,17694.76,Matched,,,,,,
3889,PAYMENT,4798.43,4798.43,Matched,,,,,,
3890,PAYMENT,30161.79,30161.79,Matched,,,,,,
3891,PAYMENT,11304.29,11304.29,Matched,,,,,,
3892,PAYMENT,10485.37,10485.37,Matched,,,,,,
3893,PAYMENT,3027.72,3027.72,Matched,,,,,,
3894,CASH_OUT,10438.26,10438.26,Matched,,,,,,
3895,CASH_OUT,48267.2,48267.2,Matched,,,,,,
3896,PAYMENT,1651.39,1651.39,Matched,,,,,,
3897,PAYMENT,14586.28,14586.28,Matched,,,,,,
3898,PAYMENT,11688.59,11688.59,Matched,,,,,,
3899,PAYMENT,27475.78,27475.78,Matched,,,,,,
3900,PAYMENT,19715.54,19715.54,Matched,,,,,,
3901,DEBIT,2623.75,2623.75,Matched,,,,,,
3902,PAYMENT,3825.07,3825.07,Matched,,,,,,
3903,PAYMENT,4475.02,4475.02,Matched,,,,,,
3904,PAYMENT,9624.49,9624.49,Matched,,,,,,
3905,PAYMENT,1290.28,1290.28,Matched,,,,,,
3906,PAYMENT,10565.64,10565.64,Matched,,,,,,
3907,PAYMENT,12769.01,12769.01,Matched,,,,,,
3908,PAYMENT,14144.71,14144.71,Matched,,,,,,
3909,PAYMENT,14267.79,14267.79,Matched,,,,,,
3910,PAYMENT,35.2,35.2,Matched,,,,,,
3911,PAYMENT,3204.02,3204.02,Matched,,,,,,
3912,PAYMENT,2339.27,2339.27,Matched,,,,,,
3913,PAYMENT,620.13,620.13,Matched,,,,,,
3914,PAYMENT,14685.31,14685.31,Matched,,,,,,
3915,DEBIT,5204.2,5204.2,Matched,,,,,,
3916,CASH_IN,10443.68,10443.68,Matched,,,,,,
3917,PAYMENT,348.29,348.29,Matched,,,,,,
3918,PAYMENT,3361.21,3361.21,Matched,,,,,,
3919,CASH_IN,61344.23,61344.23,Matched,,,,,,
3920,PAYMENT,22178.82,22178.82,Matched,,,,,,
3921,PAYMENT,7210.86,7210.86,Matched,,,,,,
3922,CASH_IN,208929.58,208929.58,Matched,,,,,,
3923,PAYMENT,2011.37,2011.37,Matched,,,,,,
3924,CASH_IN,16624.23,16624.23,Matched,,,,,,
3925,PAYMENT,9778.62,9778.62,Matched,,,,,,
3926,CASH_IN,26279.17,26279.17,Matched,,,,,,
3927,CASH_IN,333871.74,333871.74,Matched,,,,,,
3928,PAYMENT,32907.19,32907.19,Matched,,,,,,
3929,PAYMENT,8501.84,8501.84,Matched,,,,,,
3930,CASH_IN,250326.22,250326.22,Matched,,,,,,
3931,PAYMENT,9103.87,9103.87,Matched,,,,,,
3932,CASH_OUT,93705.81,93705.81,Matched,,,,,,
3933,CASH_IN,188118.26,188118.26,Matched,,,,,,
3934,PAYMENT,997.13,997.13,Matched,,,,,,
3935,CASH_OUT,91705.07,91705.07,Matched,,,,,,
3936,CASH_IN,126065.07,126065.07,Matched,,,,,,
3937,DEBIT,4538.75,4538.75,Matched,,,,,,
3938,CASH_IN,121400.87,121400.87,Matched,,,,,,
3939,PAYMENT,10326.31,10326.31,Matched,,,,,,
3940,CASH_IN,348792.33,348792.33,Matched,,,,,,
3941,DEBIT,6901.26,6901.26,Matched,,,,,,
3942,PAYMENT,320.37,320.37,Matched,,,,,,
3943,CASH_IN,502911.34,502911.34,Matched,,,,,,
3944,PAYMENT,4407.34,4407.34,Matched,,,,,,
3945,PAYMENT,5466.9,5466.9,Matched,,,,,,
3946,PAYMENT,7874.98,7874.98,Matched,,,,,,
3947,CASH_IN,232769.1,232769.1,Matched,,,,,,
3948,PAYMENT,4035.53,4035.53,Matched,,,,,,
3949,PAYMENT,22256.72,22256.72,Matched,,,,,,
3950,PAYMENT,799.18,799.18,Matched,,,,,,
3951,PAYMENT,14225.59,14225.59,Matched,,,,,,
3952,PAYMENT,213.35,213.35,Matched,,,,,,
3953,DEBIT,5619.13,5619.13,Matched,,,,,,
3954,PAYMENT,7937.87,7937.87,Matched,,,,,,
3955,CASH_OUT,278349.71,278349.71,Matched,,,,,,
3956,PAYMENT,23347.8,23347.8,Matched,,,,,,
3957,PAYMENT,36228.33,36228.33,Matched,,,,,,
3958,PAYMENT,5365.37,5365.37,Matched,,,,,,
3959,PAYMENT,3024.32,3024.32,Matched,,,,,,
3960,PAYMENT,6039.09,6039.09,Matched,,,,,,
3961,PAYMENT,12694.9,12694.9,Matched,,,,,,
3962,CASH_OUT,63180.2,63180.2,Matched,,,,,,
3963,PAYMENT,6573.52,6573.52,Matched,,,,,,
3964,PAYMENT,8777.15,8777.15,Matched,,,,,,
3965,PAYMENT,30588.31,30588.31,Matched,,,,,,
3966,PAYMENT,671.31,671.31,Matched,,,,,,
3967,PAYMENT,18409.27,18409.27,Matched,,,,,,
3968,PAYMENT,23087.59,23087.59,Matched,,,,,,
3969,PAYMENT,6808.99,6808.99,Matched,,,,,,
3970,DEBIT,2481.93,2481.93,Matched,,,,,,
3971,PAYMENT,28899.92,28899.92,Matched,,,,,,
3972,PAYMENT,13653.91,13653.91,Matched,,,,,,
3973,PAYMENT,85.42,85.42,Matched,,,,,,
3974,PAYMENT,16697.62,16697.62,Matched,,,,,,
3975,PAYMENT,9768.07,9768.07,Matched,,,,,,
3976,PAYMENT,1828.21,1828.21,Matched,,,,,,
3977,PAYMENT,33149.43,33149.43,Matched,,,,,,
3978,DEBIT,1027.42,1027.42,Matched,,,,,,
3979,PAYMENT,4693.35,4693.35,Matched,,,,,,
3980,TRANSFER,76083.8,76083.8,Matched,,,,,,
3981,PAYMENT,23840.24,23840.24,Matched,,,,,,
3982,PAYMENT,40550.78,40550.78,Matched,,,,,,
3983,TRANSFER,5573.43,5573.43,Matched,,,,,,
3984,TRANSFER,206925.43,206925.43,Matched,,,,,,
3985,PAYMENT,8216.42,8216.42,Matched,,,,,,
3986,PAYMENT,1005.59,1005.59,Matched,,,,,,
3987,TRANSFER,572492.51,572492.51,Matched,,,,,,
3988,TRANSFER,707899.22,707899.22,Matched,,,,,,
3989,PAYMENT,1399.83,1399.83,Matched,,,,,,
3990,PAYMENT,7899.89,7899.89,Matched,,,,,,
3991,CASH_OUT,165664.94,165664.94,Matched,,,,,,
3992,TRANSFER,979818.78,979818.78,Matched,,,,,,
3993,PAYMENT,4696.36,4696.36,Matched,,,,,,
3994,TRANSFER,280567.17,280567.17,Matched,,,,,,
3995,PAYMENT,15304.68,15304.68,Matched,,,,,,
3996,PAYMENT,4155.21,4155.21,Matched,,,,,,
3997,PAYMENT,3738.26,3738.26,Matched,,,,,,
3998,TRANSFER,18873.1,18873.1,Matched,,,,,,
3999,PAYMENT,12638.35,12638.35,Matched,,,,,,
4000,PAYMENT,4530.34,4530.34,Matched,,,,,,
4001,TRANSFER,18627.02,18627.02,Matched,,,,,,
4002,TRANSFER,2837270.65,2837270.65,Matched,,,,,,
4003,CASH_OUT,18627.02,18627.02,Matched,,,,,,
4004,TRANSFER,525371.52,525371.52,Matched,,,,,,
4005,PAYMENT,4970.55,4970.55,Matched,,,,,,
4006,PAYMENT,5356.63,5356.63,Matched,,,,,,
4007,DEBIT,4122.31,4122.31,Matched,,,,,,
4008,TRANSFER,1197188.79,1197188.79,Matched,,,,,,
4009,CASH_OUT,82399.46,82399.46,Matched,,,,,,
4010,PAYMENT,4798.39,4798.39,Matched,,,,,,
4011,PAYMENT,7531.23,7531.23,Matched,,,,,,
4012,PAYMENT,3779.27,3779.27,Matched,,,,,,
4013,PAYMENT,8724.11,8724.11,Matched,,,,,,
4014,DEBIT,4215.24,4215.24,Matched,,,,,,
4015,TRANSFER,141633.8,141633.8,Matched,,,,,,
4016,PAYMENT,12208.56,12208.56,Matched,,,,,,
4017,PAYMENT,4296.12,4296.12,Matched,,,,,,
4018,TRANSFER,521678.46,521678.46,Matched,,,,,,
4019,PAYMENT,14251.38,14251.38,Matched,,,,,,
4020,PAYMENT,9059.91,9059.91,Matched,,,,,,
4021,TRANSFER,1610264.08,1610264.08,Matched,,,,,,
4022,PAYMENT,9051.52,9051.52,Matched,,,,,,
4023,PAYMENT,4878.63,4878.63,Matched,,,,,,
4024,PAYMENT,6699.52,6699.52,Matched,,,,,,
4025,PAYMENT,9264.89,9264.89,Matched,,,,,,
4026,PAYMENT,9718.62,9718.62,Matched,,,,,,
4027,DEBIT,8499.58,8499.58,Matched,,,,,,
4028,PAYMENT,23440.57,23440.57,Matched,,,,,,
4029,PAYMENT,2556.46,2556.46,Matched,,,,,,
4030,PAYMENT,3208.39,3208.39,Matched,,,,,,
4031,PAYMENT,1939.74,1939.74,Matched,,,,,,
4032,PAYMENT,6655.88,6655.88,Matched,,,,,,
4033,PAYMENT,16881.67,16881.67,Matched,,,,,,
4034,PAYMENT,6335.61,6335.61,Matched,,,,,,
4035,PAYMENT,9601.55,9601.55,Matched,,,,,,
4036,TRANSFER,2565.32,2565.32,Matched,,,,,,
4037,PAYMENT,26045.36,26045.36,Matched,,,,,,
4038,TRANSFER,16972.84,16972.84,Matched,,,,,,
4039,PAYMENT,426.96,426.96,Matched,,,,,,
4040,TRANSFER,708855.97,708855.97,Matched,,,,,,
4041,PAYMENT,3198.62,3198.62,Matched,,,,,,
4042,TRANSFER,630132.72,630132.72,Matched,,,,,,
4043,PAYMENT,1150.8,1150.8,Matched,,,,,,
4044,PAYMENT,760.74,760.74,Matched,,,,,,
4045,PAYMENT,4059.46,4059.46,Matched,,,,,,
4046,PAYMENT,3222.39,3222.39,Matched,,,,,,
4047,PAYMENT,921.61,921.61,Matched,,,,,,
4048,PAYMENT,10739.56,10739.56,Matched,,,,,,
4049,DEBIT,1806.31,1806.31,Matched,,,,,,
4050,TRANSFER,43896.22,43896.22,Matched,,,,,,
4051,PAYMENT,3067.08,3067.08,Matched,,,,,,
4052,PAYMENT,1036.33,1036.33,Matched,,,,,,
4053,CASH_OUT,124112.03,124112.03,Matched,,,,,,
4054,PAYMENT,5678.23,5678.23,Matched,,,,,,
4055,PAYMENT,12240.34,12240.34,Matched,,,,,,
4056,PAYMENT,4848.52,4848.52,Matched,,,,,,
4057,PAYMENT,2034.58,2034.58,Matched,,,,,,
4058,PAYMENT,562.64,562.64,Matched,,,,,,
4059,DEBIT,1313.51,1313.51,Matched,,,,,,
4060,PAYMENT,8202.16,8202.16,Matched,,,,,,
4061,PAYMENT,2681.46,2681.46,Matched,,,,,,
4062,PAYMENT,1677.52,1677.52,Matched,,,,,,
4063,CASH_OUT,72010.87,72010.87,Matched,,,,,,
4065,PAYMENT,1187.17,1187.17,Matched,,,,,,
4066,CASH_OUT,93427.95,93427.95,Matched,,,,,,
4067,PAYMENT,347.5,347.5,Matched,,,,,,
4068,PAYMENT,1637.03,1637.03,Matched,,,,,,
4069,PAYMENT,7594.11,7594.11,Matched,,,,,,
4070,PAYMENT,947.58,947.58,Matched,,,,,,
4071,PAYMENT,1921.43,1921.43,Matched,,,,,,
4072,PAYMENT,10172.81,10172.81,Matched,,,,,,
4073,PAYMENT,2929.49,2929.49,Matched,,,,,,
4074,PAYMENT,1161.22,1161.22,Matched,,,,,,
4075,PAYMENT,5694.58,5694.58,Matched,,,,,,
4076,PAYMENT,2005.44,2005.44,Matched,,,,,,
4077,PAYMENT,3926.01,3926.01,Matched,,,,,,
4078,PAYMENT,1936.67,1936.67,Matched,,,,,,
4079,PAYMENT,12587.22,12587.22,Matched,,,,,,
4080,PAYMENT,8158.24,8158.24,Matched,,,,,,
4081,PAYMENT,38059.51,38059.51,Matched,,,,,,
4082,PAYMENT,16878.5,16878.5,Matched,,,,,,
4083,PAYMENT,3272.71,3272.71,Matched,,,,,,
4084,CASH_IN,69219.36,69219.36,Matched,,,,,,
4085,PAYMENT,2707.11,2707.11,Matched,,,,,,
4086,PAYMENT,2776.75,2776.75,Matched,,,,,,
4087,CASH_IN,254710.92,254710.92,Matched,,,,,,
4088,PAYMENT,3346.22,3346.22,Matched,,,,,,
4089,PAYMENT,6199.3,6199.3,Matched,,,,,,
4090,CASH_IN,107838.55,107838.55,Matched,,,,,,
4091,DEBIT,409.4,409.4,Matched,,,,,,
4092,PAYMENT,6326.75,6326.75,Matched,,,,,,
4093,PAYMENT,303.62,303.62,Matched,,,,,,
4094,CASH_IN,590182.14,590182.14,Matched,,,,,,
4095,TRANSFER,139173.95,139173.95,Matched,,,,,,
4096,CASH_IN,208096.95,208096.95,Matched,,,,,,
4097,PAYMENT,14146.46,14146.46,Matched,,,,,,
4098,PAYMENT,991.75,991.75,Matched,,,,,,
4099,PAYMENT,13191.45,13191.45,Matched,,,,,,
4100,PAYMENT,2342.29,2342.29,Matched,,,,,,
4101,DEBIT,2262.1,2262.1,Matched,,,,,,
4102,PAYMENT,842.26,842.26,Matched,,,,,,
4103,CASH_IN,224808.55,224808.55,Matched,,,,,,
4104,PAYMENT,1558.6,1558.6,Matched,,,,,,
4105,CASH_IN,133683.73,133683.73,Matched,,,,,,
4106,PAYMENT,3720.12,3720.12,Matched,,,,,,
4107,PAYMENT,16831.23,16831.23,Matched,,,,,,
4108,CASH_IN,105980.46,105980.46,Matched,,,,,,
4109,PAYMENT,26084.81,26084.81,Matched,,,,,,
4110,CASH_IN,138725.17,138725.17,Matched,,,,,,
4111,PAYMENT,3800.11,3800.11,Matched,,,,,,
4112,CASH_IN,176482.1,176482.1,Matched,,,,,,
4113,TRANSFER,10539.37,10539.37,Matched,,,,,,
4114,CASH_IN,249046.59,249046.59,Matched,,,,,,
4115,CASH_OUT,10539.37,10539.37,Matched,,,,,,
4116,CASH_IN,38307.58,38307.58,Matched,,,,,,
4117,PAYMENT,20670.84,20670.84,Matched,,,,,,
4118,CASH_IN,313673.99,313673.99,Matched,,,,,,
4119,DEBIT,3923.46,3923.46,Matched,,,,,,
4120,CASH_IN,392470.41,392470.41,Matched,,,,,,
4121,CASH_IN,133270.9,133270.9,Matched,,,,,,
4122,CASH_IN,166630.82,166630.82,Matched,,,,,,
4123,PAYMENT,19681.95,19681.95,Matched,,,,,,
4124,CASH_IN,108616,108616,Matched,,,,,,
4125,PAYMENT,982.2,982.2,Matched,,,,,,
4126,CASH_IN,118387.74,118387.74,Matched,,,,,,
4127,PAYMENT,20409.77,20409.77,Matched,,,,,,
4128,CASH_IN,57234.15,57234.15,Matched,,,,,,
4129,PAYMENT,14147.04,14147.04,Matched,,,,,,
4130,CASH_IN,57955.32,57955.32,Matched,,,,,,
4131,PAYMENT,3236.22,3236.22,Matched,,,,,,
4132,CASH_IN,4362.02,4362.02,Matched,,,,,,
4133,PAYMENT,7865.38,7865.38,Matched,,,,,,
4134,CASH_IN,256782.92,256782.92,Matched,,,,,,
4135,PAYMENT,12798.31,12798.31,Matched,,,,,,
4136,CASH_IN,422671.35,422671.35,Matched,,,,,,
4137,PAYMENT,6672.96,6672.96,Matched,,,,,,
4138,CASH_IN,349779.04,349779.04,Matched,,,,,,
4139,PAYMENT,1615.9,1615.9,Matched,,,,,,
4140,CASH_IN,58930.33,58930.33,Matched,,,,,,
4141,PAYMENT,2805.92,2805.92,Matched,,,,,,
4142,CASH_IN,53594.23,53594.23,Matched,,,,,,
4143,PAYMENT,374.85,374.85,Matched,,,,,,
4144,CASH_IN,79311.12,79311.12,Matched,,,,,,
4145,TRANSFER,69013.09,69013.09,Matched,,,,,,
4146,CASH_IN,204766.89,204766.89,Matched,,,,,,
4147,PAYMENT,545.68,545.68,Matched,,,,,,
4148,CASH_IN,28105.73,28105.73,Matched,,,,,,
4149,PAYMENT,25486.13,25486.13,Matched,,,,,,
4150,CASH_IN,98566.11,98566.11,Matched,,,,,,
4151,PAYMENT,1443.56,1443.56,Matched,,,,,,
4152,PAYMENT,1719.19,1719.19,Matched,,,,,,
4153,PAYMENT,2650.15,2650.15,Matched,,,,,,
4154,PAYMENT,14140.28,14140.28,Matched,,,,,,
4156,PAYMENT,2536.69,2536.69,Matched,,,,,,
4157,PAYMENT,8780.64,8780.64,Matched,,,,,,
4158,PAYMENT,12895.72,12895.72,Matched,,,,,,
4159,PAYMENT,952.87,952.87,Matched,,,,,,
4160,PAYMENT,18391.64,18391.64,Matched,,,,,,
4161,PAYMENT,25313.62,25313.62,Matched,,,,,,
4162,PAYMENT,4504.32,4504.32,Matched,,,,,,
4163,PAYMENT,7343.53,7343.53,Matched,,,,,,
4164,PAYMENT,354.17,354.17,Matched,,,,,,
4165,PAYMENT,7331.37,7331.37,Matched,,,,,,
4166,PAYMENT,2165.53,2165.53,Matched,,,,,,
4167,TRANSFER,11218.84,11218.84,Matched,,,,,,
4168,PAYMENT,70.48,70.48,Matched,,,,,,
4169,PAYMENT,7706.45,7706.45,Matched,,,,,,
4170,PAYMENT,2188.32,2188.32,Matched,,,,,,
4171,PAYMENT,1889.79,1889.79,Matched,,,,,,
4172,PAYMENT,2598.97,2598.97,Matched,,,,,,
4173,PAYMENT,2946.8,2946.8,Matched,,,,,,
4174,TRANSFER,7800.55,7800.55,Matched,,,,,,
4175,PAYMENT,7589.88,7589.88,Matched,,,,,,
4176,PAYMENT,2529.38,2529.38,Matched,,,,,,
4177,PAYMENT,453.25,453.25,Matched,,,,,,
4178,CASH_OUT,92229.71,92229.71,Matched,,,,,,
4179,TRANSFER,10000000,10000000,Matched,,,,,,
4180,CASH_OUT,10000000,10000000,Matched,,,,,,
4181,TRANSFER,2930418.44,2930418.44,Matched,,,,,,
4182,CASH_OUT,2930418.44,2930418.44,Matched,,,,,,
4183,PAYMENT,2150.61,2150.61,Matched,,,,,,
4184,TRANSFER,445570,445570,Matched,,,,,,
4185,PAYMENT,29.03,29.03,Matched,,,,,,
4186,TRANSFER,50662.63,50662.63,Matched,,,,,,
4187,TRANSFER,192421.03,192421.03,Matched,,,,,,
4188,PAYMENT,2564.39,2564.39,Matched,,,,,,
4189,TRANSFER,1453126.81,1453126.81,Matched,,,,,,
4190,PAYMENT,2941.66,2941.66,Matched,,,,,,
4191,TRANSFER,112752.15,112752.15,Matched,,,,,,
4192,TRANSFER,87674.26,87674.26,Matched,,,,,,
4193,TRANSFER,170889.82,170889.82,Matched,,,,,,
4194,PAYMENT,16573.43,16573.43,Matched,,,,,,
4195,PAYMENT,1602.1,1602.1,Matched,,,,,,
4196,PAYMENT,2941.39,2941.39,Matched,,,,,,
4197,CASH_OUT,90922.45,90922.45,Matched,,,,,,
4198,PAYMENT,957.52,957.52,Matched,,,,,,
4199,PAYMENT,2166.7,2166.7,Matched,,,,,,
4200,PAYMENT,3095.82,3095.82,Matched,,,,,,
4201,PAYMENT,336.88,336.88,Matched,,,,,,
4202,PAYMENT,279.84,279.84,Matched,,,,,,
4203,PAYMENT,8615.79,8615.79,Matched,,,,,,
4204,PAYMENT,2251.91,2251.91,Matched,,,,,,
4205,PAYMENT,29363.1,29363.1,Matched,,,,,,
4206,PAYMENT,139.23,139.23,Matched,,,,,,
4207,DEBIT,5916.27,5916.27,Matched,,,,,,
4208,PAYMENT,19877.65,19877.65,Matched,,,,,,
4209,DEBIT,1575.17,1575.17,Matched,,,,,,
4210,PAYMENT,162.32,162.32,Matched,,,,,,
4211,DEBIT,2664.55,2664.55,Matched,,,,,,
4212,PAYMENT,10951.21,10951.21,Matched,,,,,,
4213,PAYMENT,649.2,649.2,Matched,,,,,,
4214,PAYMENT,18847.45,18847.45,Matched,,,,,,
4215,TRANSFER,70376.34,70376.34,Matched,,,,,,
4216,PAYMENT,24661.43,24661.43,Matched,,,,,,
4217,PAYMENT,2688.52,2688.52,Matched,,,,,,
4218,PAYMENT,16048.8,16048.8,Matched,,,,,,
4219,PAYMENT,16115.55,16115.55,Matched,,,,,,
4220,PAYMENT,3130.69,3130.69,Matched,,,,,,
4221,DEBIT,6010.62,6010.62,Matched,,,,,,
4222,CASH_OUT,8294.34,8294.34,Matched,,,,,,
4223,CASH_OUT,34465.37,34465.37,Matched,,,,,,
4224,PAYMENT,12695.49,12695.49,Matched,,,,,,
4225,PAYMENT,3911.87,3911.87,Matched,,,,,,
4226,PAYMENT,10105.94,10105.94,Matched,,,,,,
4227,PAYMENT,24674.79,24674.79,Matched,,,,,,
4228,TRANSFER,16208.5,16208.5,Matched,,,,,,
4229,PAYMENT,37480.38,37480.38,Matched,,,,,,
4230,PAYMENT,14043.68,14043.68,Matched,,,,,,
4231,PAYMENT,9419.48,9419.48,Matched,,,,,,
4232,CASH_OUT,101181.53,101181.53,Matched,,,,,,
4233,PAYMENT,9437.39,9437.39,Matched,,,,,,
4234,PAYMENT,10728.82,10728.82,Matched,,,,,,
4235,PAYMENT,409.74,409.74,Matched,,,,,,
4236,PAYMENT,708.36,708.36,Matched,,,,,,
4237,PAYMENT,21595.02,21595.02,Matched,,,,,,
4238,PAYMENT,13021.44,13021.44,Matched,,,,,,
4239,CASH_OUT,31891.69,31891.69,Matched,,,,,,
4240,PAYMENT,14294.08,14294.08,Matched,,,,,,
4241,PAYMENT,209.18,209.18,Matched,,,,,,
4242,PAYMENT,8269.29,8269.29,Matched,,,,,,
4243,PAYMENT,8095.03,8095.03,Matched,,,,,,
4244,PAYMENT,1588.8,1588.8,Matched,,,,,,
4245,PAYMENT,1667.18,1667.18,Matched,,,,,,
4246,PAYMENT,2184.39,2184.39,Matched,,,,,,
4247,PAYMENT,549.08,549.08,Matched,,,,,,
4248,PAYMENT,1082.01,1082.01,Matched,,,,,,
4249,PAYMENT,5664.57,5664.57,Matched,,,,,,
4250,DEBIT,3762.4,3762.4,Matched,,,,,,
4251,DEBIT,5920.06,5920.06,Matched,,,,,,
4252,PAYMENT,34885.44,34885.44,Matched,,,,,,
4253,CASH_OUT,57342.59,57342.59,Matched,,,,,,
4254,CASH_OUT,9804.05,9804.05,Matched,,,,,,
4255,CASH_OUT,119579.08,119579.08,Matched,,,,,,
4256,CASH_OUT,8451.78,8451.78,Matched,,,,,,
4257,CASH_OUT,123283.25,123283.25,Matched,,,,,,
4258,CASH_OUT,171669.81,171669.81,Matched,,,,,,
4259,CASH_OUT,48514.62,48514.62,Matched,,,,,,
4260,CASH_OUT,485135.11,485135.11,Matched,,,,,,
4261,CASH_OUT,340917.37,340917.37,Matched,,,,,,
4262,CASH_OUT,103406.05,103406.05,Matched,,,,,,
4263,CASH_OUT,88793.94,88793.94,Matched,,,,,,
4264,CASH_OUT,162541.79,162541.79,Matched,,,,,,
4265,CASH_OUT,189104.46,189104.46,Matched,,,,,,
4266,CASH_OUT,22630.64,22630.64,Matched,,,,,,
4267,CASH_OUT,75925.56,75925.56,Matched,,,,,,
4268,CASH_OUT,226424.35,226424.35,Matched,,,,,,
4269,CASH_OUT,105759.64,105759.64,Matched,,,,,,
4270,PAYMENT,7842.1,7842.1,Matched,,,,,,
4271,PAYMENT,2317.06,2317.06,Matched,,,,,,
4272,CASH_IN,254872.55,254872.55,Matched,,,,,,
4273,PAYMENT,2457.11,2457.11,Matched,,,,,,
4274,PAYMENT,2599.05,2599.05,Matched,,,,,,
4275,PAYMENT,906.78,906.78,Matched,,,,,,
4276,PAYMENT,2092.69,2092.69,Matched,,,,,,
4277,PAYMENT,18293.81,18293.81,Matched,,,,,,
4278,PAYMENT,1341.34,1341.34,Matched,,,,,,
4279,PAYMENT,6159.62,6159.62,Matched,,,,,,
4280,TRANSFER,75131.35,75131.35,Matched,,,,,,
4281,DEBIT,3985.96,3985.96,Matched,,,,,,
4282,PAYMENT,9224.5,9224.5,Matched,,,,,,
4283,PAYMENT,10839.8,10839.8,Matched,,,,,,
4284,TRANSFER,136001.37,136001.37,Matched,,,,,,
4285,TRANSFER,163870.49,163870.49,Matched,,,,,,
4286,PAYMENT,15484.5,15484.5,Matched,,,,,,
4287,PAYMENT,22415.68,22415.68,Matched,,,,,,
4288,TRANSFER,22877,22877,Matched,,,,,,
4289,CASH_OUT,22877,22877,Matched,,,,,,
4290,PAYMENT,19110.24,19110.24,Matched,,,,,,
4291,PAYMENT,2726.77,2726.77,Matched,,,,,,
4292,PAYMENT,8302.14,8302.14,Matched,,,,,,
4293,PAYMENT,2204.12,2204.12,Matched,,,,,,
4294,PAYMENT,1587.79,1587.79,Matched,,,,,,
4295,PAYMENT,19818.51,19818.51,Matched,,,,,,
4296,PAYMENT,5989.14,5989.14,Matched,,,,,,
4297,PAYMENT,22421.09,22421.09,Matched,,,,,,
4298,PAYMENT,15323.44,15323.44,Matched,,,,,,
4299,PAYMENT,26862.79,26862.79,Matched,,,,,,
4300,PAYMENT,4158.69,4158.69,Matched,,,,,,
4301,PAYMENT,1354.57,1354.57,Matched,,,,,,
4302,TRANSFER,167476.47,167476.47,Matched,,,,,,
4303,PAYMENT,383.64,383.64,Matched,,,,,,
4304,PAYMENT,1183.1,1183.1,Matched,,,,,,
4305,PAYMENT,736.76,736.76,Matched,,,,,,
4306,PAYMENT,1105.34,1105.34,Matched,,,,,,
4307,TRANSFER,25424.16,25424.16,Matched,,,,,,
4308,DEBIT,1235.49,1235.49,Matched,,,,,,
4309,PAYMENT,2633.87,2633.87,Matched,,,,,,
4310,PAYMENT,27484.12,27484.12,Matched,,,,,,
4311,PAYMENT,3455.87,3455.87,Matched,,,,,,
4312,PAYMENT,3377.9,3377.9,Matched,,,,,,
4313,CASH_OUT,3806.52,3806.52,Matched,,,,,,
4314,PAYMENT,1823.73,1823.73,Matched,,,,,,
4315,TRANSFER,82208.35,82208.35,Matched,,,,,,
4316,CASH_OUT,29113.15,29113.15,Matched,,,,,,
4317,CASH_OUT,170634.8,170634.8,Matched,,,,,,
4318,CASH_OUT,404053.55,404053.55,Matched,,,,,,
4319,CASH_OUT,334318.86,334318.86,Matched,,,,,,
4320,CASH_OUT,46408.89,46408.89,Matched,,,,,,
4321,CASH_OUT,181062,181062,Matched,,,,,,
4322,CASH_OUT,489240.03,489240.03,Matched,,,,,,
4323,CASH_OUT,12270.42,12270.42,Matched,,,,,,
4324,PAYMENT,1616.06,1616.06,Matched,,,,,,
4325,PAYMENT,3464.93,3464.93,Matched,,,,,,
4326,PAYMENT,1080.16,1080.16,Matched,,,,,,
4327,PAYMENT,2606.97,2606.97,Matched,,,,,,
4328,PAYMENT,27032.59,27032.59,Matched,,,,,,
4329,DEBIT,601.85,601.85,Matched,,,,,,
4330,CASH_IN,487852.5,487852.5,Matched,,,,,,
4331,PAYMENT,59.59,59.59,Matched,,,,,,
4332,CASH_IN,45649.91,45649.91,Matched,,,,,,
4333,PAYMENT,3828.24,3828.24,Matched,,,,,,
4334,PAYMENT,2801.24,2801.24,Matched,,,,,,
4335,CASH_IN,130708.05,130708.05,Matched,,,,,,
4336,CASH_OUT,2785.81,2785.81,Matched,,,,,,
4337,CASH_IN,143618.67,143618.67,Matched,,,,,,
4338,CASH_OUT,228399.52,228399.52,Matched,,,,,,
4339,CASH_IN,41385.54,41385.54,Matched,,,,,,
4340,CASH_OUT,71951.43,71951.43,Matched,,,,,,
4341,CASH_OUT,285832.76,285832.76,Matched,,,,,,
4342,CASH_IN,51147.41,51147.41,Matched,,,,,,
4343,CASH_OUT,473991.14,473991.14,Matched,,,,,,
4344,CASH_OUT,278349.51,278349.51,Matched,,,,,,
4345,CASH_IN,246059.61,246059.61,Matched,,,,,,
4346,CASH_OUT,455933.21,455933.21,Matched,,,,,,
4347,CASH_IN,352364.46,352364.46,Matched,,,,,,
4348,CASH_OUT,252806.47,252806.47,Matched,,,,,,
4349,CASH_IN,225639.52,225639.52,Matched,,,,,,
4350,CASH_OUT,345548.01,345548.01,Matched,,,,,,
4351,CASH_IN,52896.89,52896.89,Matched,,,,,,
4352,CASH_OUT,159316.78,159316.78,Matched,,,,,,
4353,CASH_IN,409664.42,409664.42,Matched,,,,,,
4354,CASH_OUT,205675.07,205675.07,Matched,,,,,,
4355,CASH_IN,308084.98,308084.98,Matched,,,,,,
4356,CASH_OUT,311864.41,311864.41,Matched,,,,,,
4357,CASH_IN,280770.07,280770.07,Matched,,,,,,
4358,CASH_OUT,190518.44,190518.44,Matched,,,,,,
4359,CASH_OUT,12847.91,12847.91,Matched,,,,,,
4360,CASH_IN,221970.49,221970.49,Matched,,,,,,
4361,CASH_OUT,21291.89,21291.89,Matched,,,,,,
4362,CASH_IN,68827.52,68827.52,Matched,,,,,,
4363,CASH_OUT,106105.83,106105.83,Matched,,,,,,
4364,CASH_IN,180075.86,180075.86,Matched,,,,,,
4365,CASH_OUT,63853.6,63853.6,Matched,,,,,,
4366,CASH_IN,245908.29,245908.29,Matched,,,,,,
4367,CASH_IN,80199.62,80199.62,Matched,,,,,,
4368,CASH_IN,573435.74,573435.74,Matched,,,,,,
4369,CASH_IN,248507.58,248507.58,Matched,,,,,,
4370,CASH_OUT,143568.62,143568.62,Matched,,,,,,
4371,CASH_IN,137360.58,137360.58,Matched,,,,,,
4372,CASH_IN,48951.75,48951.75,Matched,,,,,,
4373,CASH_OUT,180145.39,180145.39,Matched,,,,,,
4374,CASH_IN,99107.68,99107.68,Matched,,,,,,
4375,CASH_OUT,141702.19,141702.19,Matched,,,,,,
4376,CASH_IN,32906.54,32906.54,Matched,,,,,,
4377,CASH_IN,25752.66,25752.66,Matched,,,,,,
4378,CASH_OUT,153161.06,153161.06,Matched,,,,,,
4379,CASH_IN,16871.14,16871.14,Matched,,,,,,
4380,CASH_OUT,6291.29,6291.29,Matched,,,,,,
4381,CASH_IN,194926.14,194926.14,Matched,,,,,,
4382,CASH_IN,34688.77,34688.77,Matched,,,,,,
4383,CASH_OUT,131965.15,131965.15,Matched,,,,,,
4384,CASH_IN,326468.84,326468.84,Matched,,,,,,
4385,CASH_IN,208461.54,208461.54,Matched,,,,,,
4386,CASH_OUT,121598.71,121598.71,Matched,,,,,,
4387,CASH_IN,107540.28,107540.28,Matched,,,,,,
4388,CASH_IN,92558.28,92558.28,Matched,,,,,,
4389,PAYMENT,2000.03,2000.03,Matched,,,,,,
4390,CASH_IN,180025.45,180025.45,Matched,,,,,,
4391,CASH_IN,327117.43,327117.43,Matched,,,,,,
4392,PAYMENT,1760.01,1760.01,Matched,,,,,,
4393,CASH_IN,86497.62,86497.62,Matched,,,,,,
4394,PAYMENT,2085.11,2085.11,Matched,,,,,,
4395,CASH_IN,21370.5,21370.5,Matched,,,,,,
4396,CASH_IN,28444.78,28444.78,Matched,,,,,,
4397,PAYMENT,4011.15,4011.15,Matched,,,,,,
4398,CASH_IN,130407.77,130407.77,Matched,,,,,,
4399,CASH_IN,267812.03,267812.03,Matched,,,,,,
4400,PAYMENT,200.47,200.47,Matched,,,,,,
4401,TRANSFER,97808.48,97808.48,Matched,,,,,,
4402,CASH_IN,381371.28,381371.28,Matched,,,,,,
4403,PAYMENT,1686.41,1686.41,Matched,,,,,,
4404,PAYMENT,3973.91,3973.91,Matched,,,,,,
4405,PAYMENT,4513.92,4513.92,Matched,,,,,,
4406,CASH_IN,440757.72,440757.72,Matched,,,,,,
4407,PAYMENT,1015.93,1015.93,Matched,,,,,,
4408,CASH_OUT,67243.37,67243.37,Matched,,,,,,
4409,PAYMENT,8221.47,8221.47,Matched,,,,,,
4410,PAYMENT,3236.73,3236.73,Matched,,,,,,
4411,CASH_IN,140164.86,140164.86,Matched,,,,,,
4412,PAYMENT,7222.78,7222.78,Matched,,,,,,
4413,PAYMENT,808.81,808.81,Matched,,,,,,
4414,CASH_IN,168479.08,168479.08,Matched,,,,,,
4415,PAYMENT,1161.3,1161.3,Matched,,,,,,
4416,PAYMENT,8280.29,8280.29,Matched,,,,,,
4417,PAYMENT,2463.48,2463.48,Matched,,,,,,
4418,CASH_IN,107702.78,107702.78,Matched,,,,,,
4419,CASH_IN,185832.16,185832.16,Matched,,,,,,
4420,CASH_OUT,51614.78,51614.78,Matched,,,,,,
4421,PAYMENT,4083.67,4083.67,Matched,,,,,,
4422,CASH_IN,46516.42,46516.42,Matched,,,,,,
4423,TRANSFER,25975.86,25975.86,Matched,,,,,,
4424,PAYMENT,1869.55,1869.55,Matched,,,,,,
4425,PAYMENT,3011.78,3011.78,Matched,,,,,,
4426,PAYMENT,13030.42,13030.42,Matched,,,,,,
4427,TRANSFER,36991.08,36991.08,Matched,,,,,,
4428,PAYMENT,3112.94,3112.94,Matched,,,,,,
4429,PAYMENT,6064.7,6064.7,Matched,,,,,,
4430,TRANSFER,54364.44,54364.44,Matched,,,,,,
4431,PAYMENT,423.65,423.65,Matched,,,,,,
4432,CASH_OUT,14979.83,14979.83,Matched,,,,,,
4433,PAYMENT,115.43,115.43,Matched,,,,,,
4434,PAYMENT,1713.72,1713.72,Matched,,,,,,
4435,PAYMENT,7536.31,7536.31,Matched,,,,,,
4436,PAYMENT,5115.77,5115.77,Matched,,,,,,
4437,PAYMENT,645.4,645.4,Matched,,,,,,
4438,PAYMENT,6188.07,6188.07,Matched,,,,,,
4439,PAYMENT,5540.61,5540.61,Matched,,,,,,
4440,PAYMENT,79.55,79.55,Matched,,,,,,
4441,TRANSFER,7475.23,7475.23,Matched,,,,,,
4442,PAYMENT,9169.8,9169.8,Matched,,,,,,
4443,PAYMENT,5912.76,5912.76,Matched,,,,,,
4444,TRANSFER,14237.75,14237.75,Matched,,,,,,
4445,PAYMENT,7118.78,7118.78,Matched,,,,,,
4446,PAYMENT,6797.33,6797.33,Matched,,,,,,
4447,PAYMENT,6745.4,6745.4,Matched,,,,,,
4448,PAYMENT,2353.91,2353.91,Matched,,,,,,
4449,DEBIT,564.53,564.53,Matched,,,,,,
4450,PAYMENT,20473.47,20473.47,Matched,,,,,,
4451,PAYMENT,1199.97,1199.97,Matched,,,,,,
4452,PAYMENT,3966.99,3966.99,Matched,,,,,,
4453,PAYMENT,1800.83,1800.83,Matched,,,,,,
4454,PAYMENT,2413.25,2413.25,Matched,,,,,,
4455,PAYMENT,6546.7,6546.7,Matched,,,,,,
4456,DEBIT,9635.1,9635.1,Matched,,,,,,
4457,PAYMENT,496.83,496.83,Matched,,,,,,
4458,PAYMENT,27480.99,27480.99,Matched,,,,,,
4459,PAYMENT,3107.85,3107.85,Matched,,,,,,
4460,PAYMENT,1560.66,1560.66,Matched,,,,,,
4461,CASH_OUT,54989.36,54989.36,Matched,,,,,,
4462,PAYMENT,2343.87,2343.87,Matched,,,,,,
4463,CASH_OUT,77196.59,77196.59,Matched,,,,,,
4464,CASH_OUT,121619.14,121619.14,Matched,,,,,,
4465,PAYMENT,2423.7,2423.7,Matched,,,,,,
4466,PAYMENT,29954.16,29954.16,Matched,,,,,,
4467,DEBIT,1113.43,1113.43,Matched,,,,,,
4468,PAYMENT,3722.55,3722.55,Matched,,,,,,
4469,PAYMENT,6887.71,6887.71,Matched,,,,,,
4470,PAYMENT,2215.57,2215.57,Matched,,,,,,
4471,CASH_OUT,58046.34,58046.34,Matched,,,,,,
4472,PAYMENT,498.96,498.96,Matched,,,,,,
4473,DEBIT,1991.02,1991.02,Matched,,,,,,
4474,CASH_OUT,106903.28,106903.28,Matched,,,,,,
4475,PAYMENT,709.56,709.56,Matched,,,,,,
4476,PAYMENT,1624.21,1624.21,Matched,,,,,,
4477,PAYMENT,6028.79,6028.79,Matched,,,,,,
4478,PAYMENT,2524.23,2524.23,Matched,,,,,,
4479,PAYMENT,307.75,307.75,Matched,,,,,,
4480,PAYMENT,14017.83,14017.83,Matched,,,,,,
4481,PAYMENT,5562.29,5562.29,Matched,,,,,,
4482,PAYMENT,1427,1427,Matched,,,,,,
4483,PAYMENT,12088.13,12088.13,Matched,,,,,,
4484,PAYMENT,3645.21,3645.21,Matched,,,,,,
4485,PAYMENT,952.48,952.48,Matched,,,,,,
4486,PAYMENT,1944.57,1944.57,Matched,,,,,,
4487,PAYMENT,7052.32,7052.32,Matched,,,,,,
4488,PAYMENT,3684.23,3684.23,Matched,,,,,,
4489,PAYMENT,5810.4,5810.4,Matched,,,,,,
4490,PAYMENT,808.11,808.11,Matched,,,,,,
4491,PAYMENT,6754.06,6754.06,Matched,,,,,,
4492,PAYMENT,1522.02,1522.02,Matched,,,,,,
4493,PAYMENT,5562.62,5562.62,Matched,,,,,,
4494,PAYMENT,5249.58,5249.58,Matched,,,,,,
4495,PAYMENT,2630.2,2630.2,Matched,,,,,,
4496,PAYMENT,534.45,534.45,Matched,,,,,,
4497,PAYMENT,1006.39,1006.39,Matched,,,,,,
4498,PAYMENT,34.85,34.85,Matched,,,,,,
4499,CASH_OUT,70994.78,70994.78,Matched,,,,,,
4500,PAYMENT,3246.88,3246.88,Matched,,,,,,
4501,CASH_OUT,37239.99,37239.99,Matched,,,,,,
4502,PAYMENT,329.84,329.84,Matched,,,,,,
4503,PAYMENT,1680.88,1680.88,Matched,,,,,,
4504,TRANSFER,169941.73,169941.73,Matched,,,,,,
4505,CASH_OUT,12414.4,12414.4,Matched,,,,,,
4506,CASH_OUT,169941.73,169941.73,Matched,,,,,,
4507,PAYMENT,2674.97,2674.97,Matched,,,,,,
4508,PAYMENT,2988.02,2988.02,Matched,,,,,,
4509,DEBIT,181.87,181.87,Matched,,,,,,
4510,CASH_OUT,75146.85,75146.85,Matched,,,,,,
4511,PAYMENT,1813.69,1813.69,Matched,,,,,,
4512,CASH_OUT,186125.39,186125.39,Matched,,,,,,
4513,PAYMENT,2445.35,2445.35,Matched,,,,,,
4514,PAYMENT,1950.33,1950.33,Matched,,,,,,
4515,PAYMENT,3408.82,3408.82,Matched,,,,,,
4516,TRANSFER,139644.5,139644.5,Matched,,,,,,
4517,PAYMENT,3969.94,3969.94,Matched,,,,,,
4518,PAYMENT,1948.05,1948.05,Matched,,,,,,
4519,PAYMENT,2413.57,2413.57,Matched,,,,,,
4520,TRANSFER,148792.1,148792.1,Matched,,,,,,
4521,PAYMENT,2934.33,2934.33,Matched,,,,,,
4522,CASH_IN,156238.83,156238.83,Matched,,,,,,
4523,TRANSFER,277758.51,277758.51,Matched,,,,,,
4524,PAYMENT,3690.54,3690.54,Matched,,,,,,
4525,PAYMENT,1343.85,1343.85,Matched,,,,,,
4526,CASH_IN,130385.04,130385.04,Matched,,,,,,
4527,PAYMENT,8402.36,8402.36,Matched,,,,,,
4528,TRANSFER,1465846.48,1465846.48,Matched,,,,,,
4529,TRANSFER,132948.43,132948.43,Matched,,,,,,
4530,PAYMENT,2582.66,2582.66,Matched,,,,,,
4531,PAYMENT,1081.3,1081.3,Matched,,,,,,
4532,TRANSFER,1137763.15,1137763.15,Matched,,,,,,
4533,PAYMENT,2337.6,2337.6,Matched,,,,,,
4534,PAYMENT,6122.88,6122.88,Matched,,,,,,
4535,TRANSFER,507775.58,507775.58,Matched,,,,,,
4536,CASH_IN,106343.2,106343.2,Matched,,,,,,
4537,CASH_IN,57894.54,57894.54,Matched,,,,,,
4538,PAYMENT,4491.15,4491.15,Matched,,,,,,
4539,TRANSFER,307749.99,307749.99,Matched,,,,,,
4540,PAYMENT,865.79,865.79,Matched,,,,,,
4542,CASH_IN,110562.27,110562.27,Matched,,,,,,
4543,PAYMENT,494.11,494.11,Matched,,,,,,
4544,TRANSFER,908274.13,908274.13,Matched,,,,,,
4545,PAYMENT,4830.74,4830.74,Matched,,,,,,
4546,PAYMENT,46.88,46.88,Matched,,,,,,
4547,TRANSFER,1032930.05,1032930.05,Matched,,,,,,
4548,CASH_IN,80249.55,80249.55,Matched,,,,,,
4549,PAYMENT,22349.62,22349.62,Matched,,,,,,
4550,PAYMENT,5159.5,5159.5,Matched,,,,,,
4551,TRANSFER,1027611.05,1027611.05,Matched,,,,,,
4552,CASH_IN,58644.37,58644.37,Matched,,,,,,
4553,PAYMENT,3723.51,3723.51,Matched,,,,,,
4554,TRANSFER,522854.73,522854.73,Matched,,,,,,
4555,PAYMENT,1292.42,1292.42,Matched,,,,,,
4556,CASH_IN,82172.42,82172.42,Matched,,,,,,
4557,TRANSFER,225558.27,225558.27,Matched,,,,,,
4558,TRANSFER,64279.74,64279.74,Matched,,,,,,
4559,DEBIT,1141.74,1141.74,Matched,,,,,,
4560,CASH_IN,161141.8,161141.8,Matched,,,,,,
4561,TRANSFER,862977.6,862977.6,Matched,,,,,,
4562,PAYMENT,3953.73,3953.73,Matched,,,,,,
4563,PAYMENT,929.14,929.14,Matched,,,,,,
4564,TRANSFER,342332.55,342332.55,Matched,,,,,,
4565,TRANSFER,94450.19,94450.19,Matched,,,,,,
4566,CASH_IN,113399.73,113399.73,Matched,,,,,,
4567,PAYMENT,5436.05,5436.05,Matched,,,,,,
4568,TRANSFER,1501775.62,1501775.62,Matched,,,,,,
4569,PAYMENT,1016.95,1016.95,Matched,,,,,,
4570,TRANSFER,119656.92,119656.92,Matched,,,,,,
4571,PAYMENT,28034.44,28034.44,Matched,,,,,,
4572,CASH_IN,207252.6,207252.6,Matched,,,,,,
4573,PAYMENT,9030.55,9030.55,Matched,,,,,,
4574,PAYMENT,1919.99,1919.99,Matched,,,,,,
4575,PAYMENT,13589.96,13589.96,Matched,,,,,,
4576,CASH_IN,242047.69,242047.69,Matched,,,,,,
4577,PAYMENT,2578.03,2578.03,Matched,,,,,,
4578,PAYMENT,8687.83,8687.83,Matched,,,,,,
4579,PAYMENT,12204.29,12204.29,Matched,,,,,,
4580,PAYMENT,3207.13,3207.13,Matched,,,,,,
4581,CASH_IN,107730.87,107730.87,Matched,,,,,,
4582,PAYMENT,592.9,592.9,Matched,,,,,,
4583,PAYMENT,18519.83,18519.83,Matched,,,,,,
4584,CASH_IN,72495.9,72495.9,Matched,,,,,,
4585,TRANSFER,13707.11,13707.11,Matched,,,,,,
4586,PAYMENT,985.95,985.95,Matched,,,,,,
4587,CASH_IN,90646.09,90646.09,Matched,,,,,,
4588,PAYMENT,13061.21,13061.21,Matched,,,,,,
4589,PAYMENT,16004.53,16004.53,Matched,,,,,,
4590,CASH_OUT,13707.11,13707.11,Matched,,,,,,
4591,PAYMENT,3616.2,3616.2,Matched,,,,,,
4592,PAYMENT,761.07,761.07,Matched,,,,,,
4593,PAYMENT,8606.53,8606.53,Matched,,,,,,
4594,CASH_IN,196821.07,196821.07,Matched,,,,,,
4595,PAYMENT,2662.71,2662.71,Matched,,,,,,
4596,PAYMENT,1966.24,1966.24,Matched,,,,,,
4597,CASH_IN,87541.63,87541.63,Matched,,,,,,
4598,PAYMENT,11557.67,11557.67,Matched,,,,,,
4599,PAYMENT,1227.16,1227.16,Matched,,,,,,
4600,PAYMENT,1082.07,1082.07,Matched,,,,,,
4601,CASH_IN,80278.26,80278.26,Matched,,,,,,
4602,PAYMENT,1178.41,1178.41,Matched,,,,,,
4603,PAYMENT,3848.39,3848.39,Matched,,,,,,
4604,CASH_IN,49984.03,49984.03,Matched,,,,,,
4605,PAYMENT,196.76,196.76,Matched,,,,,,
4606,PAYMENT,8976.25,8976.25,Matched,,,,,,
4607,PAYMENT,2617.28,2617.28,Matched,,,,,,
4608,PAYMENT,6650.35,6650.35,Matched,,,,,,
4609,CASH_IN,81300.2,81300.2,Matched,,,,,,
4610,PAYMENT,23159.45,23159.45,Matched,,,,,,
4611,PAYMENT,576.08,576.08,Matched,,,,,,
4612,CASH_IN,100669.53,100669.53,Matched,,,,,,
4613,PAYMENT,5746.09,5746.09,Matched,,,,,,
4614,PAYMENT,1619.78,1619.78,Matched,,,,,,
4615,PAYMENT,3068.79,3068.79,Matched,,,,,,
4616,CASH_IN,127307.99,127307.99,Matched,,,,,,
4617,PAYMENT,2379.78,2379.78,Matched,,,,,,
4618,PAYMENT,2554.36,2554.36,Matched,,,,,,
4619,CASH_IN,12510.49,12510.49,Matched,,,,,,
4620,PAYMENT,3187.96,3187.96,Matched,,,,,,
4621,CASH_OUT,67180.68,67180.68,Matched,,,,,,
4622,CASH_IN,63936.91,63936.91,Matched,,,,,,
4623,PAYMENT,654,654,Matched,,,,,,
4624,PAYMENT,3373.81,3373.81,Matched,,,,,,
4625,PAYMENT,3581.95,3581.95,Matched,,,,,,
4626,CASH_IN,95655.86,95655.86,Matched,,,,,,
4627,PAYMENT,2329.66,2329.66,Matched,,,,,,
4628,PAYMENT,1933.73,1933.73,Matched,,,,,,
4629,CASH_IN,38606.17,38606.17,Matched,,,,,,
4630,PAYMENT,1961.84,1961.84,Matched,,,,,,
4631,PAYMENT,826.44,826.44,Matched,,,,,,
4632,CASH_OUT,33881.81,33881.81,Matched,,,,,,
4633,PAYMENT,2906.96,2906.96,Matched,,,,,,
4634,CASH_OUT,3350.15,3350.15,Matched,,,,,,
4635,PAYMENT,3103.47,3103.47,Matched,,,,,,
4636,DEBIT,896.16,896.16,Matched,,,,,,
4637,CASH_OUT,78639.4,78639.4,Matched,,,,,,
4638,CASH_IN,23717.57,23717.57,Matched,,,,,,
4639,PAYMENT,2140.78,2140.78,Matched,,,,,,
4640,CASH_OUT,12149.25,12149.25,Matched,,,,,,
4641,CASH_IN,15273.3,15273.3,Matched,,,,,,
4642,PAYMENT,4104.55,4104.55,Matched,,,,,,
4643,PAYMENT,1516.32,1516.32,Matched,,,,,,
4644,CASH_OUT,34325.53,34325.53,Matched,,,,,,
4645,CASH_IN,108819.21,108819.21,Matched,,,,,,
4646,PAYMENT,4385.26,4385.26,Matched,,,,,,
4647,CASH_OUT,19548.49,19548.49,Matched,,,,,,
4648,PAYMENT,1222.27,1222.27,Matched,,,,,,
4649,CASH_IN,394042.27,394042.27,Matched,,,,,,
4650,PAYMENT,12492.07,12492.07,Matched,,,,,,
4651,CASH_OUT,41680.46,41680.46,Matched,,,,,,
4652,CASH_IN,41744.33,41744.33,Matched,,,,,,
4653,CASH_OUT,288846.82,288846.82,Matched,,,,,,
4654,CASH_IN,611924.5,611924.5,Matched,,,,,,
4655,CASH_OUT,308762.31,308762.31,Matched,,,,,,
4656,PAYMENT,6078,6078,Matched,,,,,,
4657,CASH_IN,236430.58,236430.58,Matched,,,,,,
4658,PAYMENT,1735.18,1735.18,Matched,,,,,,
4659,CASH_IN,491195.84,491195.84,Matched,,,,,,
4660,CASH_OUT,248011.57,248011.57,Matched,,,,,,
4661,CASH_IN,278307.65,278307.65,Matched,,,,,,
4662,CASH_OUT,104334.87,104334.87,Matched,,,,,,
4663,PAYMENT,1216.85,1216.85,Matched,,,,,,
4664,CASH_OUT,34808.12,34808.12,Matched,,,,,,
4665,CASH_IN,98533.44,98533.44,Matched,,,,,,
4666,CASH_OUT,116878.6,116878.6,Matched,,,,,,
4667,CASH_IN,206139.73,206139.73,Matched,,,,,,
4668,CASH_OUT,40379.62,40379.62,Matched,,,,,,
4669,CASH_IN,546131.94,546131.94,Matched,,,,,,
4670,PAYMENT,17331.19,17331.19,Matched,,,,,,
4671,CASH_OUT,55282.19,55282.19,Matched,,,,,,
4672,PAYMENT,13198.22,13198.22,Matched,,,,,,
4673,CASH_IN,71758.1,71758.1,Matched,,,,,,
4674,CASH_OUT,125774.49,125774.49,Matched,,,,,,
4675,CASH_IN,396469.72,396469.72,Matched,,,,,,
4676,CASH_OUT,8502.55,8502.55,Matched,,,,,,
4677,PAYMENT,3765.86,3765.86,Matched,,,,,,
4678,CASH_IN,214223.74,214223.74,Matched,,,,,,
4679,TRANSFER,120074.73,120074.73,Matched,,,,,,
4680,CASH_OUT,109648.19,109648.19,Matched,,,,,,
4681,CASH_IN,144517.47,144517.47,Matched,,,,,,
4682,CASH_OUT,120074.73,120074.73,Matched,,,,,,
4683,PAYMENT,4687.14,4687.14,Matched,,,,,,
4684,CASH_IN,142853.33,142853.33,Matched,,,,,,
4685,PAYMENT,3728.76,3728.76,Matched,,,,,,
4686,CASH_IN,192740.42,192740.42,Matched,,,,,,
4687,PAYMENT,1500.68,1500.68,Matched,,,,,,
4688,CASH_OUT,89888.52,89888.52,Matched,,,,,,
4689,CASH_IN,44694.86,44694.86,Matched,,,,,,
4690,TRANSFER,30608.52,30608.52,Matched,,,,,,
4691,CASH_IN,64846.34,64846.34,Matched,,,,,,
4692,CASH_IN,208812.28,208812.28,Matched,,,,,,
4693,PAYMENT,489.56,489.56,Matched,,,,,,
4694,CASH_IN,146467.87,146467.87,Matched,,,,,,
4695,CASH_IN,146193.7,146193.7,Matched,,,,,,
4696,PAYMENT,10814.39,10814.39,Matched,,,,,,
4697,CASH_IN,201261.11,201261.11,Matched,,,,,,
4698,CASH_IN,120836.05,120836.05,Matched,,,,,,
4699,DEBIT,1251.24,1251.24,Matched,,,,,,
4700,CASH_IN,132745.75,132745.75,Matched,,,,,,
4701,DEBIT,68.95,68.95,Matched,,,,,,
4702,CASH_IN,311330.4,311330.4,Matched,,,,,,
4703,CASH_IN,102749.59,102749.59,Matched,,,,,,
4704,PAYMENT,28965.75,28965.75,Matched,,,,,,
4705,CASH_IN,272453.68,272453.68,Matched,,,,,,
4706,CASH_IN,425052.43,425052.43,Matched,,,,,,
4707,PAYMENT,2273.88,2273.88,Matched,,,,,,
4708,CASH_IN,133038.81,133038.81,Matched,,,,,,
4709,CASH_IN,209292.82,209292.82,Matched,,,,,,
4710,PAYMENT,924.71,924.71,Matched,,,,,,
4711,PAYMENT,4289.33,4289.33,Matched,,,,,,
4712,CASH_IN,44347.45,44347.45,Matched,,,,,,
4713,PAYMENT,3710.8,3710.8,Matched,,,,,,
4714,CASH_IN,542616.63,542616.63,Matched,,,,,,
4715,CASH_IN,58095.79,58095.79,Matched,,,,,,
4716,PAYMENT,5513.44,5513.44,Matched,,,,,,
4717,TRANSFER,178055.95,178055.95,Matched,,,,,,
4718,CASH_IN,178230.41,178230.41,Matched,,,,,,
4719,PAYMENT,6225.18,6225.18,Matched,,,,,,
4720,CASH_IN,260176.72,260176.72,Matched,,,,,,
4721,PAYMENT,668.69,668.69,Matched,,,,,,
4722,CASH_IN,138641.99,138641.99,Matched,,,,,,
4723,PAYMENT,5352.45,5352.45,Matched,,,,,,
4724,CASH_IN,61663.75,61663.75,Matched,,,,,,
4725,PAYMENT,3543.75,3543.75,Matched,,,,,,
4726,CASH_IN,55837.04,55837.04,Matched,,,,,,
4727,PAYMENT,3483.45,3483.45,Matched,,,,,,
4728,PAYMENT,5922.53,5922.53,Matched,,,,,,
4729,PAYMENT,52.58,52.58,Matched,,,,,,
4730,PAYMENT,4076.16,4076.16,Matched,,,,,,
4731,PAYMENT,3046.6,3046.6,Matched,,,,,,
4732,PAYMENT,2070.73,2070.73,Matched,,,,,,
4733,PAYMENT,4158.31,4158.31,Matched,,,,,,
4734,PAYMENT,247.56,247.56,Matched,,,,,,
4735,PAYMENT,3027.49,3027.49,Matched,,,,,,
4736,PAYMENT,4372.99,4372.99,Matched,,,,,,
4737,PAYMENT,1731.42,1731.42,Matched,,,,,,
4738,PAYMENT,6448.84,6448.84,Matched,,,,,,
4739,DEBIT,351.23,351.23,Matched,,,,,,
4740,PAYMENT,72.23,72.23,Matched,,,,,,
4741,PAYMENT,2168.82,2168.82,Matched,,,,,,
4742,DEBIT,1110.27,1110.27,Matched,,,,,,
4743,PAYMENT,2593.74,2593.74,Matched,,,,,,
4744,PAYMENT,71,71,Matched,,,,,,
4745,PAYMENT,9201.12,9201.12,Matched,,,,,,
4746,PAYMENT,4216.05,4216.05,Matched,,,,,,
4747,PAYMENT,11936,11936,Matched,,,,,,
4748,PAYMENT,6736.13,6736.13,Matched,,,,,,
4749,PAYMENT,1559.58,1559.58,Matched,,,,,,
4750,PAYMENT,5146.88,5146.88,Matched,,,,,,
4751,CASH_IN,27850.03,27850.03,Matched,,,,,,
4752,PAYMENT,4295.28,4295.28,Matched,,,,,,
4753,PAYMENT,341.66,341.66,Matched,,,,,,
4754,PAYMENT,7429.59,7429.59,Matched,,,,,,
4755,PAYMENT,15192.75,15192.75,Matched,,,,,,
4756,PAYMENT,10260.12,10260.12,Matched,,,,,,
4757,CASH_IN,309379.18,309379.18,Matched,,,,,,
4758,PAYMENT,2043.8,2043.8,Matched,,,,,,
4759,PAYMENT,4150.68,4150.68,Matched,,,,,,
4760,PAYMENT,2728.03,2728.03,Matched,,,,,,
4761,PAYMENT,3320.35,3320.35,Matched,,,,,,
4762,CASH_IN,3563.97,3563.97,Matched,,,,,,
4763,CASH_OUT,72688.93,72688.93,Matched,,,,,,
4764,PAYMENT,3889.99,3889.99,Matched,,,,,,
4765,PAYMENT,26074.81,26074.81,Matched,,,,,,
4766,DEBIT,3068.71,3068.71,Matched,,,,,,
4767,PAYMENT,10381.46,10381.46,Matched,,,,,,
4768,CASH_IN,85955.62,85955.62,Matched,,,,,,
4769,CASH_OUT,104234.05,104234.05,Matched,,,,,,
4770,PAYMENT,17770.7,17770.7,Matched,,,,,,
4771,PAYMENT,2271.07,2271.07,Matched,,,,,,
4772,PAYMENT,5851.45,5851.45,Matched,,,,,,
4773,PAYMENT,17315.71,17315.71,Matched,,,,,,
4774,PAYMENT,5422.04,5422.04,Matched,,,,,,
4775,CASH_IN,18835.46,18835.46,Matched,,,,,,
4776,PAYMENT,11446.18,11446.18,Matched,,,,,,
4777,PAYMENT,1307.41,1307.41,Matched,,,,,,
4778,PAYMENT,88.17,88.17,Matched,,,,,,
4779,DEBIT,515.29,515.29,Matched,,,,,,
4780,PAYMENT,6279.22,6279.22,Matched,,,,,,
4781,CASH_OUT,74375.02,74375.02,Matched,,,,,,
4782,PAYMENT,25360.86,25360.86,Matched,,,,,,
4783,PAYMENT,1661.29,1661.29,Matched,,,,,,
4784,CASH_OUT,6701.1,6701.1,Matched,,,,,,
4785,PAYMENT,8392.42,8392.42,Matched,,,,,,
4786,PAYMENT,25185.32,25185.32,Matched,,,,,,
4787,PAYMENT,3042.06,3042.06,Matched,,,,,,
4788,PAYMENT,354.75,354.75,Matched,,,,,,
4789,CASH_IN,193626.89,193626.89,Matched,,,,,,
4790,PAYMENT,2831.44,2831.44,Matched,,,,,,
4791,CASH_IN,633287.14,633287.14,Matched,,,,,,
4792,PAYMENT,4051.25,4051.25,Matched,,,,,,
4793,CASH_IN,324089.47,324089.47,Matched,,,,,,
4794,PAYMENT,4255.36,4255.36,Matched,,,,,,
4795,PAYMENT,869.49,869.49,Matched,,,,,,
4796,PAYMENT,14144.91,14144.91,Matched,,,,,,
4797,CASH_OUT,139705.19,139705.19,Matched,,,,,,
4798,PAYMENT,11089.05,11089.05,Matched,,,,,,
4799,PAYMENT,2914.36,2914.36,Matched,,,,,,
4800,PAYMENT,7651.8,7651.8,Matched,,,,,,
4801,PAYMENT,2519.75,2519.75,Matched,,,,,,
4802,CASH_IN,3523.06,3523.06,Matched,,,,,,
4803,PAYMENT,38.14,38.14,Matched,,,,,,
4804,PAYMENT,267.92,267.92,Matched,,,,,,
4805,PAYMENT,4516.48,4516.48,Matched,,,,,,
4806,CASH_OUT,164935.63,164935.63,Matched,,,,,,
4807,CASH_IN,102751.5,102751.5,Matched,,,,,,
4808,DEBIT,775.76,775.76,Matched,,,,,,
4809,PAYMENT,2964.64,2964.64,Matched,,,,,,
4810,CASH_OUT,247480.23,247480.23,Matched,,,,,,
4811,DEBIT,2357.56,2357.56,Matched,,,,,,
4812,CASH_IN,494810.97,494810.97,Matched,,,,,,
4813,TRANSFER,86070.17,86070.17,Matched,,,,,,
4814,TRANSFER,29352.63,29352.63,Matched,,,,,,
4815,CASH_OUT,84024.67,84024.67,Matched,,,,,,
4816,CASH_IN,17058.54,17058.54,Matched,,,,,,
4817,DEBIT,2746.99,2746.99,Matched,,,,,,
4818,CASH_IN,235409.03,235409.03,Matched,,,,,,
4819,DEBIT,1382.4,1382.4,Matched,,,,,,
4820,CASH_OUT,86070.17,86070.17,Matched,,,,,,
4821,CASH_IN,489529.12,489529.12,Matched,,,,,,
4822,PAYMENT,2738.44,2738.44,Matched,,,,,,
4823,CASH_IN,58520.38,58520.38,Matched,,,,,,
4824,PAYMENT,4585.58,4585.58,Matched,,,,,,
4825,PAYMENT,4837.77,4837.77,Matched,,,,,,
4826,CASH_IN,340535.73,340535.73,Matched,,,,,,
4827,PAYMENT,6831.43,6831.43,Matched,,,,,,
4828,PAYMENT,6016.97,6016.97,Matched,,,,,,
4829,PAYMENT,1685.11,1685.11,Matched,,,,,,
4830,CASH_IN,34407.36,34407.36,Matched,,,,,,
4831,PAYMENT,1690.65,1690.65,Matched,,,,,,
4832,PAYMENT,4669.87,4669.87,Matched,,,,,,
4833,CASH_IN,566838.74,566838.74,Matched,,,,,,
4834,PAYMENT,4927.23,4927.23,Matched,,,,,,
4835,PAYMENT,4739.77,4739.77,Matched,,,,,,
4836,CASH_IN,161339.92,161339.92,Matched,,,,,,
4837,PAYMENT,3864.48,3864.48,Matched,,,,,,
4838,TRANSFER,1221.69,1221.69,Matched,,,,,,
4839,PAYMENT,1080.65,1080.65,Matched,,,,,,
4840,PAYMENT,6579.48,6579.48,Matched,,,,,,
4841,PAYMENT,252.71,252.71,Matched,,,,,,
4842,PAYMENT,826.25,826.25,Matched,,,,,,
4843,TRANSFER,84466.1,84466.1,Matched,,,,,,
4844,PAYMENT,642.27,642.27,Matched,,,,,,
4845,PAYMENT,8583.71,8583.71,Matched,,,,,,
4846,PAYMENT,2927.68,2927.68,Matched,,,,,,
4847,DEBIT,2166.22,2166.22,Matched,,,,,,
4848,PAYMENT,774.72,774.72,Matched,,,,,,
4849,PAYMENT,3604.39,3604.39,Matched,,,,,,
4850,PAYMENT,6484.32,6484.32,Matched,,,,,,
4851,PAYMENT,2151.85,2151.85,Matched,,,,,,
4852,PAYMENT,6735.16,6735.16,Matched,,,,,,
4853,CASH_OUT,128823.03,128823.03,Matched,,,,,,
4854,PAYMENT,22553.97,22553.97,Matched,,,,,,
4855,PAYMENT,1379.78,1379.78,Matched,,,,,,
4856,PAYMENT,836.64,836.64,Matched,,,,,,
4857,PAYMENT,6229.86,6229.86,Matched,,,,,,
4858,PAYMENT,2625.76,2625.76,Matched,,,,,,
4859,CASH_IN,348231.98,348231.98,Matched,,,,,,
4860,PAYMENT,4303.39,4303.39,Matched,,,,,,
4861,PAYMENT,1396.96,1396.96,Matched,,,,,,
4862,PAYMENT,1158.71,1158.71,Matched,,,,,,
4863,PAYMENT,5576.3,5576.3,Matched,,,,,,
4864,CASH_OUT,123974.95,123974.95,Matched,,,,,,
4865,PAYMENT,975.55,975.55,Matched,,,,,,
4866,CASH_OUT,211418.41,211418.41,Matched,,,,,,
4867,PAYMENT,7775.3,7775.3,Matched,,,,,,
4868,PAYMENT,354.75,354.75,Matched,,,,,,
4869,PAYMENT,3208.14,3208.14,Matched,,,,,,
4870,PAYMENT,1911.57,1911.57,Matched,,,,,,
4871,PAYMENT,3259.56,3259.56,Matched,,,,,,
4872,PAYMENT,3006.25,3006.25,Matched,,,,,,
4873,CASH_IN,310148.54,310148.54,Matched,,,,,,
4874,PAYMENT,2812.07,2812.07,Matched,,,,,,
4875,CASH_OUT,20470.3,20470.3,Matched,,,,,,
4876,CASH_IN,353004.04,353004.04,Matched,,,,,,
4877,CASH_IN,224763.96,224763.96,Matched,,,,,,
4878,CASH_IN,106082,106082,Matched,,,,,,
4879,PAYMENT,770.23,770.23,Matched,,,,,,
4880,CASH_IN,380211.17,380211.17,Matched,,,,,,
4881,CASH_IN,197677.22,197677.22,Matched,,,,,,
4882,CASH_IN,439939.28,439939.28,Matched,,,,,,
4883,DEBIT,618.01,618.01,Matched,,,,,,
4884,CASH_IN,285359.54,285359.54,Matched,,,,,,
4885,CASH_IN,746177.2,746177.2,Matched,,,,,,
4886,CASH_IN,166437.13,166437.13,Matched,,,,,,
4887,CASH_IN,225812.6,225812.6,Matched,,,,,,
4888,CASH_IN,131815.57,131815.57,Matched,,,,,,
4889,PAYMENT,4987.87,4987.87,Matched,,,,,,
4890,CASH_IN,232228.39,232228.39,Matched,,,,,,
4891,CASH_IN,171335.97,171335.97,Matched,,,,,,
4892,CASH_IN,214443.25,214443.25,Matched,,,,,,
4893,PAYMENT,2015.07,2015.07,Matched,,,,,,
4894,CASH_IN,260004.65,260004.65,Matched,,,,,,
4895,CASH_IN,482855.36,482855.36,Matched,,,,,,
4896,CASH_IN,205416.01,205416.01,Matched,,,,,,
4897,CASH_IN,122539.12,122539.12,Matched,,,,,,
4898,CASH_IN,37831.13,37831.13,Matched,,,,,,
4899,TRANSFER,17384.73,17384.73,Matched,,,,,,
4900,CASH_IN,504968.12,504968.12,Matched,,,,,,
4901,CASH_IN,265268.96,265268.96,Matched,,,,,,
4902,CASH_IN,188573.55,188573.55,Matched,,,,,,
4903,PAYMENT,276.8,276.8,Matched,,,,,,
4904,CASH_IN,285594.46,285594.46,Matched,,,,,,
4905,CASH_IN,165552.26,165552.26,Matched,,,,,,
4906,PAYMENT,3655.9,3655.9,Matched,,,,,,
4907,CASH_IN,301488.1,301488.1,Matched,,,,,,
4908,CASH_IN,115020.65,115020.65,Matched,,,,,,
4909,CASH_IN,13564.12,13564.12,Matched,,,,,,
4910,PAYMENT,21885.09,21885.09,Matched,,,,,,
4911,CASH_IN,221477.06,221477.06,Matched,,,,,,
4912,PAYMENT,2619.71,2619.71,Matched,,,,,,
4913,CASH_IN,4699.24,4699.24,Matched,,,,,,
4914,CASH_OUT,70344.95,70344.95,Matched,,,,,,
4915,CASH_IN,46166.32,46166.32,Matched,,,,,,
4916,CASH_IN,182825.43,182825.43,Matched,,,,,,
4917,TRANSFER,123755.39,123755.39,Matched,,,,,,
4918,CASH_IN,51208.37,51208.37,Matched,,,,,,
4919,CASH_IN,299368.99,299368.99,Matched,,,,,,
4920,PAYMENT,1199.16,1199.16,Matched,,,,,,
4921,CASH_IN,77655.59,77655.59,Matched,,,,,,
4922,CASH_IN,297908.73,297908.73,Matched,,,,,,
4923,CASH_IN,833.39,833.39,Matched,,,,,,
4924,PAYMENT,532.13,532.13,Matched,,,,,,
4925,CASH_IN,325483.3,325483.3,Matched,,,,,,
4926,CASH_IN,217846.27,217846.27,Matched,,,,,,
4927,CASH_IN,302602.9,302602.9,Matched,,,,,,
4928,CASH_IN,51876.97,51876.97,Matched,,,,,,
4929,CASH_IN,596406.73,596406.73,Matched,,,,,,
4930,PAYMENT,3786.19,3786.19,Matched,,,,,,
4931,CASH_IN,70664.62,70664.62,Matched,,,,,,
4932,CASH_IN,673111.47,673111.47,Matched,,,,,,
4933,CASH_IN,298431.03,298431.03,Matched,,,,,,
4934,PAYMENT,2698.14,2698.14,Matched,,,,,,
4935,CASH_IN,14401.68,14401.68,Matched,,,,,,
4936,CASH_IN,24734.93,24734.93,Matched,,,,,,
4937,CASH_IN,39058.08,39058.08,Matched,,,,,,
4938,PAYMENT,2541.31,2541.31,Matched,,,,,,
4939,CASH_IN,6845.48,6845.48,Matched,,,,,,
4940,CASH_IN,162464,162464,Matched,,,,,,
4941,CASH_IN,106334.08,106334.08,Matched,,,,,,
4942,CASH_IN,37872.44,37872.44,Matched,,,,,,
4943,CASH_IN,354741.15,354741.15,Matched,,,,,,
4944,PAYMENT,1669.11,1669.11,Matched,,,,,,
4945,CASH_IN,183202.66,183202.66,Matched,,,,,,
4946,CASH_IN,72980.01,72980.01,Matched,,,,,,
4947,CASH_IN,223115.02,223115.02,Matched,,,,,,
4948,CASH_IN,146131.91,146131.91,Matched,,,,,,
4949,CASH_IN,63737.25,63737.25,Matched,,,,,,
4950,PAYMENT,2288.47,2288.47,Matched,,,,,,
4951,CASH_IN,107877.98,107877.98,Matched,,,,,,
4952,PAYMENT,4287.23,4287.23,Matched,,,,,,
4953,CASH_IN,84014.41,84014.41,Matched,,,,,,
4954,CASH_OUT,166736.16,166736.16,Matched,,,,,,
4955,CASH_IN,382513.35,382513.35,Matched,,,,,,
4956,CASH_IN,237485.8,237485.8,Matched,,,,,,
4957,CASH_OUT,221605.71,221605.71,Matched,,,,,,
4958,PAYMENT,2513.72,2513.72,Matched,,,,,,
4959,CASH_IN,178040.87,178040.87,Matched,,,,,,
4960,PAYMENT,2305.22,2305.22,Matched,,,,,,
4961,CASH_IN,334503.92,334503.92,Matched,,,,,,
4962,CASH_IN,29637.04,29637.04,Matched,,,,,,
4963,PAYMENT,4610.54,4610.54,Matched,,,,,,
4964,CASH_IN,75978.27,75978.27,Matched,,,,,,
4965,CASH_IN,17906.01,17906.01,Matched,,,,,,
4966,PAYMENT,4205.98,4205.98,Matched,,,,,,
4967,CASH_IN,396286.33,396286.33,Matched,,,,,,
4968,CASH_IN,97644.2,97644.2,Matched,,,,,,
4969,PAYMENT,11691.84,11691.84,Matched,,,,,,
4970,CASH_IN,82914.35,82914.35,Matched,,,,,,
4971,CASH_IN,117474.04,117474.04,Matched,,,,,,
4972,PAYMENT,2011.87,2011.87,Matched,,,,,,
4973,CASH_IN,83707.76,83707.76,Matched,,,,,,
4974,DEBIT,485.42,485.42,Matched,,,,,,
4975,TRANSFER,102359.17,102359.17,Matched,,,,,,
4976,CASH_IN,17431.43,17431.43,Matched,,,,,,
4977,CASH_IN,97851.98,97851.98,Matched,,,,,,
4978,CASH_IN,76579.67,76579.67,Matched,,,,,,
4979,CASH_OUT,89293.11,89293.11,Matched,,,,,,
4980,PAYMENT,4303.63,4303.63,Matched,,,,,,
4981,CASH_IN,197165.91,197165.91,Matched,,,,,,
4982,PAYMENT,3743.99,3743.99,Matched,,,,,,
4983,CASH_IN,76928.78,76928.78,Matched,,,,,,
4984,CASH_IN,5159.29,5159.29,Matched,,,,,,
4985,PAYMENT,1184.99,1184.99,Matched,,,,,,
4986,PAYMENT,9675.69,9675.69,Matched,,,,,,
4987,CASH_IN,40210.51,40210.51,Matched,,,,,,
4988,CASH_IN,159958.57,159958.57,Matched,,,,,,
4989,PAYMENT,3212.82,3212.82,Matched,,,,,,
4990,PAYMENT,3118.48,3118.48,Matched,,,,,,
4991,CASH_IN,158367.85,158367.85,Matched,,,,,,
4992,PAYMENT,1723.33,1723.33,Matched,,,,,,
4993,CASH_IN,81886.69,81886.69,Matched,,,,,,
4994,PAYMENT,708.29,708.29,Matched,,,,,,
4995,PAYMENT,12603.14,12603.14,Matched,,,,,,
4996,PAYMENT,2689.55,2689.55,Matched,,,,,,
4997,PAYMENT,3775.14,3775.14,Matched,,,,,,
4998,PAYMENT,3225.49,3225.49,Matched,,,,,,
4999,CASH_IN,214015.94,214015.94,Matched,,,,,,
5000,PAYMENT,4397.58,4397.58,Matched,,,,,,
5001,PAYMENT,4625.32,4625.32,Matched,,,,,,
5002,CASH_IN,176095.63,176095.63,Matched,,,,,,
5003,PAYMENT,195.22,195.22,Matched,,,,,,
5004,PAYMENT,3907.39,3907.39,Matched,,,,,,
5005,CASH_IN,258127.75,258127.75,Matched,,,,,,
5006,CASH_OUT,81917.31,81917.31,Matched,,,,,,
5007,PAYMENT,6673.58,6673.58,Matched,,,,,,
5008,CASH_IN,378866.85,378866.85,Matched,,,,,,
5009,PAYMENT,2983.11,2983.11,Matched,,,,,,
5010,CASH_OUT,38326.82,38326.82,Matched,,,,,,
5011,CASH_IN,281300.4,281300.4,Matched,,,,,,
5012,PAYMENT,8958.81,8958.81,Matched,,,,,,
5013,PAYMENT,2520.08,2520.08,Matched,,,,,,
5014,CASH_IN,16427.61,16427.61,Matched,,,,,,
5015,PAYMENT,5907.27,5907.27,Matched,,,,,,
5016,PAYMENT,6988.56,6988.56,Matched,,,,,,
5017,CASH_IN,157301.05,157301.05,Matched,,,,,,
5018,PAYMENT,7888.5,7888.5,Matched,,,,,,
5019,PAYMENT,1270.66,1270.66,Matched,,,,,,
5020,CASH_IN,644028.87,644028.87,Matched,,,,,,
5021,PAYMENT,2205.72,2205.72,Matched,,,,,,
5022,PAYMENT,1276.01,1276.01,Matched,,,,,,
5023,CASH_IN,375306.09,375306.09,Matched,,,,,,
5024,PAYMENT,2892.22,2892.22,Matched,,,,,,
5025,CASH_IN,44538.32,44538.32,Matched,,,,,,
5026,PAYMENT,46741.66,46741.66,Matched,,,,,,
5027,PAYMENT,3181.68,3181.68,Matched,,,,,,
5028,CASH_IN,119336.24,119336.24,Matched,,,,,,
5029,CASH_IN,255710.36,255710.36,Matched,,,,,,
5030,PAYMENT,13702.52,13702.52,Matched,,,,,,
5031,PAYMENT,11221.28,11221.28,Matched,,,,,,
5032,PAYMENT,1574.63,1574.63,Matched,,,,,,
5033,PAYMENT,4953.63,4953.63,Matched,,,,,,
5034,PAYMENT,2573.24,2573.24,Matched,,,,,,
5035,PAYMENT,952.87,952.87,Matched,,,,,,
5036,CASH_IN,94588.1,94588.1,Matched,,,,,,
5037,PAYMENT,5311.45,5311.45,Matched,,,,,,
5038,PAYMENT,3143.95,3143.95,Matched,,,,,,
5039,CASH_IN,231917.45,231917.45,Matched,,,,,,
5040,TRANSFER,60726.57,60726.57,Matched,,,,,,
5041,PAYMENT,9309.74,9309.74,Matched,,,,,,
5042,CASH_OUT,60726.57,60726.57,Matched,,,,,,
5043,PAYMENT,13788.58,13788.58,Matched,,,,,,
5044,PAYMENT,2354.7,2354.7,Matched,,,,,,
5045,PAYMENT,8343.34,8343.34,Matched,,,,,,
5046,PAYMENT,5301.12,5301.12,Matched,,,,,,
5047,PAYMENT,40156.69,40156.69,Matched,,,,,,
5048,PAYMENT,3141.09,3141.09,Matched,,,,,,
5049,PAYMENT,10227.49,10227.49,Matched,,,,,,
5050,PAYMENT,8411.86,8411.86,Matched,,,,,,
5051,DEBIT,1826.28,1826.28,Matched,,,,,,
5052,DEBIT,1207.85,1207.85,Matched,,,,,,
5053,PAYMENT,3728.6,3728.6,Matched,,,,,,
5054,PAYMENT,1216.39,1216.39,Matched,,,,,,
5055,PAYMENT,12472.53,12472.53,Matched,,,,,,
5056,PAYMENT,5630.78,5630.78,Matched,,,,,,
5057,PAYMENT,469.63,469.63,Matched,,,,,,
5058,PAYMENT,2088.53,2088.53,Matched,,,,,,
5059,PAYMENT,7055.96,7055.96,Matched,,,,,,
5060,CASH_OUT,49804.17,49804.17,Matched,,,,,,
5061,PAYMENT,2558.03,2558.03,Matched,,,,,,
5062,PAYMENT,5693.64,5693.64,Matched,,,,,,
5063,PAYMENT,7089.25,7089.25,Matched,,,,,,
5064,PAYMENT,7840.38,7840.38,Matched,,,,,,
5065,PAYMENT,26921.32,26921.32,Matched,,,,,,
5066,PAYMENT,1967.35,1967.35,Matched,,,,,,
5067,PAYMENT,2403.55,2403.55,Matched,,,,,,
5068,PAYMENT,4260.13,4260.13,Matched,,,,,,
5069,PAYMENT,12438.52,12438.52,Matched,,,,,,
5070,PAYMENT,11627.71,11627.71,Matched,,,,,,
5071,PAYMENT,7959.58,7959.58,Matched,,,,,,
5072,PAYMENT,5743.03,5743.03,Matched,,,,,,
5073,PAYMENT,5080.22,5080.22,Matched,,,,,,
5074,PAYMENT,3064.96,3064.96,Matched,,,,,,
5075,PAYMENT,360.38,360.38,Matched,,,,,,
5076,PAYMENT,5818.7,5818.7,Matched,,,,,,
5077,PAYMENT,7369.86,7369.86,Matched,,,,,,
5078,PAYMENT,2080.51,2080.51,Matched,,,,,,
5079,PAYMENT,7683.38,7683.38,Matched,,,,,,
5080,PAYMENT,6453.51,6453.51,Matched,,,,,,
5081,PAYMENT,2161.3,2161.3,Matched,,,,,,
5082,PAYMENT,6823.03,6823.03,Matched,,,,,,
5083,TRANSFER,148319.88,148319.88,Matched,,,,,,
5084,PAYMENT,964.35,964.35,Matched,,,,,,
5085,DEBIT,162.26,162.26,Matched,,,,,,
5086,PAYMENT,3100.46,3100.46,Matched,,,,,,
5087,PAYMENT,7496.64,7496.64,Matched,,,,,,
5088,PAYMENT,472.71,472.71,Matched,,,,,,
5089,PAYMENT,7847.65,7847.65,Matched,,,,,,
5090,PAYMENT,6902.52,6902.52,Matched,,,,,,
5091,PAYMENT,7002.74,7002.74,Matched,,,,,,
5092,PAYMENT,6351.38,6351.38,Matched,,,,,,
5093,PAYMENT,187.48,187.48,Matched,,,,,,
5094,PAYMENT,953.21,953.21,Matched,,,,,,
5095,PAYMENT,774.62,774.62,Matched,,,,,,
5096,PAYMENT,822.37,822.37,Matched,,,,,,
5097,PAYMENT,16475.34,16475.34,Matched,,,,,,
5098,PAYMENT,368.56,368.56,Matched,,,,,,
5099,PAYMENT,10576.89,10576.89,Matched,,,,,,
5100,CASH_OUT,85070.76,85070.76,Matched,,,,,,
5101,PAYMENT,1553.21,1553.21,Matched,,,,,,
5102,TRANSFER,92036.54,92036.54,Matched,,,,,,
5103,PAYMENT,3508.93,3508.93,Matched,,,,,,
5104,PAYMENT,438.7,438.7,Matched,,,,,,
5105,PAYMENT,415.98,415.98,Matched,,,,,,
5106,TRANSFER,166567.98,166567.98,Matched,,,,,,
5107,PAYMENT,1281.34,1281.34,Matched,,,,,,
5108,PAYMENT,8215.28,8215.28,Matched,,,,,,
5109,PAYMENT,462.23,462.23,Matched,,,,,,
5110,TRANSFER,1915470.93,1915470.93,Matched,,,,,,
5111,PAYMENT,2882.94,2882.94,Matched,,,,,,
5112,CASH_OUT,173210.02,173210.02,Matched,,,,,,
5113,CASH_OUT,138480.68,138480.68,Matched,,,,,,
5114,TRANSFER,339163.04,339163.04,Matched,,,,,,
5115,PAYMENT,6822.49,6822.49,Matched,,,,,,
5116,PAYMENT,774.48,774.48,Matched,,,,,,
5117,TRANSFER,41139.2,41139.2,Matched,,,,,,
5118,PAYMENT,1024.56,1024.56,Matched,,,,,,
5119,PAYMENT,9479.49,9479.49,Matched,,,,,,
5120,PAYMENT,1438.63,1438.63,Matched,,,,,,
5121,TRANSFER,1716502.82,1716502.82,Matched,,,,,,
5122,PAYMENT,6784.39,6784.39,Matched,,,,,,
5123,PAYMENT,1925.08,1925.08,Matched,,,,,,
5124,PAYMENT,2057.11,2057.11,Matched,,,,,,
5125,CASH_OUT,195542.41,195542.41,Matched,,,,,,
5126,PAYMENT,2224.41,2224.41,Matched,,,,,,
5127,PAYMENT,2634.1,2634.1,Matched,,,,,,
5128,CASH_OUT,272045.87,272045.87,Matched,,,,,,
5129,PAYMENT,2515.55,2515.55,Matched,,,,,,
5130,PAYMENT,550.7,550.7,Matched,,,,,,
5131,PAYMENT,2803.61,2803.61,Matched,,,,,,
5132,PAYMENT,7930.66,7930.66,Matched,,,,,,
5133,PAYMENT,8847.07,8847.07,Matched,,,,,,
5134,PAYMENT,5089.69,5089.69,Matched,,,,,,
5135,PAYMENT,6608.18,6608.18,Matched,,,,,,
5136,PAYMENT,27655.2,27655.2,Matched,,,,,,
5137,PAYMENT,6292.42,6292.42,Matched,,,,,,
5138,PAYMENT,4754.82,4754.82,Matched,,,,,,
5139,TRANSFER,132427.3,132427.3,Matched,,,,,,
5140,PAYMENT,5542.54,5542.54,Matched,,,,,,
5141,CASH_OUT,180009.7,180009.7,Matched,,,,,,
5142,TRANSFER,1097510.65,1097510.65,Matched,,,,,,
5143,PAYMENT,3365.83,3365.83,Matched,,,,,,
5144,PAYMENT,852.95,852.95,Matched,,,,,,
5145,TRANSFER,103759.56,103759.56,Matched,,,,,,
5146,PAYMENT,4392.73,4392.73,Matched,,,,,,
5147,PAYMENT,851.94,851.94,Matched,,,,,,
5148,TRANSFER,268571.64,268571.64,Matched,,,,,,
5149,TRANSFER,59691.76,59691.76,Matched,,,,,,
5150,PAYMENT,8479.04,8479.04,Matched,,,,,,
5151,PAYMENT,3833.36,3833.36,Matched,,,,,,
5152,PAYMENT,7561.15,7561.15,Matched,,,,,,
5153,TRANSFER,134294.1,134294.1,Matched,,,,,,
5154,DEBIT,3092.94,3092.94,Matched,,,,,,
5155,PAYMENT,25625.94,25625.94,Matched,,,,,,
5156,PAYMENT,30981.44,30981.44,Matched,,,,,,
5157,PAYMENT,4532.37,4532.37,Matched,,,,,,
5158,PAYMENT,3032.18,3032.18,Matched,,,,,,
5159,PAYMENT,3016.29,3016.29,Matched,,,,,,
5160,PAYMENT,4758.17,4758.17,Matched,,,,,,
5161,PAYMENT,1903.52,1903.52,Matched,,,,,,
5162,TRANSFER,72825.75,72825.75,Matched,,,,,,
5163,PAYMENT,538.17,538.17,Matched,,,,,,
5164,PAYMENT,4026.05,4026.05,Matched,,,,,,
5165,DEBIT,2298.7,2298.7,Matched,,,,,,
5166,PAYMENT,3726.93,3726.93,Matched,,,,,,
5167,CASH_OUT,101921.8,101921.8,Matched,,,,,,
5168,PAYMENT,263.87,263.87,Matched,,,,,,
5169,PAYMENT,7798.4,7798.4,Matched,,,,,,
5170,PAYMENT,14368.08,14368.08,Matched,,,,,,
5171,CASH_OUT,135550.07,135550.07,Matched,,,,,,
5172,PAYMENT,4112.38,4112.38,Matched,,,,,,
5173,PAYMENT,6079.77,6079.77,Matched,,,,,,
5174,PAYMENT,6204.45,6204.45,Matched,,,,,,
5175,PAYMENT,4573.24,4573.24,Matched,,,,,,
5176,PAYMENT,1754.73,1754.73,Matched,,,,,,
5177,PAYMENT,5274.02,5274.02,Matched,,,,,,
5178,PAYMENT,2976.65,2976.65,Matched,,,,,,
5179,PAYMENT,5905.54,5905.54,Matched,,,,,,
5180,PAYMENT,3770.26,3770.26,Matched,,,,,,
5181,PAYMENT,6678.65,6678.65,Matched,,,,,,
5182,CASH_OUT,220070.01,220070.01,Matched,,,,,,
5183,DEBIT,665.37,665.37,Matched,,,,,,
5184,PAYMENT,4704,4704,Matched,,,,,,
5185,DEBIT,858.71,858.71,Matched,,,,,,
5186,TRANSFER,56471.48,56471.48,Matched,,,,,,
5187,DEBIT,1674.09,1674.09,Matched,,,,,,
5188,PAYMENT,1534.11,1534.11,Matched,,,,,,
5189,PAYMENT,1405.7,1405.7,Matched,,,,,,
5190,PAYMENT,4562.21,4562.21,Matched,,,,,,
5191,PAYMENT,4762.15,4762.15,Matched,,,,,,
5192,PAYMENT,2092.99,2092.99,Matched,,,,,,
5193,PAYMENT,1901.5,1901.5,Matched,,,,,,
5194,PAYMENT,307.63,307.63,Matched,,,,,,
5195,PAYMENT,6324.03,6324.03,Matched,,,,,,
5196,PAYMENT,3247.56,3247.56,Matched,,,,,,
5197,PAYMENT,15211.91,15211.91,Matched,,,,,,
5198,PAYMENT,2399.58,2399.58,Matched,,,,,,
5199,PAYMENT,32876.85,32876.85,Matched,,,,,,
5200,PAYMENT,2949.77,2949.77,Matched,,,,,,
5201,PAYMENT,2883.1,2883.1,Matched,,,,,,
5202,PAYMENT,3044.66,3044.66,Matched,,,,,,
5203,PAYMENT,4251.15,4251.15,Matched,,,,,,
5204,PAYMENT,38371.41,38371.41,Matched,,,,,,
5205,PAYMENT,19561.11,19561.11,Matched,,,,,,
5206,DEBIT,4397.38,4397.38,Matched,,,,,,
5207,PAYMENT,5200,5200,Matched,,,,,,
5208,PAYMENT,9452.85,9452.85,Matched,,,,,,
5209,PAYMENT,16780.75,16780.75,Matched,,,,,,
5210,PAYMENT,5304.33,5304.33,Matched,,,,,,
5211,PAYMENT,3367.42,3367.42,Matched,,,,,,
5212,PAYMENT,20526.64,20526.64,Matched,,,,,,
5213,PAYMENT,5267.26,5267.26,Matched,,,,,,
5214,CASH_OUT,41624.47,41624.47,Matched,,,,,,
5215,PAYMENT,3032.27,3032.27,Matched,,,,,,
5216,PAYMENT,17410.74,17410.74,Matched,,,,,,
5217,PAYMENT,8908.26,8908.26,Matched,,,,,,
5218,PAYMENT,4477.03,4477.03,Matched,,,,,,
5219,PAYMENT,1122.73,1122.73,Matched,,,,,,
5220,PAYMENT,17390.17,17390.17,Matched,,,,,,
5221,PAYMENT,17356.69,17356.69,Matched,,,,,,
5222,PAYMENT,27401.26,27401.26,Matched,,,,,,
5223,PAYMENT,7414.66,7414.66,Matched,,,,,,
5224,PAYMENT,914.59,914.59,Matched,,,,,,
5225,PAYMENT,18850.92,18850.92,Matched,,,,,,
5226,PAYMENT,4826.29,4826.29,Matched,,,,,,
5227,PAYMENT,617.25,617.25,Matched,,,,,,
5228,PAYMENT,11430.59,11430.59,Matched,,,,,,
5229,PAYMENT,227.6,227.6,Matched,,,,,,
5230,PAYMENT,1766.71,1766.71,Matched,,,,,,
5231,CASH_OUT,48516.52,48516.52,Matched,,,,,,
5232,PAYMENT,7632.13,7632.13,Matched,,,,,,
5233,PAYMENT,15920.5,15920.5,Matched,,,,,,
5234,PAYMENT,2261.59,2261.59,Matched,,,,,,
5235,CASH_OUT,305121.53,305121.53,Matched,,,,,,
5236,PAYMENT,3.75,3.75,Matched,,,,,,
5237,PAYMENT,3646.47,3646.47,Matched,,,,,,
5238,PAYMENT,4408.24,4408.24,Matched,,,,,,
5239,CASH_OUT,268894.02,268894.02,Matched,,,,,,
5240,PAYMENT,3117.04,3117.04,Matched,,,,,,
5241,CASH_OUT,55207.84,55207.84,Matched,,,,,,
5242,CASH_OUT,233312.83,233312.83,Matched,,,,,,
5243,PAYMENT,4962,4962,Matched,,,,,,
5244,CASH_OUT,198384.26,198384.26,Matched,,,,,,
5245,PAYMENT,12479.16,12479.16,Matched,,,,,,
5246,CASH_OUT,311282.8,311282.8,Matched,,,,,,
5247,PAYMENT,7464.54,7464.54,Matched,,,,,,
5248,PAYMENT,7654.41,7654.41,Matched,,,,,,
5249,PAYMENT,2376.34,2376.34,Matched,,,,,,
5250,PAYMENT,5820.27,5820.27,Matched,,,,,,
5251,PAYMENT,10122.53,10122.53,Matched,,,,,,
5252,PAYMENT,472.63,472.63,Matched,,,,,,
5253,TRANSFER,10119.47,10119.47,Matched,,,,,,
5254,PAYMENT,12986.85,12986.85,Matched,,,,,,
5255,PAYMENT,3590.58,3590.58,Matched,,,,,,
5256,CASH_OUT,10119.47,10119.47,Matched,,,,,,
5257,PAYMENT,24921.84,24921.84,Matched,,,,,,
5258,PAYMENT,4103.27,4103.27,Matched,,,,,,
5259,TRANSFER,145374.18,145374.18,Matched,,,,,,
5260,PAYMENT,1263.04,1263.04,Matched,,,,,,
5261,PAYMENT,3401.12,3401.12,Matched,,,,,,
5262,PAYMENT,5835.81,5835.81,Matched,,,,,,
5263,PAYMENT,9080.77,9080.77,Matched,,,,,,
5264,PAYMENT,1808.31,1808.31,Matched,,,,,,
5265,PAYMENT,1648.13,1648.13,Matched,,,,,,
5266,PAYMENT,925.48,925.48,Matched,,,,,,
5267,PAYMENT,7792.99,7792.99,Matched,,,,,,
5268,PAYMENT,8182.9,8182.9,Matched,,,,,,
5269,PAYMENT,491.11,491.11,Matched,,,,,,
5270,PAYMENT,7543.1,7543.1,Matched,,,,,,
5271,PAYMENT,977.36,977.36,Matched,,,,,,
5272,PAYMENT,325.72,325.72,Matched,,,,,,
5273,PAYMENT,3159.86,3159.86,Matched,,,,,,
5274,PAYMENT,3617,3617,Matched,,,,,,
5275,PAYMENT,240.78,240.78,Matched,,,,,,
5276,DEBIT,2939.48,2939.48,Matched,,,,,,
5277,CASH_OUT,366300.87,366300.87,Matched,,,,,,
5278,PAYMENT,5288.3,5288.3,Matched,,,,,,
5279,CASH_OUT,33985.61,33985.61,Matched,,,,,,
5280,PAYMENT,2716.81,2716.81,Matched,,,,,,
5281,CASH_OUT,439930.78,439930.78,Matched,,,,,,
5282,PAYMENT,20563.52,20563.52,Matched,,,,,,
5283,PAYMENT,15330.96,15330.96,Matched,,,,,,
5284,CASH_OUT,218549.38,218549.38,Matched,,,,,,
5285,CASH_OUT,498990.17,498990.17,Matched,,,,,,
5286,CASH_OUT,134175.79,134175.79,Matched,,,,,,
5287,CASH_OUT,70830.43,70830.43,Matched,,,,,,
5288,CASH_OUT,293520.06,293520.06,Matched,,,,,,
5289,CASH_OUT,247454.42,247454.42,Matched,,,,,,
5290,CASH_OUT,182374.61,182374.61,Matched,,,,,,
5291,CASH_OUT,183088.01,183088.01,Matched,,,,,,
5292,CASH_OUT,278809.45,278809.45,Matched,,,,,,
5293,CASH_OUT,83160.08,83160.08,Matched,,,,,,
5294,CASH_OUT,122729.64,122729.64,Matched,,,,,,
5295,PAYMENT,5435.76,5435.76,Matched,,,,,,
5296,CASH_OUT,127127.67,127127.67,Matched,,,,,,
5297,PAYMENT,9144.91,9144.91,Matched,,,,,,
5298,TRANSFER,97544.43,97544.43,Matched,,,,,,
5299,PAYMENT,655.16,655.16,Matched,,,,,,
5300,PAYMENT,3967.71,3967.71,Matched,,,,,,
5301,PAYMENT,49.61,49.61,Matched,,,,,,
5302,CASH_OUT,269130.7,269130.7,Matched,,,,,,
5303,PAYMENT,28765.49,28765.49,Matched,,,,,,
5304,CASH_OUT,31963.29,31963.29,Matched,,,,,,
5305,PAYMENT,42355.9,42355.9,Matched,,,,,,
5306,CASH_OUT,137497.97,137497.97,Matched,,,,,,
5307,PAYMENT,1119.39,1119.39,Matched,,,,,,
5308,PAYMENT,32593.48,32593.48,Matched,,,,,,
5309,CASH_OUT,89569.75,89569.75,Matched,,,,,,
5310,PAYMENT,4121.51,4121.51,Matched,,,,,,
5311,CASH_OUT,286878.98,286878.98,Matched,,,,,,
5312,CASH_OUT,521438.17,521438.17,Matched,,,,,,
5313,PAYMENT,16741.22,16741.22,Matched,,,,,,
5314,PAYMENT,1220.13,1220.13,Matched,,,,,,
5315,CASH_OUT,141799.28,141799.28,Matched,,,,,,
5316,PAYMENT,12702.69,12702.69,Matched,,,,,,
5317,CASH_OUT,101332.45,101332.45,Matched,,,,,,
5318,CASH_OUT,297734.01,297734.01,Matched,,,,,,
5319,CASH_OUT,105095.1,105095.1,Matched,,,,,,
5320,PAYMENT,5830.2,5830.2,Matched,,,,,,
5321,PAYMENT,612.19,612.19,Matched,,,,,,
5322,PAYMENT,920.12,920.12,Matched,,,,,,
5323,PAYMENT,4964.82,4964.82,Matched,,,,,,
5324,PAYMENT,1993.69,1993.69,Matched,,,,,,
5325,PAYMENT,4466.25,4466.25,Matched,,,,,,
5326,PAYMENT,3092.92,3092.92,Matched,,,,,,
5327,PAYMENT,4187.93,4187.93,Matched,,,,,,
5328,PAYMENT,3440.78,3440.78,Matched,,,,,,
5329,PAYMENT,4021.67,4021.67,Matched,,,,,,
5330,PAYMENT,26643.14,26643.14,Matched,,,,,,
5331,PAYMENT,290.66,290.66,Matched,,,,,,
5332,PAYMENT,12048.52,12048.52,Matched,,,,,,
5333,PAYMENT,5290.34,5290.34,Matched,,,,,,
5334,PAYMENT,3445.14,3445.14,Matched,,,,,,
5335,PAYMENT,17975.9,17975.9,Matched,,,,,,
5336,PAYMENT,2125.09,2125.09,Matched,,,,,,
5337,CASH_OUT,229790.53,229790.53,Matched,,,,,,
5338,PAYMENT,2892.49,2892.49,Matched,,,,,,
5339,PAYMENT,8940.39,8940.39,Matched,,,,,,
5340,PAYMENT,15455.85,15455.85,Matched,,,,,,
5341,PAYMENT,12848.12,12848.12,Matched,,,,,,
5342,PAYMENT,352.7,352.7,Matched,,,,,,
5343,PAYMENT,10296.83,10296.83,Matched,,,,,,
5344,PAYMENT,13597.47,13597.47,Matched,,,,,,
5345,PAYMENT,7341.98,7341.98,Matched,,,,,,
5346,DEBIT,1556.49,1556.49,Matched,,,,,,
5347,PAYMENT,4177.38,4177.38,Matched,,,,,,
5348,PAYMENT,385.39,385.39,Matched,,,,,,
5349,PAYMENT,530.4,530.4,Matched,,,,,,
5350,PAYMENT,8545.54,8545.54,Matched,,,,,,
5351,PAYMENT,35994.44,35994.44,Matched,,,,,,
5352,PAYMENT,7993.75,7993.75,Matched,,,,,,
5353,PAYMENT,16184.43,16184.43,Matched,,,,,,
5354,PAYMENT,27202.42,27202.42,Matched,,,,,,
5355,PAYMENT,5909.55,5909.55,Matched,,,,,,
5356,PAYMENT,18666.07,18666.07,Matched,,,,,,
5357,PAYMENT,5379.76,5429.76,Amount Mismatch,,,,,,
5358,PAYMENT,20112.79,20112.79,Matched,,,,,,
5359,PAYMENT,16419.57,16419.57,Matched,,,,,,
5360,PAYMENT,5060.44,5060.44,Matched,,,,,,
5361,CASH_IN,84189.52,84189.52,Matched,,,,,,
5362,PAYMENT,1031.66,1031.66,Matched,,,,,,
5363,CASH_IN,49251.21,49251.21,Matched,,,,,,
5364,PAYMENT,3592.05,3592.05,Matched,,,,,,
5365,PAYMENT,7285.68,7285.68,Matched,,,,,,
5366,CASH_IN,257208.23,257208.23,Matched,,,,,,
5367,PAYMENT,7643.08,7643.08,Matched,,,,,,
5368,CASH_IN,20337.14,20337.14,Matched,,,,,,
5369,PAYMENT,1200.57,1200.57,Matched,,,,,,
5370,PAYMENT,2098.34,2098.34,Matched,,,,,,
5371,CASH_IN,74948.39,74948.39,Matched,,,,,,
5372,PAYMENT,8335.65,8335.65,Matched,,,,,,
5373,PAYMENT,5278.65,5278.65,Matched,,,,,,
5374,CASH_IN,243756.18,243756.18,Matched,,,,,,
5375,PAYMENT,12798.82,12798.82,Matched,,,,,,
5376,CASH_IN,21391.13,21391.13,Matched,,,,,,
5377,PAYMENT,3674.62,3674.62,Matched,,,,,,
5378,CASH_IN,31416.69,31416.69,Matched,,,,,,
5379,PAYMENT,6771.54,6771.54,Matched,,,,,,
5380,CASH_IN,123951.78,123951.78,Matched,,,,,,
5381,PAYMENT,4.36,4.36,Matched,,,,,,
5382,PAYMENT,2223.47,2223.47,Matched,,,,,,
5383,CASH_IN,67056.65,67056.65,Matched,,,,,,
5384,PAYMENT,1460.16,1460.16,Matched,,,,,,
5385,PAYMENT,10219.4,10219.4,Matched,,,,,,
5386,CASH_IN,20410.45,20410.45,Matched,,,,,,
5387,PAYMENT,6130.56,6130.56,Matched,,,,,,
5388,PAYMENT,24342.09,24342.09,Matched,,,,,,
5389,CASH_IN,29351.64,29351.64,Matched,,,,,,
5390,CASH_IN,58431.85,58431.85,Matched,,,,,,
5391,PAYMENT,7006.43,7006.43,Matched,,,,,,
5392,PAYMENT,7338.27,7338.27,Matched,,,,,,
5393,CASH_IN,182501.56,182501.56,Matched,,,,,,
5394,PAYMENT,5379.9,5379.9,Matched,,,,,,
5395,CASH_IN,17101.74,17101.74,Matched,,,,,,
5396,PAYMENT,1440.1,1440.1,Matched,,,,,,
5397,CASH_IN,24248.86,24248.86,Matched,,,,,,
5398,PAYMENT,3549.66,3549.66,Matched,,,,,,
5399,CASH_IN,585796.59,585796.59,Matched,,,,,,
5400,PAYMENT,2824.15,2824.15,Matched,,,,,,
5401,CASH_IN,12163.38,12163.38,Matched,,,,,,
5402,DEBIT,543.21,543.21,Matched,,,,,,
5403,PAYMENT,7868.21,7868.21,Matched,,,,,,
5404,CASH_IN,208834.32,208834.32,Matched,,,,,,
5405,CASH_IN,360262.92,360262.92,Matched,,,,,,
5406,PAYMENT,8069.14,8069.14,Matched,,,,,,
5407,CASH_IN,129630.74,129630.74,Matched,,,,,,
5408,PAYMENT,4074.95,4074.95,Matched,,,,,,
5409,CASH_IN,130078.54,130078.54,Matched,,,,,,
5410,CASH_IN,125558.59,125558.59,Matched,,,,,,
5411,PAYMENT,6445.27,6445.27,Matched,,,,,,
5412,CASH_IN,357885.34,357885.34,Matched,,,,,,
5413,PAYMENT,5073.8,5073.8,Matched,,,,,,
5414,CASH_IN,93355.27,93355.27,Matched,,,,,,
5415,CASH_IN,281196.15,281196.15,Matched,,,,,,
5416,CASH_IN,59784.87,59784.87,Matched,,,,,,
5417,PAYMENT,5580.15,5580.15,Matched,,,,,,
5418,PAYMENT,2808.11,2808.11,Matched,,,,,,
5419,CASH_IN,181240.21,181240.21,Matched,,,,,,
5420,CASH_IN,140216.68,140216.68,Matched,,,,,,
5421,PAYMENT,11192.72,11192.72,Matched,,,,,,
5422,PAYMENT,1292.63,1292.63,Matched,,,,,,
5423,CASH_IN,81126.42,81126.42,Matched,,,,,,
5424,PAYMENT,718.51,718.51,Matched,,,,,,
5425,PAYMENT,5172.58,5172.58,Matched,,,,,,
5426,CASH_IN,861582.21,861582.21,Matched,,,,,,
5427,PAYMENT,26891.86,26891.86,Matched,,,,,,
5428,CASH_IN,185257.33,185257.33,Matched,,,,,,
5429,PAYMENT,18540.96,18540.96,Matched,,,,,,
5430,CASH_IN,250891.95,250891.95,Matched,,,,,,
5431,PAYMENT,7796.39,7796.39,Matched,,,,,,
5432,CASH_IN,119072.9,119072.9,Matched,,,,,,
5433,PAYMENT,32012.74,32012.74,Matched,,,,,,
5434,PAYMENT,2588.64,2588.64,Matched,,,,,,
5435,CASH_IN,101055.18,101055.18,Matched,,,,,,
5436,CASH_IN,128336.28,128336.28,Matched,,,,,,
5437,PAYMENT,6507.26,6507.26,Matched,,,,,,
5438,CASH_IN,71887,71887,Matched,,,,,,
5439,CASH_IN,366645.12,366645.12,Matched,,,,,,
5440,PAYMENT,3600.19,3600.19,Matched,,,,,,
5441,CASH_IN,281593.55,281593.55,Matched,,,,,,
5442,PAYMENT,1282.59,1282.59,Matched,,,,,,
5443,CASH_IN,145475.51,145475.51,Matched,,,,,,
5444,CASH_IN,380950.81,380950.81,Matched,,,,,,
5445,PAYMENT,5393.37,5393.37,Matched,,,,,,
5446,TRANSFER,40975.4,40975.4,Matched,,,,,,
5447,CASH_IN,566903.96,566903.96,Matched,,,,,,
5448,CASH_IN,201464.96,201464.96,Matched,,,,,,
5449,PAYMENT,30042.12,30042.12,Matched,,,,,,
5450,PAYMENT,1481.02,1481.02,Matched,,,,,,
5451,CASH_IN,16593.82,16593.82,Matched,,,,,,
5452,PAYMENT,650.48,650.48,Matched,,,,,,
5453,CASH_IN,78588.13,78588.13,Matched,,,,,,
5454,CASH_IN,185680.98,185680.98,Matched,,,,,,
5455,PAYMENT,972.33,972.33,Matched,,,,,,
5456,CASH_IN,67017.13,67017.13,Matched,,,,,,
5457,PAYMENT,583.01,583.01,Matched,,,,,,
5458,CASH_IN,122744.28,122744.28,Matched,,,,,,
5459,CASH_IN,414729.24,414729.24,Matched,,,,,,
5460,TRANSFER,169448.37,169448.37,Matched,,,,,,
5461,CASH_IN,328776.1,328776.1,Matched,,,,,,
5462,PAYMENT,3992.52,3992.52,Matched,,,,,,
5463,CASH_IN,50535.87,50535.87,Matched,,,,,,
5464,CASH_IN,10870.95,10870.95,Matched,,,,,,
5465,PAYMENT,8169.21,8169.21,Matched,,,,,,
5466,PAYMENT,4379.13,4379.13,Matched,,,,,,
5467,PAYMENT,1130.38,1130.38,Matched,,,,,,
5468,PAYMENT,9231.24,9231.24,Matched,,,,,,
5469,PAYMENT,34209.42,34209.42,Matched,,,,,,
5470,PAYMENT,1859.1,1859.1,Matched,,,,,,
5471,PAYMENT,11436.26,11436.26,Matched,,,,,,
5472,PAYMENT,1948.6,1948.6,Matched,,,,,,
5473,PAYMENT,20463.42,20463.42,Matched,,,,,,
5474,PAYMENT,4727.31,4727.31,Matched,,,,,,
5475,TRANSFER,267962.57,267962.57,Matched,,,,,,
5476,CASH_OUT,142634.17,142634.17,Matched,,,,,,
5477,PAYMENT,17172.65,17172.65,Matched,,,,,,
5478,PAYMENT,1123.06,1123.06,Matched,,,,,,
5479,PAYMENT,8481.77,8481.77,Matched,,,,,,
5480,CASH_OUT,190944.55,190944.55,Matched,,,,,,
5481,PAYMENT,3829,3829,Matched,,,,,,
5482,PAYMENT,1550.75,1550.75,Matched,,,,,,
5483,DEBIT,2065.17,2065.17,Matched,,,,,,
5484,DEBIT,2503.29,2503.29,Matched,,,,,,
5485,CASH_OUT,139845.98,139845.98,Matched,,,,,,
5486,PAYMENT,1894.12,1894.12,Matched,,,,,,
5487,TRANSFER,71741.21,71741.21,Matched,,,,,,
5488,PAYMENT,9270.64,9270.64,Matched,,,,,,
5489,PAYMENT,8191.6,8191.6,Matched,,,,,,
5490,PAYMENT,437.22,437.22,Matched,,,,,,
5491,PAYMENT,5912.08,5912.08,Matched,,,,,,
5492,PAYMENT,1627.82,1627.82,Matched,,,,,,
5493,PAYMENT,3648.44,3648.44,Matched,,,,,,
5494,CASH_OUT,191894.78,191894.78,Matched,,,,,,
5495,PAYMENT,5210.66,5210.66,Matched,,,,,,
5496,CASH_OUT,69603.22,69603.22,Matched,,,,,,
5497,PAYMENT,3263.86,3263.86,Matched,,,,,,
5498,TRANSFER,33332.86,33332.86,Matched,,,,,,
5499,PAYMENT,1537.12,1537.12,Matched,,,,,,
5500,PAYMENT,3897.56,3897.56,Matched,,,,,,
5501,PAYMENT,2283.56,2283.56,Matched,,,,,,
5502,TRANSFER,140243.54,140243.54,Matched,,,,,,
5503,CASH_OUT,33332.86,33332.86,Matched,,,,,,
5504,PAYMENT,7237.74,7237.74,Matched,,,,,,
5505,PAYMENT,25.08,25.08,Matched,,,,,,
5506,PAYMENT,5188.61,5188.61,Matched,,,,,,
5507,PAYMENT,5469.25,5469.25,Matched,,,,,,
5508,PAYMENT,14883.76,14883.76,Matched,,,,,,
5509,PAYMENT,2574.1,2574.1,Matched,,,,,,
5510,PAYMENT,17596.24,17596.24,Matched,,,,,,
5511,DEBIT,700.89,700.89,Matched,,,,,,
5512,PAYMENT,21248.82,21248.82,Matched,,,,,,
5513,PAYMENT,3920.64,3920.64,Matched,,,,,,
5514,PAYMENT,8017.96,8017.96,Matched,,,,,,
5515,PAYMENT,10940.74,10940.74,Matched,,,,,,
5516,PAYMENT,1288.03,1288.03,Matched,,,,,,
5517,PAYMENT,4738.4,4738.4,Matched,,,,,,
5518,DEBIT,3768.1,3768.1,Matched,,,,,,
5519,PAYMENT,1936.85,1936.85,Matched,,,,,,
5520,TRANSFER,43479.45,43479.45,Matched,,,,,,
5521,PAYMENT,3509.48,3509.48,Matched,,,,,,
5522,PAYMENT,18083.03,18083.03,Matched,,,,,,
5523,PAYMENT,905.86,905.86,Matched,,,,,,
5524,PAYMENT,1744.46,1744.46,Matched,,,,,,
5525,PAYMENT,1819.34,1819.34,Matched,,,,,,
5526,PAYMENT,4433.42,4433.42,Matched,,,,,,
5527,PAYMENT,7302.26,7302.26,Matched,,,,,,
5528,PAYMENT,29762.68,29762.68,Matched,,,,,,
5529,PAYMENT,2466.6,2466.6,Matched,,,,,,
5530,PAYMENT,9531.19,9531.19,Matched,,,,,,
5531,PAYMENT,28260.77,28260.77,Matched,,,,,,
5532,PAYMENT,1871.25,1871.25,Matched,,,,,,
5533,PAYMENT,628.34,628.34,Matched,,,,,,
5534,PAYMENT,5815.23,5815.23,Matched,,,,,,
5535,PAYMENT,10256.09,10256.09,Matched,,,,,,
5536,PAYMENT,2224.36,2224.36,Matched,,,,,,
5537,PAYMENT,7587.2,7587.2,Matched,,,,,,
5538,TRANSFER,118172.98,118172.98,Matched,,,,,,
5539,CASH_OUT,78115.81,78115.81,Matched,,,,,,
5540,PAYMENT,1315.93,1315.93,Matched,,,,,,
5541,PAYMENT,10438.03,10438.03,Matched,,,,,,
5542,TRANSFER,97661.94,97661.94,Matched,,,,,,
5543,PAYMENT,25765.4,25765.4,Matched,,,,,,
5544,PAYMENT,45923.16,45923.16,Matched,,,,,,
5545,PAYMENT,4835.01,4835.01,Matched,,,,,,
5546,DEBIT,1831.16,1831.16,Matched,,,,,,
5547,PAYMENT,14479.12,14479.12,Matched,,,,,,
5548,DEBIT,1857.79,1857.79,Matched,,,,,,
5549,PAYMENT,5655.12,5655.12,Matched,,,,,,
5550,DEBIT,2329.14,2329.14,Matched,,,,,,
5551,PAYMENT,5451.3,5451.3,Matched,,,,,,
5552,PAYMENT,16906.99,16906.99,Matched,,,,,,
100,PAYMENT,3199.06,3199.06,Duplicate in Bank,,,,,,
200,PAYMENT,1915.43,1915.43,Duplicate in Bank,,,,,,
300,CASH_OUT,82685.93,82685.93,Duplicate in Bank,,,,,,
1487,PAYMENT,4170.82,NULL,Missing from Bank,,,,,,
1650,TRANSFER,42136.28,NULL,Missing from Bank,,,,,,
2001,CASH_IN,78423.86,NULL,Missing from Bank,,,,,,
2048,CASH_IN,46442.24,NULL,Missing from Bank,,,,,,
2142,PAYMENT,8361.63,NULL,Missing from Bank,,,,,,
4064,PAYMENT,2713.07,NULL,Missing from Bank,,,,,,
4155,PAYMENT,13343.04,NULL,Missing from Bank,,,,,,
4541,PAYMENT,3018.73,NULL,Missing from Bank,,,,,,
5553,PAYMENT,1021.03,1021.03,Matched,,,,,,
5554,PAYMENT,565.14,565.14,Matched,,,,,,
5555,PAYMENT,5435.22,5435.22,Matched,,,,,,
5556,PAYMENT,1319.42,1319.42,Matched,,,,,,
5557,PAYMENT,5105.68,5105.68,Matched,,,,,,
5558,PAYMENT,1056.8,1056.8,Matched,,,,,,
5559,PAYMENT,518.1,518.1,Matched,,,,,,
5560,PAYMENT,2750.32,2750.32,Matched,,,,,,
5561,PAYMENT,7865.47,7865.47,Matched,,,,,,
5562,PAYMENT,243.62,243.62,Matched,,,,,,
5563,PAYMENT,494.64,494.64,Matched,,,,,,
5564,PAYMENT,2813.24,2813.24,Matched,,,,,,
5565,PAYMENT,13826.77,13826.77,Matched,,,,,,
5566,PAYMENT,7712.64,7712.64,Matched,,,,,,
5567,PAYMENT,7873.13,7873.13,Matched,,,,,,
5568,PAYMENT,47001.52,47001.52,Matched,,,,,,
5569,PAYMENT,18726.7,18726.7,Matched,,,,,,
5570,PAYMENT,11470.25,11470.25,Matched,,,,,,
5571,PAYMENT,23795,23795,Matched,,,,,,
5572,PAYMENT,12417.59,12417.59,Matched,,,,,,
5573,PAYMENT,20123.79,20123.79,Matched,,,,,,
5574,PAYMENT,1861.63,1861.63,Matched,,,,,,
5575,PAYMENT,9204.89,9204.89,Matched,,,,,,
5576,PAYMENT,4510.15,4510.15,Matched,,,,,,
5577,PAYMENT,6185.83,6185.83,Matched,,,,,,
5578,PAYMENT,12703.55,12703.55,Matched,,,,,,
5579,PAYMENT,2014.68,2014.68,Matched,,,,,,
5580,PAYMENT,10701.92,10701.92,Matched,,,,,,
5581,PAYMENT,4426.72,4426.72,Matched,,,,,,
5582,PAYMENT,9405.76,9405.76,Matched,,,,,,
5583,PAYMENT,20667.76,20667.76,Matched,,,,,,
5584,PAYMENT,4424.31,4424.31,Matched,,,,,,
5585,PAYMENT,8020.86,8020.86,Matched,,,,,,
5586,PAYMENT,13268.31,13268.31,Matched,,,,,,
5587,PAYMENT,3003.85,3003.85,Matched,,,,,,
5588,PAYMENT,5580.15,5580.15,Matched,,,,,,
5589,PAYMENT,1143.34,1143.34,Matched,,,,,,
5590,PAYMENT,51752.59,51752.59,Matched,,,,,,
5591,PAYMENT,15150.82,15150.82,Matched,,,,,,
5592,TRANSFER,179651.4,179651.4,Matched,,,,,,
5593,PAYMENT,7658.66,7658.66,Matched,,,,,,
5594,PAYMENT,5272.65,5272.65,Matched,,,,,,
5595,PAYMENT,3494.07,3494.07,Matched,,,,,,
5596,TRANSFER,627010.99,627010.99,Matched,,,,,,
5597,PAYMENT,18067.41,18067.41,Matched,,,,,,
5598,PAYMENT,8534.32,8534.32,Matched,,,,,,
5599,PAYMENT,7994.53,7994.53,Matched,,,,,,
5600,PAYMENT,5666.41,5666.41,Matched,,,,,,
5601,PAYMENT,12770.33,12770.33,Matched,,,,,,
5602,DEBIT,3340.01,3340.01,Matched,,,,,,
5603,PAYMENT,20206.61,20206.61,Matched,,,,,,
5604,PAYMENT,14199.19,14199.19,Matched,,,,,,
5605,PAYMENT,18557.06,18557.06,Matched,,,,,,
5606,PAYMENT,19914.62,19914.62,Matched,,,,,,
5607,PAYMENT,11184.15,11184.15,Matched,,,,,,
5608,PAYMENT,3265.5,3265.5,Matched,,,,,,
5609,PAYMENT,6854.54,6854.54,Matched,,,,,,
5610,PAYMENT,6736.46,6736.46,Matched,,,,,,
5611,PAYMENT,2471.23,2471.23,Matched,,,,,,
5612,PAYMENT,2499.52,2499.52,Matched,,,,,,
5613,PAYMENT,21287.77,21287.77,Matched,,,,,,
5614,PAYMENT,18791.59,18791.59,Matched,,,,,,
5615,PAYMENT,3850.05,3850.05,Matched,,,,,,
5616,PAYMENT,26672.44,26672.44,Matched,,,,,,
5617,TRANSFER,381018.8,381018.8,Matched,,,,,,
5618,PAYMENT,2496.08,2496.08,Matched,,,,,,
5619,PAYMENT,3581.86,3581.86,Matched,,,,,,
5620,TRANSFER,67316.99,67316.99,Matched,,,,,,
5621,PAYMENT,4084.11,4084.11,Matched,,,,,,
5622,TRANSFER,564301.75,564301.75,Matched,,,,,,
5623,PAYMENT,1324.06,1324.06,Matched,,,,,,
5624,TRANSFER,1221819.02,1221819.02,Matched,,,,,,
5625,PAYMENT,9158.69,9158.69,Matched,,,,,,
5626,PAYMENT,3202.12,3202.12,Matched,,,,,,
5627,TRANSFER,340473.03,340473.03,Matched,,,,,,
5628,TRANSFER,1545681.21,1545681.21,Matched,,,,,,
5629,PAYMENT,3118.24,3118.24,Matched,,,,,,
5630,PAYMENT,7269.69,7269.69,Matched,,,,,,
5631,TRANSFER,484328.78,484328.78,Matched,,,,,,
5632,PAYMENT,6119.49,6119.49,Matched,,,,,,
5633,PAYMENT,6078.4,6078.4,Matched,,,,,,
5634,TRANSFER,536060.03,536060.03,Matched,,,,,,
5635,PAYMENT,4871.03,4871.03,Matched,,,,,,
5636,PAYMENT,14976.04,14976.04,Matched,,,,,,
5637,PAYMENT,2315.6,2315.6,Matched,,,,,,
5638,PAYMENT,3287.08,3287.08,Matched,,,,,,
5639,PAYMENT,9474.34,9474.34,Matched,,,,,,
5640,PAYMENT,2006.1,2006.1,Matched,,,,,,
5641,PAYMENT,33019.3,33019.3,Matched,,,,,,
5642,TRANSFER,130145.62,130145.62,Matched,,,,,,
5643,PAYMENT,8640.07,8640.07,Matched,,,,,,
5644,PAYMENT,25691.16,25691.16,Matched,,,,,,
5645,PAYMENT,11971.97,11971.97,Matched,,,,,,
5646,TRANSFER,66860.4,66860.4,Matched,,,,,,
5647,PAYMENT,35551.62,35551.62,Matched,,,,,,
5648,TRANSFER,641213.85,641213.85,Matched,,,,,,
5649,PAYMENT,1695.69,1695.69,Matched,,,,,,
5650,TRANSFER,487039.74,487039.74,Matched,,,,,,
5651,PAYMENT,2933.1,2933.1,Matched,,,,,,
5652,PAYMENT,4235.23,4235.23,Matched,,,,,,
5653,TRANSFER,665949.93,665949.93,Matched,,,,,,
5654,PAYMENT,4357.61,4357.61,Matched,,,,,,
5655,TRANSFER,185325.96,185325.96,Matched,,,,,,
5656,TRANSFER,62574.57,62574.57,Matched,,,,,,
5657,PAYMENT,8817.89,8817.89,Matched,,,,,,
5658,PAYMENT,14432.84,14432.84,Matched,,,,,,
5659,PAYMENT,3724.19,3724.19,Matched,,,,,,
5660,PAYMENT,7235.23,7235.23,Matched,,,,,,
5661,PAYMENT,3669.27,3669.27,Matched,,,,,,
5662,PAYMENT,10787.1,10787.1,Matched,,,,,,
5663,PAYMENT,16403.92,16403.92,Matched,,,,,,
5664,PAYMENT,22187.74,22187.74,Matched,,,,,,
5665,PAYMENT,13098.63,13098.63,Matched,,,,,,
5666,PAYMENT,25089.97,25089.97,Matched,,,,,,
5667,PAYMENT,12518.6,12518.6,Matched,,,,,,
5668,PAYMENT,4147.08,4147.08,Matched,,,,,,
5669,CASH_OUT,33275.35,33275.35,Matched,,,,,,
5670,PAYMENT,6430.69,6430.69,Matched,,,,,,
5671,PAYMENT,21137.84,21137.84,Matched,,,,,,
5672,PAYMENT,11701.16,11701.16,Matched,,,,,,
5673,PAYMENT,600.58,600.58,Matched,,,,,,
5674,PAYMENT,332.52,332.52,Matched,,,,,,
5675,CASH_OUT,196477.41,196477.41,Matched,,,,,,
5676,PAYMENT,578.57,578.57,Matched,,,,,,
5677,PAYMENT,6469.74,6469.74,Matched,,,,,,
5678,PAYMENT,7959.49,7959.49,Matched,,,,,,
5679,PAYMENT,15960.23,15960.23,Matched,,,,,,
5680,PAYMENT,977.2,977.2,Matched,,,,,,
5681,PAYMENT,1814.72,1814.72,Matched,,,,,,
5682,PAYMENT,8325.8,8325.8,Matched,,,,,,
5683,TRANSFER,296250.01,296250.01,Matched,,,,,,
5684,PAYMENT,10933.93,10933.93,Matched,,,,,,
5685,TRANSFER,1394793.88,1394793.88,Matched,,,,,,
5686,PAYMENT,2564.44,2564.44,Matched,,,,,,
5687,TRANSFER,495294.14,495294.14,Matched,,,,,,
5688,PAYMENT,29122.76,29122.76,Matched,,,,,,
5689,TRANSFER,1095802.84,1095802.84,Matched,,,,,,
5690,PAYMENT,32013.7,32013.7,Matched,,,,,,
5691,TRANSFER,1408829.48,1408829.48,Matched,,,,,,
5692,PAYMENT,13982.36,13982.36,Matched,,,,,,
5693,PAYMENT,17110.72,17110.72,Matched,,,,,,
5694,TRANSFER,704242.78,704242.78,Matched,,,,,,
5695,PAYMENT,8912.09,8912.09,Matched,,,,,,
5696,TRANSFER,2025330.83,2025330.83,Matched,,,,,,
5697,PAYMENT,10019.61,10019.61,Matched,,,,,,
5698,TRANSFER,1488547.68,1488547.68,Matched,,,,,,
5699,PAYMENT,21033.18,21033.18,Matched,,,,,,
5700,PAYMENT,12174.55,12174.55,Matched,,,,,,
5701,TRANSFER,604786.9,604786.9,Matched,,,,,,
5702,PAYMENT,9352.62,9352.62,Matched,,,,,,
5703,TRANSFER,723954.54,723954.54,Matched,,,,,,
5704,PAYMENT,280.58,280.58,Matched,,,,,,
5705,TRANSFER,442131.61,442131.61,Matched,,,,,,
5706,PAYMENT,13101.5,13101.5,Matched,,,,,,
5707,CASH_IN,143165.59,143165.59,Matched,,,,,,
5708,TRANSFER,1627438.13,1627438.13,Matched,,,,,,
5709,CASH_IN,344436.64,344436.64,Matched,,,,,,
5710,CASH_IN,291681.95,291681.95,Matched,,,,,,
5711,TRANSFER,921268.93,921268.93,Matched,,,,,,
5712,CASH_IN,341884.94,341884.94,Matched,,,,,,
5713,CASH_IN,300026.34,300026.34,Matched,,,,,,
5714,TRANSFER,184917.64,184917.64,Matched,,,,,,
5715,CASH_IN,67248.4,67248.4,Matched,,,,,,
5716,CASH_IN,396205.76,396205.76,Matched,,,,,,
5717,TRANSFER,204302.85,204302.85,Matched,,,,,,
5718,TRANSFER,110132.46,110132.46,Matched,,,,,,
5719,CASH_IN,7159.95,7159.95,Matched,,,,,,
5720,CASH_IN,243542.61,243542.61,Matched,,,,,,
5721,CASH_IN,233628.2,233628.2,Matched,,,,,,
5722,TRANSFER,30965.98,30965.98,Matched,,,,,,
5723,CASH_IN,424472.59,424472.59,Matched,,,,,,
5724,TRANSFER,205253.3,205253.3,Matched,,,,,,
5725,TRANSFER,171092.94,171092.94,Matched,,,,,,
5726,CASH_IN,120910.43,120910.43,Matched,,,,,,
5727,PAYMENT,5760.17,5760.17,Matched,,,,,,
5728,CASH_IN,220733.04,220733.04,Matched,,,,,,
5729,PAYMENT,5335.39,5335.39,Matched,,,,,,
5730,PAYMENT,14392.6,14392.6,Matched,,,,,,
5731,TRANSFER,833142.33,833142.33,Matched,,,,,,
5732,CASH_IN,69196.27,69196.27,Matched,,,,,,
5733,PAYMENT,6926.11,6926.11,Matched,,,,,,
5734,TRANSFER,126085.63,126085.63,Matched,,,,,,
5735,CASH_IN,138102.63,138102.63,Matched,,,,,,
5736,PAYMENT,7141.83,7141.83,Matched,,,,,,
5737,PAYMENT,5799.88,5799.88,Matched,,,,,,
5738,DEBIT,2762.82,2762.82,Matched,,,,,,
5739,CASH_OUT,248203.85,248203.85,Matched,,,,,,
5740,PAYMENT,8147.82,8147.82,Matched,,,,,,
5741,CASH_IN,249043.84,249043.84,Matched,,,,,,
5742,PAYMENT,6869.52,6869.52,Matched,,,,,,
5743,CASH_IN,282900.93,282900.93,Matched,,,,,,
5744,CASH_OUT,295176.67,295176.67,Matched,,,,,,
5745,TRANSFER,296908.68,296908.68,Matched,,,,,,
5746,CASH_IN,224547.42,224547.42,Matched,,,,,,
5747,PAYMENT,19027.76,19027.76,Matched,,,,,,
5748,PAYMENT,6342.6,6342.6,Matched,,,,,,
5749,CASH_IN,114381.77,114381.77,Matched,,,,,,
5750,CASH_IN,87371.77,87371.77,Matched,,,,,,
5751,DEBIT,3452.87,3452.87,Matched,,,,,,
5752,PAYMENT,2896.73,2896.73,Matched,,,,,,
5753,CASH_IN,4518.64,4518.64,Matched,,,,,,
5754,CASH_IN,99040.28,99040.28,Matched,,,,,,
5755,PAYMENT,33416.51,33416.51,Matched,,,,,,
5756,CASH_IN,96300.34,96300.34,Matched,,,,,,
5757,CASH_IN,106019.41,106019.41,Matched,,,,,,
5758,CASH_IN,114981.84,114981.84,Matched,,,,,,
5759,TRANSFER,225055.89,225055.89,Matched,,,,,,
5760,PAYMENT,14639.45,14639.45,Matched,,,,,,
5761,CASH_IN,300516.87,300516.87,Matched,,,,,,
5762,PAYMENT,23041.84,23041.84,Matched,,,,,,
5763,CASH_IN,9005.13,9005.13,Matched,,,,,,
5764,PAYMENT,6104.22,6104.22,Matched,,,,,,
5765,CASH_IN,14768.26,14768.26,Matched,,,,,,
5766,PAYMENT,11149.55,11149.55,Matched,,,,,,
5767,CASH_IN,71416.65,71416.65,Matched,,,,,,
5768,CASH_IN,434517.44,434517.44,Matched,,,,,,
5769,PAYMENT,10302.69,10302.69,Matched,,,,,,
5770,CASH_IN,144858.21,144858.21,Matched,,,,,,
5771,PAYMENT,21985.63,21985.63,Matched,,,,,,
5772,PAYMENT,31337.01,31337.01,Matched,,,,,,
5773,PAYMENT,2964.71,2964.71,Matched,,,,,,
5774,CASH_IN,8887.01,8887.01,Matched,,,,,,
5775,PAYMENT,8659.19,8659.19,Matched,,,,,,
5776,CASH_IN,95670.52,95670.52,Matched,,,,,,
5777,PAYMENT,43920.58,43920.58,Matched,,,,,,
5778,PAYMENT,46856.97,46856.97,Matched,,,,,,
5779,CASH_IN,588327.76,588327.76,Matched,,,,,,
5780,PAYMENT,35758.01,35758.01,Matched,,,,,,
5781,PAYMENT,7509.75,7509.75,Matched,,,,,,
5782,CASH_IN,290002.35,290002.35,Matched,,,,,,
5783,PAYMENT,6068.6,6068.6,Matched,,,,,,
5784,PAYMENT,17896.02,17896.02,Matched,,,,,,
5785,PAYMENT,1161.92,1161.92,Matched,,,,,,
5786,PAYMENT,13614.06,13614.06,Matched,,,,,,
5787,DEBIT,7821.8,7821.8,Matched,,,,,,
5788,PAYMENT,235.2,235.2,Matched,,,,,,
5789,PAYMENT,8800.31,8800.31,Matched,,,,,,
5790,PAYMENT,9455.53,9455.53,Matched,,,,,,
5791,PAYMENT,8567.57,8567.57,Matched,,,,,,
5792,PAYMENT,552.85,552.85,Matched,,,,,,
5793,CASH_OUT,184931.14,184931.14,Matched,,,,,,
5794,PAYMENT,38755.91,38755.91,Matched,,,,,,
5795,PAYMENT,28115.43,28115.43,Matched,,,,,,
5796,PAYMENT,29426.86,29426.86,Matched,,,,,,
5797,PAYMENT,3952.88,3952.88,Matched,,,,,,
5798,PAYMENT,12249.43,12249.43,Matched,,,,,,
5799,PAYMENT,22020.95,22020.95,Matched,,,,,,
5800,PAYMENT,13309.49,13309.49,Matched,,,,,,
5801,TRANSFER,225464.91,225464.91,Matched,,,,,,
5802,PAYMENT,2855.16,2855.16,Matched,,,,,,
5803,PAYMENT,14335.52,14335.52,Matched,,,,,,
5804,PAYMENT,32189.93,32189.93,Matched,,,,,,
5805,PAYMENT,5487.19,5487.19,Matched,,,,,,
5806,PAYMENT,9557.31,9557.31,Matched,,,,,,
5807,PAYMENT,7371.23,7371.23,Matched,,,,,,
5808,PAYMENT,920.85,920.85,Matched,,,,,,
5809,PAYMENT,9313.43,9313.43,Matched,,,,,,
5810,PAYMENT,1596.18,1596.18,Matched,,,,,,
5811,PAYMENT,13080.98,13080.98,Matched,,,,,,
5812,PAYMENT,12773.5,12773.5,Matched,,,,,,
5813,PAYMENT,24261.25,24261.25,Matched,,,,,,
5814,PAYMENT,3799.78,3799.78,Matched,,,,,,
5815,PAYMENT,16926.08,16926.08,Matched,,,,,,
5816,PAYMENT,7876.6,7876.6,Matched,,,,,,
5817,PAYMENT,18432.04,18432.04,Matched,,,,,,
5818,PAYMENT,4103.11,4103.11,Matched,,,,,,
5819,PAYMENT,2563.99,2563.99,Matched,,,,,,
5820,PAYMENT,10563.42,10563.42,Matched,,,,,,
5821,PAYMENT,50747.77,50747.77,Matched,,,,,,
5822,CASH_OUT,89698.27,89698.27,Matched,,,,,,
5823,PAYMENT,24417.76,24417.76,Matched,,,,,,
5824,CASH_OUT,98177.84,98177.84,Matched,,,,,,
5825,PAYMENT,28409.89,28409.89,Matched,,,,,,
5826,PAYMENT,34389.04,34389.04,Matched,,,,,,
5827,PAYMENT,32001.6,32001.6,Matched,,,,,,
5828,PAYMENT,4856.8,4856.8,Matched,,,,,,
5829,PAYMENT,26345.29,26345.29,Matched,,,,,,
5830,PAYMENT,994.95,994.95,Matched,,,,,,
5831,PAYMENT,25388.91,25388.91,Matched,,,,,,
5832,PAYMENT,9587.91,9587.91,Matched,,,,,,
5833,PAYMENT,8564.52,8564.52,Matched,,,,,,
5834,PAYMENT,14643.37,14643.37,Matched,,,,,,
5835,PAYMENT,7605.58,7605.58,Matched,,,,,,
5836,PAYMENT,3354.28,3354.28,Matched,,,,,,
5837,PAYMENT,7798.05,7798.05,Matched,,,,,,
5838,PAYMENT,7459.42,7459.42,Matched,,,,,,
5839,PAYMENT,4276.93,4276.93,Matched,,,,,,
5840,PAYMENT,236.17,236.17,Matched,,,,,,
5841,PAYMENT,6034.16,NULL,Missing from Bank,,,,,,
5842,PAYMENT,435.66,435.66,Matched,,,,,,
5843,CASH_OUT,18923.09,18923.09,Matched,,,,,,
5844,PAYMENT,21300.1,21300.1,Matched,,,,,,
5845,PAYMENT,12937.75,12937.75,Matched,,,,,,
5846,PAYMENT,9470.18,9470.18,Matched,,,,,,
5847,PAYMENT,831.53,831.53,Matched,,,,,,
5848,PAYMENT,21719.62,21719.62,Matched,,,,,,
5849,PAYMENT,25484.25,25484.25,Matched,,,,,,
5850,PAYMENT,10734.12,10734.12,Matched,,,,,,
5851,PAYMENT,2186.82,2186.82,Matched,,,,,,
5852,PAYMENT,6133.67,6133.67,Matched,,,,,,
5853,PAYMENT,5998.69,5998.69,Matched,,,,,,
5854,PAYMENT,9170,9170,Matched,,,,,,
5855,PAYMENT,3628.1,3628.1,Matched,,,,,,
5856,PAYMENT,17993.08,17993.08,Matched,,,,,,
5857,PAYMENT,26255.27,26255.27,Matched,,,,,,
5858,PAYMENT,21335.25,21335.25,Matched,,,,,,
5859,PAYMENT,16812.61,16812.61,Matched,,,,,,
5860,CASH_OUT,142268.91,142268.91,Matched,,,,,,
5861,PAYMENT,3259.72,3259.72,Matched,,,,,,
5862,PAYMENT,9087.23,9087.23,Matched,,,,,,
5863,PAYMENT,4749.74,4749.74,Matched,,,,,,
5864,PAYMENT,9696.11,9696.11,Matched,,,,,,
5865,TRANSFER,165969.93,165969.93,Matched,,,,,,
5866,PAYMENT,18007.93,18007.93,Matched,,,,,,
5867,PAYMENT,686.96,686.96,Matched,,,,,,
5868,DEBIT,3649.45,3649.45,Matched,,,,,,
5869,PAYMENT,2769.89,2769.89,Matched,,,,,,
5870,PAYMENT,7257.38,7257.38,Matched,,,,,,
5871,PAYMENT,5348.94,5348.94,Matched,,,,,,
5872,PAYMENT,6202.41,6202.41,Matched,,,,,,
5873,CASH_OUT,6683.95,6683.95,Matched,,,,,,
5874,PAYMENT,1700.47,1700.47,Matched,,,,,,
5875,PAYMENT,13276.84,13276.84,Matched,,,,,,
5876,PAYMENT,12293.9,12293.9,Matched,,,,,,
5877,PAYMENT,15770.62,15770.62,Matched,,,,,,
5878,PAYMENT,2621.13,2621.13,Matched,,,,,,
5879,CASH_OUT,122377.68,122377.68,Matched,,,,,,
5880,PAYMENT,11342.04,11342.04,Matched,,,,,,
5881,TRANSFER,102506.97,102506.97,Matched,,,,,,
5882,PAYMENT,12809.53,12809.53,Matched,,,,,,
5883,PAYMENT,1653.29,1653.29,Matched,,,,,,
5884,PAYMENT,41853.65,41853.65,Matched,,,,,,
5885,PAYMENT,30.06,30.06,Matched,,,,,,
5886,PAYMENT,15584.63,15584.63,Matched,,,,,,
5887,PAYMENT,18661.6,18661.6,Matched,,,,,,
5888,TRANSFER,391057.91,391057.91,Matched,,,,,,
5889,PAYMENT,25224.88,25224.88,Matched,,,,,,
5890,PAYMENT,327.97,327.97,Matched,,,,,,
5891,PAYMENT,15353.55,15353.55,Matched,,,,,,
5892,PAYMENT,3875.51,3875.51,Matched,,,,,,
5893,TRANSFER,109985.65,109985.65,Matched,,,,,,
5894,PAYMENT,11420.91,11420.91,Matched,,,,,,
5895,PAYMENT,16418.78,16418.78,Matched,,,,,,
5896,PAYMENT,6205.29,6205.29,Matched,,,,,,
5897,PAYMENT,37311.65,37311.65,Matched,,,,,,
5898,PAYMENT,29478.3,29478.3,Matched,,,,,,
5899,CASH_OUT,49350.98,49350.98,Matched,,,,,,
5900,PAYMENT,7428.41,7428.41,Matched,,,,,,
5901,PAYMENT,14845.9,14845.9,Matched,,,,,,
5902,PAYMENT,10529.72,10529.72,Matched,,,,,,
5903,TRANSFER,32925.72,32925.72,Matched,,,,,,
5904,PAYMENT,7569.28,7569.28,Matched,,,,,,
5905,PAYMENT,6147.58,6147.58,Matched,,,,,,
5906,PAYMENT,9292.35,9292.35,Matched,,,,,,
5907,PAYMENT,4347.43,4347.43,Matched,,,,,,
5908,PAYMENT,3392.46,3392.46,Matched,,,,,,
5909,PAYMENT,24755.75,24755.75,Matched,,,,,,
5910,PAYMENT,8575.5,8575.5,Matched,,,,,,
5911,TRANSFER,18554.73,18554.73,Matched,,,,,,
5912,PAYMENT,15185.01,15185.01,Matched,,,,,,
5913,PAYMENT,8453.39,8453.39,Matched,,,,,,
5914,PAYMENT,6574.18,6574.18,Matched,,,,,,
5915,PAYMENT,5798.35,5798.35,Matched,,,,,,
5916,PAYMENT,8363.92,8363.92,Matched,,,,,,
5917,PAYMENT,23855.7,23855.7,Matched,,,,,,
5918,PAYMENT,6931.4,6931.4,Matched,,,,,,
5919,CASH_OUT,244750.95,244750.95,Matched,,,,,,
5920,CASH_OUT,66999.61,66999.61,Matched,,,,,,
5921,PAYMENT,13992.76,13992.76,Matched,,,,,,
5922,DEBIT,3525.54,3525.54,Matched,,,,,,
5923,PAYMENT,14956.56,14956.56,Matched,,,,,,
5924,PAYMENT,12869.36,12869.36,Matched,,,,,,
5925,PAYMENT,21864.82,21864.82,Matched,,,,,,
5926,CASH_OUT,185379.97,185379.97,Matched,,,,,,
5927,PAYMENT,8227.9,8227.9,Matched,,,,,,
5928,CASH_OUT,68264.98,68264.98,Matched,,,,,,
5929,PAYMENT,9614.11,9614.11,Matched,,,,,,
5930,PAYMENT,18897.18,18897.18,Matched,,,,,,
5931,PAYMENT,11829.72,11829.72,Matched,,,,,,
5932,CASH_OUT,9536.43,9536.43,Matched,,,,,,
5933,PAYMENT,13297,13297,Matched,,,,,,
5934,PAYMENT,3334.03,3334.03,Matched,,,,,,
5935,TRANSFER,53627.09,53627.09,Matched,,,,,,
5936,CASH_OUT,643767.43,643767.43,Matched,,,,,,
5937,PAYMENT,16123.97,16123.97,Matched,,,,,,
5938,PAYMENT,11621.62,11621.62,Matched,,,,,,
5939,PAYMENT,1916.28,1916.28,Matched,,,,,,
5940,CASH_OUT,482542.82,482542.82,Matched,,,,,,
5941,PAYMENT,3101.99,3101.99,Matched,,,,,,
5942,PAYMENT,11393.18,11393.18,Matched,,,,,,
5943,PAYMENT,13051.13,13051.13,Matched,,,,,,
5944,PAYMENT,22976.16,22976.16,Matched,,,,,,
5945,CASH_OUT,54095.79,54095.79,Matched,,,,,,
5946,PAYMENT,27497.16,27497.16,Matched,,,,,,
5947,PAYMENT,938.1,938.1,Matched,,,,,,
5948,TRANSFER,157635.81,157635.81,Matched,,,,,,
5949,CASH_OUT,248408.34,248408.34,Matched,,,,,,
5950,PAYMENT,7918.8,7918.8,Matched,,,,,,
5951,PAYMENT,10827.05,10827.05,Matched,,,,,,
5952,PAYMENT,6921.69,6921.69,Matched,,,,,,
5953,PAYMENT,8466.11,8466.11,Matched,,,,,,
5954,TRANSFER,368444.96,368444.96,Matched,,,,,,
5955,CASH_OUT,129835.8,129835.8,Matched,,,,,,
5956,CASH_OUT,37547.1,37547.1,Matched,,,,,,
5957,PAYMENT,32339.19,32339.19,Matched,,,,,,
5958,PAYMENT,28925.25,28925.25,Matched,,,,,,
5959,PAYMENT,18046.34,18046.34,Matched,,,,,,
5960,CASH_OUT,18979.27,18979.27,Matched,,,,,,
5961,PAYMENT,12889.32,12889.32,Matched,,,,,,
5962,TRANSFER,218698.72,218698.72,Matched,,,,,,
5963,PAYMENT,4192.58,4192.58,Matched,,,,,,
5964,CASH_OUT,49996.07,49996.07,Matched,,,,,,
5965,TRANSFER,4792.35,4792.35,Matched,,,,,,
5966,PAYMENT,13742.28,13742.28,Matched,,,,,,
5967,PAYMENT,20036.57,20036.57,Matched,,,,,,
5968,PAYMENT,11506.17,11506.17,Matched,,,,,,
5969,TRANSFER,3849.48,3849.48,Matched,,,,,,
5970,CASH_OUT,2657.5,2657.5,Matched,,,,,,
5971,PAYMENT,6964.22,6964.22,Matched,,,,,,
5972,TRANSFER,30521.02,30521.02,Matched,,,,,,
5973,PAYMENT,20530.57,20530.57,Matched,,,,,,
5974,CASH_OUT,547597.44,547597.44,Matched,,,,,,
5975,TRANSFER,65843.72,65843.72,Matched,,,,,,
5976,CASH_OUT,30521.02,30521.02,Matched,,,,,,
5977,TRANSFER,1657667.44,1657667.44,Matched,,,,,,
5978,CASH_OUT,86520.54,86520.54,Matched,,,,,,
5979,PAYMENT,5976.69,5976.69,Matched,,,,,,
5980,PAYMENT,21693.79,21693.79,Matched,,,,,,
5981,PAYMENT,2642.23,2642.23,Matched,,,,,,
5982,CASH_IN,284459.99,284459.99,Matched,,,,,,
5983,PAYMENT,16056.03,16056.03,Matched,,,,,,
5984,PAYMENT,10070.84,10070.84,Matched,,,,,,
5985,CASH_IN,305475.51,305475.51,Matched,,,,,,
5986,PAYMENT,12743.43,12743.43,Matched,,,,,,
5987,PAYMENT,18256.2,18256.2,Matched,,,,,,
5988,TRANSFER,248826.61,248826.61,Matched,,,,,,
5989,PAYMENT,35236.35,35236.35,Matched,,,,,,
5990,CASH_IN,219369.77,219369.77,Matched,,,,,,
5991,PAYMENT,27595.56,27595.56,Matched,,,,,,
5992,TRANSFER,182524.92,182524.92,Matched,,,,,,
5993,CASH_IN,257380.58,257380.58,Matched,,,,,,
5994,TRANSFER,412579.72,412579.72,Matched,,,,,,
5995,DEBIT,1135.09,1135.09,Matched,,,,,,
5996,PAYMENT,16791.74,16791.74,Matched,,,,,,
5997,TRANSFER,113782.9,113782.9,Matched,,,,,,
5998,PAYMENT,8603.1,8603.1,Matched,,,,,,
5999,PAYMENT,5105.25,5105.25,Matched,,,,,,
6000,TRANSFER,805550.98,805550.98,Matched,,,,,,
6001,PAYMENT,501.27,501.27,Matched,,,,,,
6002,PAYMENT,13688.99,13688.99,Matched,,,,,,
6003,TRANSFER,168867.61,168867.61,Matched,,,,,,
6004,PAYMENT,6804.77,6804.77,Matched,,,,,,
6005,PAYMENT,5972.35,5972.35,Matched,,,,,,
6006,TRANSFER,1781452.87,1781452.87,Matched,,,,,,
6007,PAYMENT,1059.81,1059.81,Matched,,,,,,
6008,TRANSFER,1490781.74,1490781.74,Matched,,,,,,
6009,PAYMENT,7669.22,7669.22,Matched,,,,,,
6010,TRANSFER,1595612.93,1595612.93,Matched,,,,,,
6011,PAYMENT,4283.98,4283.98,Matched,,,,,,
6012,PAYMENT,5791.67,5791.67,Matched,,,,,,
6013,TRANSFER,358736.5,358736.5,Matched,,,,,,
6014,PAYMENT,230.13,230.13,Matched,,,,,,
6015,PAYMENT,16600.63,16600.63,Matched,,,,,,
6016,TRANSFER,626070.45,626070.45,Matched,,,,,,
6017,PAYMENT,17482.76,17482.76,Matched,,,,,,
6018,PAYMENT,2792.6,2792.6,Matched,,,,,,
6019,TRANSFER,820399.29,820399.29,Matched,,,,,,
6020,PAYMENT,10665.1,10665.1,Matched,,,,,,
6021,PAYMENT,17555.4,17555.4,Matched,,,,,,
6022,TRANSFER,488338.66,488338.66,Matched,,,,,,
6023,PAYMENT,25627.15,25627.15,Matched,,,,,,
6024,TRANSFER,1168674.62,1168674.62,Matched,,,,,,
6025,PAYMENT,4560.11,4560.11,Matched,,,,,,
6026,PAYMENT,9957.91,9957.91,Matched,,,,,,
6027,PAYMENT,8016.07,8016.07,Matched,,,,,,
6028,TRANSFER,934479.64,934479.64,Matched,,,,,,
6029,PAYMENT,13527.67,13527.67,Matched,,,,,,
6030,TRANSFER,258126.09,258126.09,Matched,,,,,,
6031,PAYMENT,2273.94,2273.94,Matched,,,,,,
6032,PAYMENT,15734,15734,Matched,,,,,,
6033,TRANSFER,98781.87,98781.87,Matched,,,,,,
6034,PAYMENT,7588.58,7588.58,Matched,,,,,,
6035,PAYMENT,20910.03,20910.03,Matched,,,,,,
6036,PAYMENT,8794.79,8794.79,Matched,,,,,,
6037,PAYMENT,13472.81,13472.81,Matched,,,,,,
6038,PAYMENT,11758.27,11758.27,Matched,,,,,,
6039,PAYMENT,9381.55,9381.55,Matched,,,,,,
6040,PAYMENT,22688.2,22688.2,Matched,,,,,,
6041,PAYMENT,8793.16,8793.16,Matched,,,,,,
6042,PAYMENT,1217.22,1217.22,Matched,,,,,,
6043,PAYMENT,125.6,125.6,Matched,,,,,,
6044,PAYMENT,13604,13604,Matched,,,,,,
6045,PAYMENT,9899.27,9899.27,Matched,,,,,,
6046,PAYMENT,22206.33,22206.33,Matched,,,,,,
6047,PAYMENT,30807.35,30807.35,Matched,,,,,,
6048,PAYMENT,7377.42,7377.42,Matched,,,,,,
6049,PAYMENT,12738.66,12738.66,Matched,,,,,,
6050,PAYMENT,2908.53,2908.53,Matched,,,,,,
6051,PAYMENT,8349.68,8349.68,Matched,,,,,,
6052,PAYMENT,44542.15,44542.15,Matched,,,,,,
6053,PAYMENT,2156.86,2156.86,Matched,,,,,,
6054,PAYMENT,7897.18,7897.18,Matched,,,,,,
6055,DEBIT,1322.22,1322.22,Matched,,,,,,
6056,PAYMENT,8802.64,8802.64,Matched,,,,,,
6057,PAYMENT,22344.15,22344.15,Matched,,,,,,
6058,TRANSFER,587264.44,587264.44,Matched,,,,,,
6059,PAYMENT,10335.09,10335.09,Matched,,,,,,
6060,PAYMENT,624.02,624.02,Matched,,,,,,
6061,CASH_IN,318009.92,318009.92,Matched,,,,,,
6062,PAYMENT,1747.13,1747.13,Matched,,,,,,
6063,PAYMENT,10288.63,10288.63,Matched,,,,,,
6064,PAYMENT,5045.02,5045.02,Matched,,,,,,
6065,PAYMENT,21795.98,21795.98,Matched,,,,,,
6066,PAYMENT,17202.8,17202.8,Matched,,,,,,
6067,PAYMENT,11329.53,11329.53,Matched,,,,,,
6068,PAYMENT,27249.21,27249.21,Matched,,,,,,
6069,TRANSFER,21437.62,21437.62,Matched,,,,,,
6070,PAYMENT,10421.18,10421.18,Matched,,,,,,
6071,TRANSFER,128294.6,128294.6,Matched,,,,,,
6072,PAYMENT,25828.32,25828.32,Matched,,,,,,
6073,PAYMENT,2916.14,2916.14,Matched,,,,,,
6074,TRANSFER,50738.94,50738.94,Matched,,,,,,
6075,PAYMENT,4669.49,4669.49,Matched,,,,,,
6076,PAYMENT,16461.41,16461.41,Matched,,,,,,
6077,PAYMENT,8886.57,8886.57,Matched,,,,,,
6078,PAYMENT,24213.27,24213.27,Matched,,,,,,
6079,PAYMENT,6682.06,6682.06,Matched,,,,,,
6080,CASH_OUT,148274.34,148274.34,Matched,,,,,,
6081,PAYMENT,529.53,529.53,Matched,,,,,,
6082,PAYMENT,13898.22,13898.22,Matched,,,,,,
6083,PAYMENT,641.12,641.12,Matched,,,,,,
6084,PAYMENT,2002.96,2002.96,Matched,,,,,,
6085,PAYMENT,8715.69,8715.69,Matched,,,,,,
6086,PAYMENT,3707.39,3707.39,Matched,,,,,,
6087,TRANSFER,252567.83,252567.83,Matched,,,,,,
6088,PAYMENT,24978.31,24978.31,Matched,,,,,,
6089,TRANSFER,106174.75,106174.75,Matched,,,,,,
6090,PAYMENT,5735.28,5735.28,Matched,,,,,,
6091,PAYMENT,11510.71,11510.71,Matched,,,,,,
6092,TRANSFER,259992.93,259992.93,Matched,,,,,,
6093,PAYMENT,1399.52,1399.52,Matched,,,,,,
6094,PAYMENT,13999.1,13999.1,Matched,,,,,,
6095,TRANSFER,694967.26,694967.26,Matched,,,,,,
6096,PAYMENT,87.34,87.34,Matched,,,,,,
6097,PAYMENT,7682.09,7682.09,Matched,,,,,,
6098,PAYMENT,2188,2188,Matched,,,,,,
6099,PAYMENT,19030.46,19030.46,Matched,,,,,,
6100,PAYMENT,20192.75,20192.75,Matched,,,,,,
6101,PAYMENT,2654.07,2654.07,Matched,,,,,,
6102,TRANSFER,274324.05,274324.05,Matched,,,,,,
6103,PAYMENT,25708.21,25708.21,Matched,,,,,,
6104,CASH_OUT,43410.17,43410.17,Matched,,,,,,
6105,CASH_OUT,275905.67,275905.67,Matched,,,,,,
6106,CASH_OUT,246039.31,246039.31,Matched,,,,,,
6107,PAYMENT,3175.28,3175.28,Matched,,,,,,
6108,CASH_OUT,222863.57,222863.57,Matched,,,,,,
6109,PAYMENT,11136.27,11136.27,Matched,,,,,,
6110,CASH_OUT,147459.35,147459.35,Matched,,,,,,
6111,DEBIT,1162.19,1162.19,Matched,,,,,,
6112,PAYMENT,24105.64,24105.64,Matched,,,,,,
6113,CASH_OUT,529296.76,529296.76,Matched,,,,,,
6114,PAYMENT,8618.23,8618.23,Matched,,,,,,
6115,PAYMENT,22571.41,22571.41,Matched,,,,,,
6116,CASH_OUT,132163.7,132163.7,Matched,,,,,,
6117,PAYMENT,9644.43,9644.43,Matched,,,,,,
6118,CASH_OUT,517419.65,517419.65,Matched,,,,,,
6119,PAYMENT,3130.97,3130.97,Matched,,,,,,
6120,CASH_OUT,430990.31,430990.31,Matched,,,,,,
6121,PAYMENT,19471.74,19471.74,Matched,,,,,,
6122,PAYMENT,12249.78,12249.78,Matched,,,,,,
6123,CASH_OUT,251617.52,251617.52,Matched,,,,,,
6124,PAYMENT,7390.28,7390.28,Matched,,,,,,
6125,CASH_OUT,206890.25,206890.25,Matched,,,,,,
6126,TRANSFER,45447.1,45447.1,Matched,,,,,,
6127,CASH_OUT,236200.44,236200.44,Matched,,,,,,
6128,CASH_IN,153670.12,153670.12,Matched,,,,,,
6129,PAYMENT,3219.24,3219.24,Matched,,,,,,
6130,PAYMENT,9927.74,9927.74,Matched,,,,,,
6131,PAYMENT,951,951,Matched,,,,,,
6132,PAYMENT,9083.33,9083.33,Matched,,,,,,
6133,CASH_OUT,376292.35,376292.35,Matched,,,,,,
6134,TRANSFER,30538.26,30538.26,Matched,,,,,,
6135,CASH_OUT,169614.88,169614.88,Matched,,,,,,
6136,PAYMENT,11218.96,11218.96,Matched,,,,,,
6137,DEBIT,905.2,905.2,Matched,,,,,,
6138,PAYMENT,4457.68,4457.68,Matched,,,,,,
6139,PAYMENT,2508.64,2508.64,Matched,,,,,,
6140,PAYMENT,2571.94,2571.94,Matched,,,,,,
6141,PAYMENT,16998.22,16998.22,Matched,,,,,,
6142,PAYMENT,170.22,170.22,Matched,,,,,,
6143,PAYMENT,10460.53,10460.53,Matched,,,,,,
6144,PAYMENT,9909.88,9909.88,Matched,,,,,,
6145,PAYMENT,32064.62,32064.62,Matched,,,,,,
6146,PAYMENT,19521.96,19521.96,Matched,,,,,,
6147,CASH_OUT,37393.74,37393.74,Matched,,,,,,
6148,PAYMENT,5570.02,5570.02,Matched,,,,,,
6149,CASH_IN,13061.25,13061.25,Matched,,,,,,
6150,PAYMENT,10541.14,10541.14,Matched,,,,,,
6151,CASH_IN,209467.79,209467.79,Matched,,,,,,
6152,PAYMENT,6559.64,6559.64,Matched,,,,,,
6153,PAYMENT,4570.77,4570.77,Matched,,,,,,
6154,CASH_IN,214376.36,214376.36,Matched,,,,,,
6155,CASH_OUT,228693.31,228693.31,Matched,,,,,,
6156,CASH_IN,38739.05,38739.05,Matched,,,,,,
6157,CASH_IN,553080.97,553080.97,Matched,,,,,,
6158,CASH_IN,273146.4,273146.4,Matched,,,,,,
6159,CASH_IN,262976.08,262976.08,Matched,,,,,,
6160,CASH_IN,213304.63,213304.63,Matched,,,,,,
6161,CASH_IN,421361.07,421361.07,Matched,,,,,,
6162,CASH_IN,162671.15,162671.15,Matched,,,,,,
6163,DEBIT,3466.15,3466.15,Matched,,,,,,
6164,CASH_IN,10325.88,10325.88,Matched,,,,,,
6165,PAYMENT,795.78,795.78,Matched,,,,,,
6166,CASH_IN,69293.41,69293.41,Matched,,,,,,
6167,TRANSFER,98830.07,98830.07,Matched,,,,,,
6168,CASH_IN,99494.58,99494.58,Matched,,,,,,
6169,PAYMENT,7930.71,7930.71,Matched,,,,,,
6170,PAYMENT,12692.77,12692.77,Matched,,,,,,
6171,CASH_IN,227478.35,227478.35,Matched,,,,,,
6172,CASH_IN,94008.7,94008.7,Matched,,,,,,
6173,CASH_IN,53212.23,53212.23,Matched,,,,,,
6174,CASH_IN,258203.07,258203.07,Matched,,,,,,
6175,CASH_IN,608716.97,608716.97,Matched,,,,,,
6176,CASH_IN,273342.27,273342.27,Matched,,,,,,
6177,CASH_IN,22413.11,22413.11,Matched,,,,,,
6178,CASH_IN,28653.61,28653.61,Matched,,,,,,
6179,CASH_IN,100059.16,100059.16,Matched,,,,,,
6180,CASH_IN,101000.39,101000.39,Matched,,,,,,
6181,PAYMENT,33410.82,33410.82,Matched,,,,,,
6182,CASH_IN,48275.89,48275.89,Matched,,,,,,
6183,CASH_IN,13437.7,13437.7,Matched,,,,,,
6184,CASH_IN,189057.7,189057.7,Matched,,,,,,
6185,PAYMENT,12077.53,12077.53,Matched,,,,,,
6186,CASH_IN,46002.88,46002.88,Matched,,,,,,
6187,CASH_IN,163639.7,163639.7,Matched,,,,,,
6188,CASH_IN,33244.29,33244.29,Matched,,,,,,
6189,CASH_IN,56799.45,56799.45,Matched,,,,,,
6190,CASH_IN,112768.11,112768.11,Matched,,,,,,
6191,CASH_IN,253967.93,253967.93,Matched,,,,,,
6192,CASH_IN,218225.2,218225.2,Matched,,,,,,
6193,CASH_IN,262198.19,262198.19,Matched,,,,,,
6194,PAYMENT,2829.15,2829.15,Matched,,,,,,
6195,CASH_IN,169408.46,169408.46,Matched,,,,,,
6196,CASH_IN,74554.42,74554.42,Matched,,,,,,
6197,PAYMENT,26393.7,26393.7,Matched,,,,,,
6198,TRANSFER,227653.62,227653.62,Matched,,,,,,
6199,CASH_IN,115572.56,115572.56,Matched,,,,,,
6200,TRANSFER,556849.49,556849.49,Matched,,,,,,
6201,CASH_IN,348217.27,348217.27,Matched,,,,,,
6202,TRANSFER,714579.59,714579.59,Matched,,,,,,
6203,CASH_IN,226907.99,226907.99,Matched,,,,,,
6204,CASH_IN,390456.9,390456.9,Matched,,,,,,
6205,CASH_IN,4946.45,4946.45,Matched,,,,,,
6206,TRANSFER,1566574.37,1566574.37,Matched,,,,,,
6207,CASH_IN,59985.7,59985.7,Matched,,,,,,
6208,TRANSFER,2062692.94,2062692.94,Matched,,,,,,
6209,CASH_IN,72106.27,72106.27,Matched,,,,,,
6210,CASH_IN,16798.63,16798.63,Matched,,,,,,
6211,CASH_IN,107421.12,107421.12,Matched,,,,,,
6212,PAYMENT,3788.69,3788.69,Matched,,,,,,
6213,CASH_OUT,233776.61,233776.61,Matched,,,,,,
6214,CASH_OUT,359241.43,359241.43,Matched,,,,,,
6215,PAYMENT,15238.97,15238.97,Matched,,,,,,
6216,CASH_OUT,80710.33,80710.33,Matched,,,,,,
6217,PAYMENT,3643.09,3643.09,Matched,,,,,,
6218,PAYMENT,16073.13,16073.13,Matched,,,,,,
6219,PAYMENT,17849.56,17849.56,Matched,,,,,,
6220,PAYMENT,26772.7,26772.7,Matched,,,,,,
6221,PAYMENT,19346.62,19346.62,Matched,,,,,,
6222,PAYMENT,379.9,379.9,Matched,,,,,,
6223,PAYMENT,34795.88,34795.88,Matched,,,,,,
6224,TRANSFER,25975.86,25975.86,Matched,,,,,,
6225,CASH_OUT,114634.43,114634.43,Matched,,,,,,
6226,CASH_OUT,25975.86,25975.86,Matched,,,,,,
6227,CASH_OUT,183083.93,183083.93,Matched,,,,,,
6228,PAYMENT,4699.12,4699.12,Matched,,,,,,
6229,CASH_OUT,7106.23,7106.23,Matched,,,,,,
6230,CASH_OUT,400794.34,400794.34,Matched,,,,,,
6231,CASH_OUT,11950.98,11950.98,Matched,,,,,,
6232,CASH_OUT,21476.23,21476.23,Matched,,,,,,
6233,PAYMENT,8927.92,8927.92,Matched,,,,,,
6234,CASH_OUT,155270.31,155270.31,Matched,,,,,,
6235,PAYMENT,1667.26,1667.26,Matched,,,,,,
6236,CASH_OUT,245086.32,245086.32,Matched,,,,,,
6237,PAYMENT,669.31,669.31,Matched,,,,,,
6238,CASH_OUT,191375.55,191375.55,Matched,,,,,,
6239,PAYMENT,4204.86,4204.86,Matched,,,,,,
6240,CASH_OUT,60311.86,60311.86,Matched,,,,,,
6241,PAYMENT,17263.06,17263.06,Matched,,,,,,
6242,CASH_OUT,39267.55,39267.55,Matched,,,,,,
6243,PAYMENT,16865.33,16865.33,Matched,,,,,,
6244,CASH_OUT,7323.56,7323.56,Matched,,,,,,
6245,PAYMENT,19937.81,19937.81,Matched,,,,,,
6246,CASH_OUT,280736.2,280736.2,Matched,,,,,,
6247,CASH_OUT,77347.46,77347.46,Matched,,,,,,
6248,CASH_IN,289490.08,289490.08,Matched,,,,,,
6249,CASH_OUT,138895.43,138895.43,Matched,,,,,,
6250,CASH_IN,302849.01,302849.01,Matched,,,,,,
6251,CASH_OUT,14162.57,14162.57,Matched,,,,,,
6252,CASH_IN,107980.36,107980.36,Matched,,,,,,
6253,CASH_IN,139999.7,139999.7,Matched,,,,,,
6254,CASH_IN,441551.13,441551.13,Matched,,,,,,
6255,CASH_IN,18061.72,18061.72,Matched,,,,,,
6256,CASH_IN,57520.64,57520.64,Matched,,,,,,
6257,CASH_IN,44668.48,44668.48,Matched,,,,,,
6258,CASH_OUT,10147.22,10147.22,Matched,,,,,,
6259,CASH_OUT,26222.49,26222.49,Matched,,,,,,
6260,CASH_IN,251401.67,251401.67,Matched,,,,,,
6261,CASH_OUT,349474.53,349474.53,Matched,,,,,,
6262,CASH_IN,176065.68,176065.68,Matched,,,,,,
6263,CASH_OUT,27425.99,27425.99,Matched,,,,,,
6264,CASH_IN,112251.47,112251.47,Matched,,,,,,
6265,CASH_OUT,71.29,71.29,Matched,,,,,,
6266,CASH_IN,182972.5,182972.5,Matched,,,,,,
6267,CASH_OUT,21126.93,21126.93,Matched,,,,,,
6268,CASH_IN,60660.98,60660.98,Matched,,,,,,
6269,CASH_OUT,118961.45,118961.45,Matched,,,,,,
6270,CASH_IN,98946.99,98946.99,Matched,,,,,,
6271,CASH_OUT,117182.34,117182.34,Matched,,,,,,
6272,CASH_OUT,109571.37,109571.37,Matched,,,,,,
6273,CASH_IN,130580.16,130580.16,Matched,,,,,,
6274,CASH_OUT,337588.8,337588.8,Matched,,,,,,
6275,CASH_IN,112760.37,112760.37,Matched,,,,,,
6276,CASH_OUT,306866.06,306866.06,Matched,,,,,,
6277,CASH_IN,109513.36,109513.36,Matched,,,,,,
6278,CASH_OUT,259080.76,259080.76,Matched,,,,,,
6279,CASH_IN,515305.42,515305.42,Matched,,,,,,
6280,CASH_OUT,178391.81,178391.81,Matched,,,,,,
6281,CASH_IN,256430.45,256430.45,Matched,,,,,,
6282,CASH_OUT,121885.87,121885.87,Matched,,,,,,
6283,CASH_IN,202471.26,202471.26,Matched,,,,,,
6284,CASH_OUT,445270.15,445270.15,Matched,,,,,,
6285,CASH_IN,49495.09,49495.09,Matched,,,,,,
6286,PAYMENT,3328.38,3328.38,Matched,,,,,,
6287,CASH_IN,91904.46,91904.46,Matched,,,,,,
6288,PAYMENT,4081.19,4081.19,Matched,,,,,,
6289,CASH_IN,91867.6,91867.6,Matched,,,,,,
6290,PAYMENT,917.06,917.06,Matched,,,,,,
6291,CASH_IN,25084.74,25084.74,Matched,,,,,,
6292,PAYMENT,114.16,114.16,Matched,,,,,,
6293,CASH_IN,132375.3,132375.3,Matched,,,,,,
6294,PAYMENT,13817.6,13817.6,Matched,,,,,,
6295,CASH_IN,239959.98,239959.98,Matched,,,,,,
6296,PAYMENT,3919.09,3919.09,Matched,,,,,,
6297,CASH_IN,224632.6,224632.6,Matched,,,,,,
6298,PAYMENT,10520.87,10520.87,Matched,,,,,,
6299,CASH_IN,100859.29,100859.29,Matched,,,,,,
6300,PAYMENT,10810.96,10810.96,Matched,,,,,,
6301,CASH_IN,153949.46,153949.46,Matched,,,,,,
6302,PAYMENT,30405.26,30405.26,Matched,,,,,,
6303,CASH_IN,239954.21,239954.21,Matched,,,,,,
6304,PAYMENT,15037.88,15037.88,Matched,,,,,,
6305,CASH_IN,214224.63,214224.63,Matched,,,,,,
6306,CASH_IN,176828.46,176828.46,Matched,,,,,,
6307,PAYMENT,3485.75,3485.75,Matched,,,,,,
6308,CASH_IN,163042.17,163042.17,Matched,,,,,,
6309,PAYMENT,26719.22,26719.22,Matched,,,,,,
6310,CASH_IN,68902,68902,Matched,,,,,,
6311,CASH_IN,597329.41,597329.41,Matched,,,,,,
6312,CASH_IN,174123.67,174123.67,Matched,,,,,,
6313,TRANSFER,189072.94,189072.94,Matched,,,,,,
6314,CASH_IN,158435.92,158435.92,Matched,,,,,,
6315,CASH_OUT,105165.25,105165.25,Matched,,,,,,
6316,CASH_IN,98239.33,98239.33,Matched,,,,,,
6317,CASH_OUT,63967.63,63967.63,Matched,,,,,,
6318,CASH_IN,167835.47,167835.47,Matched,,,,,,
6319,PAYMENT,4445.7,4445.7,Matched,,,,,,
6320,PAYMENT,5034.25,5034.25,Matched,,,,,,
6321,CASH_IN,65214.03,65214.03,Matched,,,,,,
6322,TRANSFER,72875.23,72875.23,Matched,,,,,,
6323,CASH_IN,75225.41,75225.41,Matched,,,,,,
6324,PAYMENT,9069.15,9069.15,Matched,,,,,,
6325,CASH_IN,164319.6,164319.6,Matched,,,,,,
6326,CASH_IN,321219.34,321219.34,Matched,,,,,,
6327,CASH_IN,94628.7,94628.7,Matched,,,,,,
6328,CASH_IN,164495.4,164495.4,Matched,,,,,,
6329,CASH_IN,162478.57,162478.57,Matched,,,,,,
6330,CASH_IN,51136.63,51136.63,Matched,,,,,,
6331,PAYMENT,9380.69,9380.69,Matched,,,,,,
6332,CASH_IN,47687.62,47687.62,Matched,,,,,,
6333,CASH_IN,5264.04,5264.04,Matched,,,,,,
6334,PAYMENT,3485.42,3485.42,Matched,,,,,,
6335,CASH_IN,85068.86,85068.86,Matched,,,,,,
6336,CASH_OUT,199682.99,199682.99,Matched,,,,,,
6337,PAYMENT,10663.61,10663.61,Matched,,,,,,
6338,CASH_IN,133785.78,133785.78,Matched,,,,,,
6339,DEBIT,2279.48,2279.48,Matched,,,,,,
6340,CASH_IN,192005.11,192005.11,Matched,,,,,,
6341,CASH_IN,42765.11,42765.11,Matched,,,,,,
6342,CASH_IN,86835.95,86835.95,Matched,,,,,,
6343,CASH_IN,55605.71,55605.71,Matched,,,,,,
6344,PAYMENT,17757.06,17757.06,Matched,,,,,,
6345,PAYMENT,13778.41,13778.41,Matched,,,,,,
6346,PAYMENT,21695.54,21695.54,Matched,,,,,,
6347,PAYMENT,2740.41,2740.41,Matched,,,,,,
6348,PAYMENT,28306.8,28306.8,Matched,,,,,,
6349,CASH_IN,221325.69,221325.69,Matched,,,,,,
6350,PAYMENT,9690.1,9690.1,Matched,,,,,,
6351,TRANSFER,436099.98,436099.98,Matched,,,,,,
6352,PAYMENT,1485.32,1485.32,Matched,,,,,,
6353,PAYMENT,13193.64,13193.64,Matched,,,,,,
6354,PAYMENT,8945.23,8945.23,Matched,,,,,,
6355,PAYMENT,6846.62,6846.62,Matched,,,,,,
6356,PAYMENT,4315.05,4315.05,Matched,,,,,,
6357,PAYMENT,5023.42,5023.42,Matched,,,,,,
6358,PAYMENT,11985.99,11985.99,Matched,,,,,,
6359,CASH_OUT,207796.54,207796.54,Matched,,,,,,
6360,PAYMENT,233.28,233.28,Matched,,,,,,
6361,PAYMENT,13737.03,13737.03,Matched,,,,,,
6362,PAYMENT,10854.35,10854.35,Matched,,,,,,
6363,PAYMENT,30269.19,30269.19,Matched,,,,,,
6364,TRANSFER,308882.21,308882.21,Matched,,,,,,
6365,PAYMENT,17575.98,17575.98,Matched,,,,,,
6366,PAYMENT,4419.68,4419.68,Matched,,,,,,
6367,PAYMENT,12757,12757,Matched,,,,,,
6368,PAYMENT,32087.48,32087.48,Matched,,,,,,
6369,PAYMENT,20601.02,20601.02,Matched,,,,,,
6370,PAYMENT,5885.13,5885.13,Matched,,,,,,
6371,PAYMENT,16175.39,16175.39,Matched,,,,,,
6372,PAYMENT,6742.04,6742.04,Matched,,,,,,
6373,PAYMENT,23869.55,23869.55,Matched,,,,,,
6374,TRANSFER,19496.78,19496.78,Matched,,,,,,
6375,TRANSFER,165344.97,165344.97,Matched,,,,,,
6376,PAYMENT,7193.03,7193.03,Matched,,,,,,
6377,PAYMENT,18266.81,18266.81,Matched,,,,,,
6378,PAYMENT,16396.14,16396.14,Matched,,,,,,
6379,PAYMENT,4218.37,4218.37,Matched,,,,,,
6380,PAYMENT,23704.62,23704.62,Matched,,,,,,
6381,PAYMENT,8527.96,8527.96,Matched,,,,,,
6382,PAYMENT,3704.47,3704.47,Matched,,,,,,
6383,CASH_OUT,148971.75,148971.75,Matched,,,,,,
6384,CASH_IN,385890.6,385890.6,Matched,,,,,,
6385,PAYMENT,32168.72,32168.72,Matched,,,,,,
6386,PAYMENT,28369.96,28369.96,Matched,,,,,,
6387,CASH_OUT,8013.4,8013.4,Matched,,,,,,
6388,PAYMENT,28410.56,28410.56,Matched,,,,,,
6389,PAYMENT,6909.4,6909.4,Matched,,,,,,
6390,PAYMENT,13275.38,13275.38,Matched,,,,,,
6391,TRANSFER,326538.62,326538.62,Matched,,,,,,
6392,PAYMENT,11124.47,11124.47,Matched,,,,,,
6393,TRANSFER,26768.5,26768.5,Matched,,,,,,
6394,CASH_OUT,26768.5,26768.5,Matched,,,,,,
6395,PAYMENT,19481.86,19481.86,Matched,,,,,,
6396,PAYMENT,7771.86,7771.86,Matched,,,,,,
6397,PAYMENT,3249.87,3249.87,Matched,,,,,,
6398,PAYMENT,24487.72,24487.72,Matched,,,,,,
6399,PAYMENT,9976.7,9976.7,Matched,,,,,,
6400,PAYMENT,14427.16,14427.16,Matched,,,,,,
6401,PAYMENT,25203.75,25203.75,Matched,,,,,,
6402,PAYMENT,11637.06,11637.06,Matched,,,,,,
6403,PAYMENT,10656.7,10656.7,Matched,,,,,,
6404,PAYMENT,23224.89,23224.89,Matched,,,,,,
6405,TRANSFER,61464.3,61464.3,Matched,,,,,,
6406,PAYMENT,741.93,741.93,Matched,,,,,,
6407,PAYMENT,14002.93,14002.93,Matched,,,,,,
6408,PAYMENT,6284.58,6284.58,Matched,,,,,,
6409,PAYMENT,4349.35,4349.35,Matched,,,,,,
6410,PAYMENT,9598.37,9598.37,Matched,,,,,,
6411,PAYMENT,5948.05,5948.05,Matched,,,,,,
6412,TRANSFER,831878.75,831878.75,Matched,,,,,,
6413,PAYMENT,15964.7,15964.7,Matched,,,,,,
6414,PAYMENT,9948.64,9948.64,Matched,,,,,,
6415,PAYMENT,13679.73,13679.73,Matched,,,,,,
6416,TRANSFER,595893.92,595893.92,Matched,,,,,,
6417,PAYMENT,295.78,295.78,Matched,,,,,,
6418,TRANSFER,548556.51,548556.51,Matched,,,,,,
6419,PAYMENT,8090.16,8090.16,Matched,,,,,,
6420,TRANSFER,212357.06,212357.06,Matched,,,,,,
6421,TRANSFER,622552.15,622552.15,Matched,,,,,,
6422,PAYMENT,14996.91,14996.91,Matched,,,,,,
6423,TRANSFER,1805520.31,1805520.31,Matched,,,,,,
6424,CASH_OUT,44874.82,44874.82,Matched,,,,,,
6425,PAYMENT,1193.31,1193.31,Matched,,,,,,
6426,TRANSFER,412254.84,412254.84,Matched,,,,,,
6427,TRANSFER,1390432.94,1390432.94,Matched,,,,,,
6428,TRANSFER,942403.4,942403.4,Matched,,,,,,
6429,TRANSFER,1280020.98,1280020.98,Matched,,,,,,
6430,TRANSFER,999702.92,999702.92,Matched,,,,,,
6431,PAYMENT,15088.92,15088.92,Matched,,,,,,
6432,TRANSFER,903968.72,903968.72,Matched,,,,,,
6433,PAYMENT,8893.16,8893.16,Matched,,,,,,
6434,TRANSFER,205857.25,205857.25,Matched,,,,,,
6435,PAYMENT,15972.45,15972.45,Matched,,,,,,
6436,TRANSFER,401863.05,401863.05,Matched,,,,,,
6437,PAYMENT,28710.56,28710.56,Matched,,,,,,
6438,TRANSFER,330922.7,330922.7,Matched,,,,,,
6439,PAYMENT,6286.6,6286.6,Matched,,,,,,
6440,PAYMENT,31984.61,31984.61,Matched,,,,,,
6441,PAYMENT,12274.76,12274.76,Matched,,,,,,
6442,PAYMENT,1599.64,1599.64,Matched,,,,,,
6443,PAYMENT,27241.79,27241.79,Matched,,,,,,
6444,DEBIT,149.11,149.11,Matched,,,,,,
6445,PAYMENT,7941.27,7941.27,Matched,,,,,,
6446,PAYMENT,121.57,121.57,Matched,,,,,,
6447,PAYMENT,5414.15,5414.15,Matched,,,,,,
6448,PAYMENT,11097.96,11097.96,Matched,,,,,,
6449,PAYMENT,9518.37,9518.37,Matched,,,,,,
6450,PAYMENT,9231.25,9231.25,Matched,,,,,,
6451,PAYMENT,9396,9396,Matched,,,,,,
6452,PAYMENT,26539.83,26539.83,Matched,,,,,,
6453,PAYMENT,4968.73,4968.73,Matched,,,,,,
6454,PAYMENT,15827.12,15827.12,Matched,,,,,,
6455,PAYMENT,1796.01,1796.01,Matched,,,,,,
6456,PAYMENT,22850.11,22850.11,Matched,,,,,,
6457,PAYMENT,902.63,902.63,Matched,,,,,,
6458,PAYMENT,5932.23,5932.23,Matched,,,,,,
6459,PAYMENT,18213.06,18213.06,Matched,,,,,,
6460,PAYMENT,2522.56,2522.56,Matched,,,,,,
6461,CASH_OUT,260604.69,260604.69,Matched,,,,,,
6462,PAYMENT,6560.53,6560.53,Matched,,,,,,
6463,PAYMENT,1961.03,1961.03,Matched,,,,,,
6464,PAYMENT,27613.05,27613.05,Matched,,,,,,
6465,PAYMENT,5065.07,5065.07,Matched,,,,,,
6466,PAYMENT,7905.37,7905.37,Matched,,,,,,
6467,PAYMENT,8486.59,8486.59,Matched,,,,,,
6468,PAYMENT,20950.16,20950.16,Matched,,,,,,
6469,PAYMENT,13364.51,13364.51,Matched,,,,,,
6470,CASH_OUT,160356.26,160356.26,Matched,,,,,,
6471,TRANSFER,125968.11,125968.11,Matched,,,,,,
6472,PAYMENT,8737.34,8737.34,Matched,,,,,,
6473,PAYMENT,14431.75,14431.75,Matched,,,,,,
6474,PAYMENT,10695.07,10695.07,Matched,,,,,,
6475,PAYMENT,10158.08,10158.08,Matched,,,,,,
6476,PAYMENT,31153.57,31153.57,Matched,,,,,,
6477,PAYMENT,15491.85,15491.85,Matched,,,,,,
6478,PAYMENT,1942.26,1942.26,Matched,,,,,,
6479,PAYMENT,20551.28,20551.28,Matched,,,,,,
6480,PAYMENT,27652.32,27652.32,Matched,,,,,,
6481,DEBIT,5402.3,5402.3,Matched,,,,,,
6482,PAYMENT,19852.81,19852.81,Matched,,,,,,
6483,PAYMENT,9325.19,9325.19,Matched,,,,,,
6484,PAYMENT,934.87,934.87,Matched,,,,,,
6485,PAYMENT,14567.67,14567.67,Matched,,,,,,
6486,PAYMENT,7135.37,7135.37,Matched,,,,,,
6487,PAYMENT,8534.37,8534.37,Matched,,,,,,
6488,PAYMENT,5057.25,5057.25,Matched,,,,,,
6489,PAYMENT,3043.29,3043.29,Matched,,,,,,
6490,TRANSFER,66165.76,66165.76,Matched,,,,,,
6491,PAYMENT,20275.14,20275.14,Matched,,,,,,
6492,PAYMENT,12327.31,12327.31,Matched,,,,,,
6493,PAYMENT,11730.13,11730.13,Matched,,,,,,
6494,TRANSFER,416126.78,416126.78,Matched,,,,,,
6495,PAYMENT,1988.49,1988.49,Matched,,,,,,
6496,PAYMENT,30168.17,30168.17,Matched,,,,,,
6497,PAYMENT,13560.97,13560.97,Matched,,,,,,
6498,PAYMENT,8375.58,8375.58,Matched,,,,,,
6499,PAYMENT,19150.12,19150.12,Matched,,,,,,
6500,PAYMENT,3988.91,3988.91,Matched,,,,,,
6501,PAYMENT,42621.98,42621.98,Matched,,,,,,
6502,PAYMENT,32420.54,32420.54,Matched,,,,,,
6503,PAYMENT,1569.26,1569.26,Matched,,,,,,
6504,PAYMENT,34594.65,34594.65,Matched,,,,,,
6505,PAYMENT,17277.16,17277.16,Matched,,,,,,
6506,DEBIT,7956.2,7956.2,Matched,,,,,,
6507,PAYMENT,21208.42,21208.42,Matched,,,,,,
6508,PAYMENT,3032.12,3032.12,Matched,,,,,,
6509,PAYMENT,4044.24,NULL,Missing from Bank,,,,,,
6510,PAYMENT,30704.7,30704.7,Matched,,,,,,
6511,PAYMENT,5372.6,5372.6,Matched,,,,,,
6512,PAYMENT,21358.13,21358.13,Matched,,,,,,
6513,PAYMENT,12897.36,12897.36,Matched,,,,,,
6514,PAYMENT,15993.27,15993.27,Matched,,,,,,
6515,PAYMENT,16721.01,16721.01,Matched,,,,,,
6516,PAYMENT,37699.34,37699.34,Matched,,,,,,
6517,PAYMENT,16592.88,16592.88,Matched,,,,,,
6518,PAYMENT,9282.6,9282.6,Matched,,,,,,
6519,CASH_OUT,170504.65,170504.65,Matched,,,,,,
6520,TRANSFER,370171.43,370171.43,Matched,,,,,,
6521,PAYMENT,7887.71,7887.71,Matched,,,,,,
6522,PAYMENT,22968.75,22968.75,Matched,,,,,,
6523,PAYMENT,8527.67,8527.67,Matched,,,,,,
6524,PAYMENT,487.15,487.15,Matched,,,,,,
6525,PAYMENT,17104.6,17104.6,Matched,,,,,,
6526,CASH_OUT,280481.6,280481.6,Matched,,,,,,
6527,CASH_OUT,122817.49,122817.49,Matched,,,,,,
6528,PAYMENT,16549.58,16549.58,Matched,,,,,,
6529,PAYMENT,27383.84,27383.84,Matched,,,,,,
6530,PAYMENT,19304.22,19304.22,Matched,,,,,,
6531,PAYMENT,21510.43,21510.43,Matched,,,,,,
6532,TRANSFER,209374.09,209374.09,Matched,,,,,,
6533,PAYMENT,2400.47,2400.47,Matched,,,,,,
6534,PAYMENT,6539.91,6539.91,Matched,,,,,,
6535,PAYMENT,2187.35,2187.35,Matched,,,,,,
6536,PAYMENT,7131.82,7131.82,Matched,,,,,,
6537,PAYMENT,5399.32,5399.32,Matched,,,,,,
6538,PAYMENT,9690.19,9690.19,Matched,,,,,,
6539,TRANSFER,611049.17,611049.17,Matched,,,,,,
6540,PAYMENT,30632.31,30632.31,Matched,,,,,,
6541,PAYMENT,646.63,646.63,Matched,,,,,,
6542,PAYMENT,13594.65,13594.65,Matched,,,,,,
6543,PAYMENT,476.55,476.55,Matched,,,,,,
6544,PAYMENT,4062.42,4062.42,Matched,,,,,,
6545,PAYMENT,21650.08,21650.08,Matched,,,,,,
6546,PAYMENT,3997.02,3997.02,Matched,,,,,,
6547,PAYMENT,3627.87,3627.87,Matched,,,,,,
6548,PAYMENT,6193.97,6193.97,Matched,,,,,,
6549,PAYMENT,6092.79,6092.79,Matched,,,,,,
6550,PAYMENT,1016.37,1016.37,Matched,,,,,,
6551,PAYMENT,4126.67,4126.67,Matched,,,,,,
6552,PAYMENT,11654.37,11654.37,Matched,,,,,,
6553,PAYMENT,16103.22,16103.22,Matched,,,,,,
6554,PAYMENT,2444.71,2444.71,Matched,,,,,,
6555,PAYMENT,3450.71,3450.71,Matched,,,,,,
6556,PAYMENT,6716.16,6716.16,Matched,,,,,,
6557,PAYMENT,15085.17,15085.17,Matched,,,,,,
6558,DEBIT,4747.29,4747.29,Matched,,,,,,
6559,PAYMENT,55954.74,55954.74,Matched,,,,,,
6560,CASH_OUT,200910.66,200910.66,Matched,,,,,,
6561,PAYMENT,22923.28,22923.28,Matched,,,,,,
6562,PAYMENT,8096.68,8096.68,Matched,,,,,,
6563,PAYMENT,6686.45,6686.45,Matched,,,,,,
6564,PAYMENT,15147.34,15147.34,Matched,,,,,,
6565,CASH_OUT,56195.07,56195.07,Matched,,,,,,
6566,PAYMENT,56058.18,56058.18,Matched,,,,,,
6567,CASH_OUT,165777.06,165777.06,Matched,,,,,,
6568,CASH_OUT,361748.99,361748.99,Matched,,,,,,
6569,PAYMENT,12107.21,12107.21,Matched,,,,,,
6570,CASH_OUT,381343.16,381343.16,Matched,,,,,,
6571,PAYMENT,25699.58,25699.58,Matched,,,,,,
6572,CASH_OUT,206187.66,206187.66,Matched,,,,,,
6573,CASH_OUT,419260.55,419260.55,Matched,,,,,,
6574,PAYMENT,6814.2,6814.2,Matched,,,,,,
6575,CASH_OUT,340369.3,340369.3,Matched,,,,,,
6576,PAYMENT,7331.46,7331.46,Matched,,,,,,
6577,CASH_OUT,9300.22,9300.22,Matched,,,,,,
6578,CASH_OUT,180572.73,180572.73,Matched,,,,,,
6579,PAYMENT,2443.54,2443.54,Matched,,,,,,
6580,CASH_OUT,62959.29,62959.29,Matched,,,,,,
6581,PAYMENT,5624.29,5624.29,Matched,,,,,,
6582,PAYMENT,13407.06,13407.06,Matched,,,,,,
6583,CASH_OUT,267379.89,267379.89,Matched,,,,,,
6584,PAYMENT,6524.09,6524.09,Matched,,,,,,
6585,PAYMENT,15768.41,15768.41,Matched,,,,,,
6586,CASH_OUT,178505.6,178505.6,Matched,,,,,,
6587,PAYMENT,7237.08,7237.08,Matched,,,,,,
6588,TRANSFER,394310.01,394310.01,Matched,,,,,,
6589,PAYMENT,10475.55,10475.55,Matched,,,,,,
6590,CASH_OUT,54933.79,54933.79,Matched,,,,,,
6591,PAYMENT,17987.71,17987.71,Matched,,,,,,
6592,TRANSFER,264367.48,264367.48,Matched,,,,,,
6593,PAYMENT,13916.14,13916.14,Matched,,,,,,
6594,CASH_OUT,184679.97,184679.97,Matched,,,,,,
6595,CASH_OUT,100729.18,100729.18,Matched,,,,,,
6596,PAYMENT,6330.23,6330.23,Matched,,,,,,
6597,PAYMENT,15580.12,15580.12,Matched,,,,,,
6598,CASH_OUT,116951.71,116951.71,Matched,,,,,,
6599,PAYMENT,1161.45,1161.45,Matched,,,,,,
6600,PAYMENT,17332.62,17332.62,Matched,,,,,,
6601,PAYMENT,2555.12,2555.12,Matched,,,,,,
6602,PAYMENT,14164.55,14164.55,Matched,,,,,,
6603,PAYMENT,8661.5,8661.5,Matched,,,,,,
6604,PAYMENT,7350.01,7350.01,Matched,,,,,,
6605,PAYMENT,12295.28,12295.28,Matched,,,,,,
6606,PAYMENT,314.67,314.67,Matched,,,,,,
6607,PAYMENT,13709.48,13709.48,Matched,,,,,,
6608,TRANSFER,56538.75,56538.75,Matched,,,,,,
6609,CASH_OUT,71868.61,71868.61,Matched,,,,,,
6610,PAYMENT,8808.05,8808.05,Matched,,,,,,
6611,PAYMENT,16666.64,16666.64,Matched,,,,,,
6612,PAYMENT,9183.25,9183.25,Matched,,,,,,
6613,TRANSFER,334889.22,334889.22,Matched,,,,,,
6614,PAYMENT,4581.31,4581.31,Matched,,,,,,
6615,CASH_OUT,533164.85,533164.85,Matched,,,,,,
6616,CASH_OUT,242407.62,242407.62,Matched,,,,,,
6617,CASH_OUT,83184.28,83184.28,Matched,,,,,,
6618,PAYMENT,3169.28,3169.28,Matched,,,,,,
6619,TRANSFER,50570.65,50570.65,Matched,,,,,,
6620,PAYMENT,12371.83,12371.83,Matched,,,,,,
6621,PAYMENT,13194.66,13194.66,Matched,,,,,,
6622,PAYMENT,5047.89,5047.89,Matched,,,,,,
6623,PAYMENT,438.55,438.55,Matched,,,,,,
6624,PAYMENT,21100.42,21100.42,Matched,,,,,,
6625,CASH_OUT,404491.79,404491.79,Matched,,,,,,
6626,PAYMENT,3263.58,3263.58,Matched,,,,,,
6627,PAYMENT,206.66,206.66,Matched,,,,,,
6628,TRANSFER,351690.17,351690.17,Matched,,,,,,
6629,PAYMENT,22946.31,22946.31,Matched,,,,,,
6630,PAYMENT,10953.04,10953.04,Matched,,,,,,
6631,PAYMENT,260.23,260.23,Matched,,,,,,
6632,PAYMENT,18888.95,18888.95,Matched,,,,,,
6633,PAYMENT,26164.54,26164.54,Matched,,,,,,
6634,CASH_OUT,139283.22,139283.22,Matched,,,,,,
6635,PAYMENT,12795.92,12795.92,Matched,,,,,,
6636,PAYMENT,1895.14,1895.14,Matched,,,,,,
6637,PAYMENT,947.91,947.91,Matched,,,,,,
6638,TRANSFER,10565,10565,Matched,,,,,,
6639,PAYMENT,7019.85,7019.85,Matched,,,,,,
6640,PAYMENT,16169.9,16169.9,Matched,,,,,,
6641,CASH_OUT,10565,10565,Matched,,,,,,
6642,TRANSFER,160869.97,160869.97,Matched,,,,,,
6643,CASH_IN,204371.41,204371.41,Matched,,,,,,
6644,PAYMENT,27008.46,27008.46,Matched,,,,,,
6645,PAYMENT,5734.4,5734.4,Matched,,,,,,
6646,CASH_IN,72770.85,72770.85,Matched,,,,,,
6647,CASH_OUT,21128.42,21128.42,Matched,,,,,,
6648,CASH_IN,171495.96,171495.96,Matched,,,,,,
6649,CASH_IN,359532.76,359532.76,Matched,,,,,,
6650,CASH_OUT,196775.47,196775.47,Matched,,,,,,
6651,CASH_IN,430086.7,430086.7,Matched,,,,,,
6652,PAYMENT,4197.94,4197.94,Matched,,,,,,
6653,CASH_IN,346727.71,346727.71,Matched,,,,,,
6654,CASH_IN,261519.42,261519.42,Matched,,,,,,
6655,PAYMENT,13794.64,13794.64,Matched,,,,,,
6656,CASH_IN,135807.95,135807.95,Matched,,,,,,
6657,PAYMENT,6705.12,6705.12,Matched,,,,,,
6658,PAYMENT,4630.35,4630.35,Matched,,,,,,
6659,CASH_IN,330293.92,330293.92,Matched,,,,,,
6660,PAYMENT,18995.99,18995.99,Matched,,,,,,
6661,TRANSFER,251644.29,251644.29,Matched,,,,,,
6662,CASH_IN,54182.33,54182.33,Matched,,,,,,
6663,PAYMENT,24690.36,24690.36,Matched,,,,,,
6664,DEBIT,477.13,477.13,Matched,,,,,,
6665,CASH_OUT,385123.59,385123.59,Matched,,,,,,
6666,CASH_IN,451688.56,451688.56,Matched,,,,,,
6667,PAYMENT,26843.78,26843.78,Matched,,,,,,
6668,PAYMENT,15242.55,15242.55,Matched,,,,,,
6669,CASH_IN,181483.46,181483.46,Matched,,,,,,
6670,TRANSFER,356511.88,356511.88,Matched,,,,,,
6671,CASH_IN,163607.02,163607.02,Matched,,,,,,
6672,PAYMENT,27535.02,27535.02,Matched,,,,,,
6673,CASH_IN,184347.18,184347.18,Matched,,,,,,
6674,PAYMENT,4974.35,4974.35,Matched,,,,,,
6675,CASH_IN,90264.51,90264.51,Matched,,,,,,
6676,PAYMENT,8888.88,8888.88,Matched,,,,,,
6677,PAYMENT,33025.94,33025.94,Matched,,,,,,
6678,CASH_IN,14574.01,14574.01,Matched,,,,,,
6679,PAYMENT,8921.69,8921.69,Matched,,,,,,
6680,CASH_OUT,440165.52,440165.52,Matched,,,,,,
6681,PAYMENT,24469.38,24469.38,Matched,,,,,,
6682,CASH_IN,201937.2,201937.2,Matched,,,,,,
6683,PAYMENT,2091.2,2091.2,Matched,,,,,,
6684,PAYMENT,2871.18,2871.18,Matched,,,,,,
6685,CASH_OUT,119341.71,119341.71,Matched,,,,,,
6686,PAYMENT,10960.92,10960.92,Matched,,,,,,
6687,TRANSFER,179341.27,179341.27,Matched,,,,,,
6688,PAYMENT,19227.1,19227.1,Matched,,,,,,
6689,PAYMENT,15171.48,15171.48,Matched,,,,,,
6690,PAYMENT,12135.69,12135.69,Matched,,,,,,
6691,PAYMENT,17737.81,17737.81,Matched,,,,,,
6692,PAYMENT,12968.1,12968.1,Matched,,,,,,
6693,PAYMENT,12989.69,12989.69,Matched,,,,,,
6694,PAYMENT,14143.87,14143.87,Matched,,,,,,
6695,PAYMENT,11473.98,11473.98,Matched,,,,,,
6696,PAYMENT,19642.29,19642.29,Matched,,,,,,
6697,PAYMENT,4041.67,4041.67,Matched,,,,,,
6698,PAYMENT,17078.55,17078.55,Matched,,,,,,
6699,PAYMENT,5017.33,5017.33,Matched,,,,,,
6700,PAYMENT,5187.5,5187.5,Matched,,,,,,
6701,PAYMENT,5427.12,5427.12,Matched,,,,,,
6702,PAYMENT,13498.44,13498.44,Matched,,,,,,
6703,PAYMENT,24579.11,24579.11,Matched,,,,,,
6704,PAYMENT,8719.82,8719.82,Matched,,,,,,
6705,PAYMENT,6936.56,6936.56,Matched,,,,,,
6706,PAYMENT,12742.65,12742.65,Matched,,,,,,
6707,PAYMENT,25594.04,25594.04,Matched,,,,,,
6708,PAYMENT,17949.84,17949.84,Matched,,,,,,
6709,PAYMENT,13522.25,13522.25,Matched,,,,,,
6710,PAYMENT,16200.08,16200.08,Matched,,,,,,
6711,CASH_IN,94933.34,94933.34,Matched,,,,,,
6712,PAYMENT,12303.52,12303.52,Matched,,,,,,
6713,PAYMENT,10353.67,10353.67,Matched,,,,,,
6714,PAYMENT,10088.16,10088.16,Matched,,,,,,
6715,PAYMENT,9766.07,9766.07,Matched,,,,,,
6716,PAYMENT,18219.9,18219.9,Matched,,,,,,
6717,PAYMENT,779.76,779.76,Matched,,,,,,
6718,PAYMENT,2615.73,2615.73,Matched,,,,,,
6719,TRANSFER,128505.21,128505.21,Matched,,,,,,
6720,CASH_OUT,274406.81,274406.81,Matched,,,,,,
6721,CASH_OUT,142705.55,142705.55,Matched,,,,,,
6722,TRANSFER,104087.72,104087.72,Matched,,,,,,
6723,PAYMENT,22802.84,22802.84,Matched,,,,,,
6724,PAYMENT,2607.64,2607.64,Matched,,,,,,
6725,PAYMENT,1538.49,1538.49,Matched,,,,,,
6726,PAYMENT,22655.09,22655.09,Matched,,,,,,
6727,CASH_OUT,570941.46,570941.46,Matched,,,,,,
6728,PAYMENT,2472.54,2472.54,Matched,,,,,,
6729,PAYMENT,21404.44,21404.44,Matched,,,,,,
6730,PAYMENT,20547.38,20547.38,Matched,,,,,,
6731,PAYMENT,816.44,816.44,Matched,,,,,,
6732,PAYMENT,15889.95,15889.95,Matched,,,,,,
6733,PAYMENT,10310.77,10310.77,Matched,,,,,,
6734,PAYMENT,16917.51,16917.51,Matched,,,,,,
6735,PAYMENT,1314.57,1314.57,Matched,,,,,,
6736,PAYMENT,2181.44,2181.44,Matched,,,,,,
6737,PAYMENT,36774.88,36774.88,Matched,,,,,,
6738,PAYMENT,18278.65,18278.65,Matched,,,,,,
6739,CASH_OUT,308384.4,308384.4,Matched,,,,,,
6740,DEBIT,4599.02,4599.02,Matched,,,,,,
6741,PAYMENT,3583.64,3583.64,Matched,,,,,,
6742,PAYMENT,11011.74,11011.74,Matched,,,,,,
6743,PAYMENT,18657.24,18657.24,Matched,,,,,,
6744,PAYMENT,18541.02,18541.02,Matched,,,,,,
6745,CASH_IN,271666.26,271666.26,Matched,,,,,,
6746,PAYMENT,20385.69,20385.69,Matched,,,,,,
6747,TRANSFER,199873.41,199873.41,Matched,,,,,,
6748,PAYMENT,13268.13,13268.13,Matched,,,,,,
6749,TRANSFER,125527.29,125527.29,Matched,,,,,,
6750,CASH_OUT,273120.84,273120.84,Matched,,,,,,
6751,PAYMENT,1072.27,1072.27,Matched,,,,,,
6752,PAYMENT,980.14,980.14,Matched,,,,,,
6753,PAYMENT,17689.59,17689.59,Matched,,,,,,
6754,CASH_OUT,84326.18,84326.18,Matched,,,,,,
6755,PAYMENT,18960.49,18960.49,Matched,,,,,,
6756,PAYMENT,5106.61,5106.61,Matched,,,,,,
6757,CASH_OUT,261488.06,261488.06,Matched,,,,,,
6758,TRANSFER,216422,216422,Matched,,,,,,
6759,PAYMENT,6727.32,6727.32,Matched,,,,,,
6760,PAYMENT,16703.28,16703.28,Matched,,,,,,
6761,CASH_OUT,216422,216422,Matched,,,,,,
6762,PAYMENT,20703.33,20703.33,Matched,,,,,,
6763,PAYMENT,6312.27,6312.27,Matched,,,,,,
6764,PAYMENT,9584.44,9584.44,Matched,,,,,,
6765,PAYMENT,20677.95,20677.95,Matched,,,,,,
6766,PAYMENT,17145.26,17145.26,Matched,,,,,,
6767,PAYMENT,16427.31,16427.31,Matched,,,,,,
6768,CASH_OUT,122380.82,122380.82,Matched,,,,,,
6769,PAYMENT,24544.47,24544.47,Matched,,,,,,
6770,PAYMENT,3320.7,3320.7,Matched,,,,,,
6771,PAYMENT,17871.32,17871.32,Matched,,,,,,
6772,PAYMENT,11483.48,11483.48,Matched,,,,,,
6773,CASH_OUT,65938.21,65938.21,Matched,,,,,,
6774,PAYMENT,12689.5,12689.5,Matched,,,,,,
6775,PAYMENT,15129.45,15129.45,Matched,,,,,,
6776,PAYMENT,13836.66,13836.66,Matched,,,,,,
6777,CASH_OUT,142435.75,142435.75,Matched,,,,,,
6778,PAYMENT,15642.1,15642.1,Matched,,,,,,
6779,PAYMENT,14904.51,14904.51,Matched,,,,,,
6780,PAYMENT,25448.45,25448.45,Matched,,,,,,
6781,PAYMENT,32542.48,32542.48,Matched,,,,,,
6782,PAYMENT,3860.03,3860.03,Matched,,,,,,
6783,PAYMENT,22547.2,22547.2,Matched,,,,,,
6784,PAYMENT,9903.87,9903.87,Matched,,,,,,
6785,PAYMENT,11251.54,11251.54,Matched,,,,,,
6786,PAYMENT,9555.32,9555.32,Matched,,,,,,
6787,PAYMENT,15638.89,15638.89,Matched,,,,,,
6788,PAYMENT,15983.15,15983.15,Matched,,,,,,
6789,PAYMENT,8720.99,8720.99,Matched,,,,,,
6790,CASH_OUT,86821.76,86821.76,Matched,,,,,,
6791,CASH_IN,283889,283889,Matched,,,,,,
6792,PAYMENT,4534.37,4534.37,Matched,,,,,,
6793,CASH_OUT,85074.07,85074.07,Matched,,,,,,
6794,CASH_IN,24492.49,24492.49,Matched,,,,,,
6795,PAYMENT,7672.07,7672.07,Matched,,,,,,
6796,CASH_OUT,21696.81,21696.81,Matched,,,,,,
6797,PAYMENT,34027.34,34027.34,Matched,,,,,,
6798,CASH_IN,420269.82,420269.82,Matched,,,,,,
6799,PAYMENT,20982.22,20982.22,Matched,,,,,,
6800,CASH_OUT,206666.36,206666.36,Matched,,,,,,
6801,CASH_IN,174806.05,174806.05,Matched,,,,,,
6802,PAYMENT,13590.74,13590.74,Matched,,,,,,
6803,PAYMENT,5842.48,5842.48,Matched,,,,,,
6804,CASH_OUT,15674.27,15674.27,Matched,,,,,,
6805,CASH_IN,78155.56,78155.56,Matched,,,,,,
6806,PAYMENT,4276.73,4276.73,Matched,,,,,,
6807,PAYMENT,17.42,17.42,Matched,,,,,,
6808,CASH_IN,55503.1,55503.1,Matched,,,,,,
6809,PAYMENT,3643.48,3643.48,Matched,,,,,,
6810,CASH_OUT,200095.94,200095.94,Matched,,,,,,
6811,PAYMENT,5484.94,5484.94,Matched,,,,,,
6812,CASH_IN,271184.55,271184.55,Matched,,,,,,
6813,CASH_OUT,203376.02,203376.02,Matched,,,,,,
6814,PAYMENT,35485.18,35485.18,Matched,,,,,,
6815,PAYMENT,8667.21,8667.21,Matched,,,,,,
6816,CASH_IN,232498.27,232498.27,Matched,,,,,,
6817,PAYMENT,9893.57,9893.57,Matched,,,,,,
6818,CASH_IN,357726.65,357726.65,Matched,,,,,,
6819,PAYMENT,11004.31,11004.31,Matched,,,,,,
6820,CASH_IN,135998.76,135998.76,Matched,,,,,,
6821,PAYMENT,15751.31,15751.31,Matched,,,,,,
6822,CASH_IN,153512.92,153512.92,Matched,,,,,,
6823,PAYMENT,12613.83,12613.83,Matched,,,,,,
6824,PAYMENT,38677.12,38677.12,Matched,,,,,,
6825,CASH_IN,12245.34,12245.34,Matched,,,,,,
6826,CASH_IN,253419.13,253419.13,Matched,,,,,,
6827,PAYMENT,11515.03,11515.03,Matched,,,,,,
6828,CASH_IN,111460.82,111460.82,Matched,,,,,,
6829,PAYMENT,6945.84,6945.84,Matched,,,,,,
6830,PAYMENT,18591.22,18591.22,Matched,,,,,,
6831,CASH_IN,186841.67,186841.67,Matched,,,,,,
6832,PAYMENT,548.44,548.44,Matched,,,,,,
6833,CASH_IN,133663.18,133663.18,Matched,,,,,,
6834,PAYMENT,12028.83,12028.83,Matched,,,,,,
6835,PAYMENT,18655.15,18655.15,Matched,,,,,,
6836,CASH_IN,159689.6,159689.6,Matched,,,,,,
6837,PAYMENT,16.29,16.29,Matched,,,,,,
6838,PAYMENT,3765.68,3765.68,Matched,,,,,,
6839,PAYMENT,14390.28,14390.28,Matched,,,,,,
6840,CASH_IN,561808.58,561808.58,Matched,,,,,,
6841,PAYMENT,15806.57,15806.57,Matched,,,,,,
6842,PAYMENT,21625.13,21625.13,Matched,,,,,,
6843,PAYMENT,4664.21,4664.21,Matched,,,,,,
6844,CASH_IN,502514.81,502514.81,Matched,,,,,,
6845,PAYMENT,5471.85,5471.85,Matched,,,,,,
6846,PAYMENT,2901.34,2901.34,Matched,,,,,,
6847,PAYMENT,11240.64,11240.64,Matched,,,,,,
6848,CASH_IN,115359.35,115359.35,Matched,,,,,,
6849,PAYMENT,4922.27,4922.27,Matched,,,,,,
6850,PAYMENT,1044.38,1044.38,Matched,,,,,,
6851,CASH_IN,26531.35,26531.35,Matched,,,,,,
6852,PAYMENT,19858.46,19858.46,Matched,,,,,,
6853,CASH_IN,30416,30416,Matched,,,,,,
6854,PAYMENT,10134.78,10134.78,Matched,,,,,,
6855,CASH_IN,58538.76,58538.76,Matched,,,,,,
6856,PAYMENT,9538.96,9538.96,Matched,,,,,,
6857,PAYMENT,15093.73,15093.73,Matched,,,,,,
6858,CASH_IN,41116.29,41116.29,Matched,,,,,,
6859,PAYMENT,15593.41,15593.41,Matched,,,,,,
6860,PAYMENT,4786.79,4786.79,Matched,,,,,,
6861,CASH_IN,164197.03,164197.03,Matched,,,,,,
6862,PAYMENT,23258.69,23258.69,Matched,,,,,,
6863,PAYMENT,11675.92,11675.92,Matched,,,,,,
6864,CASH_IN,308177.51,308177.51,Matched,,,,,,
6865,CASH_IN,52997.24,52997.24,Matched,,,,,,
6866,PAYMENT,2022.78,2022.78,Matched,,,,,,
6867,CASH_OUT,57737.75,57737.75,Matched,,,,,,
6868,TRANSFER,36863.19,36863.19,Matched,,,,,,
6869,PAYMENT,5055.67,5055.67,Matched,,,,,,
6870,PAYMENT,18096.37,18096.37,Matched,,,,,,
6871,PAYMENT,1392.66,1392.66,Matched,,,,,,
6872,PAYMENT,1636.72,1636.72,Matched,,,,,,
6873,PAYMENT,15314.84,15314.84,Matched,,,,,,
6874,PAYMENT,15719.2,15719.2,Matched,,,,,,
6875,PAYMENT,4293.83,4293.83,Matched,,,,,,
6876,TRANSFER,73844.55,73844.55,Matched,,,,,,
6877,CASH_OUT,212665.96,212665.96,Matched,,,,,,
6878,PAYMENT,774.43,774.43,Matched,,,,,,
6879,PAYMENT,6737.87,6737.87,Matched,,,,,,
6880,CASH_OUT,43145.46,43145.46,Matched,,,,,,
6881,PAYMENT,20491.58,20491.58,Matched,,,,,,
6882,PAYMENT,18079.63,18079.63,Matched,,,,,,
6883,PAYMENT,16771.05,16771.05,Matched,,,,,,
6884,PAYMENT,45279.83,45279.83,Matched,,,,,,
6885,PAYMENT,17456.35,17456.35,Matched,,,,,,
6886,PAYMENT,17373.62,17373.62,Matched,,,,,,
6887,PAYMENT,8278.63,8278.63,Matched,,,,,,
6888,CASH_IN,103082.13,103082.13,Matched,,,,,,
6889,PAYMENT,3621.47,3621.47,Matched,,,,,,
6890,PAYMENT,6800.9,6800.9,Matched,,,,,,
6891,TRANSFER,6870.64,6870.64,Matched,,,,,,
6892,CASH_IN,214086.09,214086.09,Matched,,,,,,
6893,PAYMENT,8208.25,8208.25,Matched,,,,,,
6894,PAYMENT,28084.57,28084.57,Matched,,,,,,
6895,TRANSFER,250371.89,250371.89,Matched,,,,,,
6896,CASH_IN,263027.96,263027.96,Matched,,,,,,
6897,TRANSFER,491920,491920,Matched,,,,,,
6898,CASH_IN,352360.67,352360.67,Matched,,,,,,
6899,PAYMENT,9524.45,9524.45,Matched,,,,,,
6900,PAYMENT,4115.83,4115.83,Matched,,,,,,
6901,PAYMENT,12586.69,12586.69,Matched,,,,,,
6902,CASH_IN,224527.63,224527.63,Matched,,,,,,
6903,CASH_IN,249972.42,NULL,Missing from Bank,,,,,,
6904,PAYMENT,38874.87,38874.87,Matched,,,,,,
6905,CASH_IN,85450.99,85450.99,Matched,,,,,,
6906,PAYMENT,17658.97,17658.97,Matched,,,,,,
6907,CASH_IN,126270.37,126270.37,Matched,,,,,,
6908,PAYMENT,103.64,103.64,Matched,,,,,,
6909,CASH_IN,28526.13,28526.13,Matched,,,,,,
6910,PAYMENT,5691.85,5691.85,Matched,,,,,,
6911,PAYMENT,5272.45,5272.45,Matched,,,,,,
6912,CASH_IN,26271.48,26271.48,Matched,,,,,,
6913,PAYMENT,128.03,128.03,Matched,,,,,,
6914,CASH_IN,209758.49,209758.49,Matched,,,,,,
6915,PAYMENT,5947.18,5947.18,Matched,,,,,,
6916,CASH_IN,202246.61,202246.61,Matched,,,,,,
6917,TRANSFER,109865.4,109865.4,Matched,,,,,,
6918,PAYMENT,25885.94,25885.94,Matched,,,,,,
6919,PAYMENT,2392.42,2392.42,Matched,,,,,,
6920,CASH_IN,121913.7,121913.7,Matched,,,,,,
6921,PAYMENT,83.01,83.01,Matched,,,,,,
6922,TRANSFER,340936.73,340936.73,Matched,,,,,,
6923,CASH_IN,134126.72,134126.72,Matched,,,,,,
6924,PAYMENT,11132.52,11132.52,Matched,,,,,,
6925,PAYMENT,5938.85,5938.85,Matched,,,,,,
6926,PAYMENT,12450.02,12450.02,Matched,,,,,,
6927,CASH_IN,266095.2,266095.2,Matched,,,,,,
6928,PAYMENT,36825.83,36825.83,Matched,,,,,,
6929,PAYMENT,1035.3,1035.3,Matched,,,,,,
6930,PAYMENT,16970.45,16970.45,Matched,,,,,,
6931,CASH_IN,189896.16,189896.16,Matched,,,,,,
6932,PAYMENT,7046.53,7046.53,Matched,,,,,,
6933,PAYMENT,1144.61,1144.61,Matched,,,,,,
6934,CASH_IN,49976.72,49976.72,Matched,,,,,,
6935,PAYMENT,14608.67,14608.67,Matched,,,,,,
6936,TRANSFER,761871.16,761871.16,Matched,,,,,,
6937,PAYMENT,10626.74,10626.74,Matched,,,,,,
6938,CASH_IN,299711.16,299711.16,Matched,,,,,,
6939,PAYMENT,2818.53,2818.53,Matched,,,,,,
6940,PAYMENT,3408.19,3408.19,Matched,,,,,,
6941,PAYMENT,7163.87,7163.87,Matched,,,,,,
6942,CASH_IN,68463.23,68463.23,Matched,,,,,,
6943,PAYMENT,16231.43,16231.43,Matched,,,,,,
6944,TRANSFER,905112.26,905112.26,Matched,,,,,,
6945,PAYMENT,9133.33,9133.33,Matched,,,,,,
6946,CASH_IN,348393.24,348393.24,Matched,,,,,,
6947,PAYMENT,1639.3,1639.3,Matched,,,,,,
6948,PAYMENT,3615.16,3615.16,Matched,,,,,,
6949,CASH_OUT,47097.56,47097.56,Matched,,,,,,
6950,PAYMENT,10420.26,10420.26,Matched,,,,,,
6951,CASH_IN,21666.76,21666.76,Matched,,,,,,
6952,CASH_OUT,112681.95,112681.95,Matched,,,,,,
6953,CASH_OUT,284467.43,284467.43,Matched,,,,,,
6954,PAYMENT,41.93,41.93,Matched,,,,,,
6955,CASH_IN,63588.85,63588.85,Matched,,,,,,
6956,PAYMENT,11877.65,11877.65,Matched,,,,,,
6957,CASH_OUT,559782.41,559782.41,Matched,,,,,,
6958,PAYMENT,2132.75,2132.75,Matched,,,,,,
6959,CASH_OUT,274475.45,274475.45,Matched,,,,,,
6960,PAYMENT,33857.1,33857.1,Matched,,,,,,
6961,PAYMENT,5711.32,5711.32,Matched,,,,,,
6962,PAYMENT,2694.66,2694.66,Matched,,,,,,
6963,PAYMENT,531.45,531.45,Matched,,,,,,
6964,CASH_OUT,181231.33,181231.33,Matched,,,,,,
6965,CASH_IN,284657.93,284657.93,Matched,,,,,,
6966,CASH_OUT,264351,264351,Matched,,,,,,
6967,PAYMENT,7463.22,7463.22,Matched,,,,,,
6968,CASH_OUT,193896.28,193896.28,Matched,,,,,,
6969,PAYMENT,9065.86,9065.86,Matched,,,,,,
6970,PAYMENT,6322.81,6322.81,Matched,,,,,,
6971,CASH_OUT,292220.17,292220.17,Matched,,,,,,
6972,CASH_IN,3732.98,3732.98,Matched,,,,,,
6973,PAYMENT,12672.81,12672.81,Matched,,,,,,
6974,CASH_IN,56151.12,56151.12,Matched,,,,,,
6975,CASH_OUT,102210.04,102210.04,Matched,,,,,,
6976,CASH_IN,51437.6,51437.6,Matched,,,,,,
6977,PAYMENT,5528.36,5528.36,Matched,,,,,,
6978,CASH_IN,6441.93,6441.93,Matched,,,,,,
6979,CASH_OUT,376400.31,376400.31,Matched,,,,,,
6980,CASH_IN,108259.9,108259.9,Matched,,,,,,
6981,TRANSFER,437415.9,437415.9,Matched,,,,,,
6982,CASH_IN,180870.42,180870.42,Matched,,,,,,
6983,CASH_OUT,273119.31,273119.31,Matched,,,,,,
6984,TRANSFER,837439.12,837439.12,Matched,,,,,,
6985,CASH_IN,138569.74,138569.74,Matched,,,,,,
6986,CASH_IN,177793.46,177793.46,Matched,,,,,,
6987,PAYMENT,17864.89,17864.89,Matched,,,,,,
6988,CASH_IN,117536.98,117536.98,Matched,,,,,,
6989,CASH_IN,403393.65,403393.65,Matched,,,,,,
6990,CASH_IN,29516.52,29516.52,Matched,,,,,,
6991,TRANSFER,542435.88,542435.88,Matched,,,,,,
6992,CASH_IN,374378.57,374378.57,Matched,,,,,,
6993,CASH_IN,20261.63,20261.63,Matched,,,,,,
6994,CASH_OUT,30918.53,30918.53,Matched,,,,,,
6995,CASH_IN,555921.6,555921.6,Matched,,,,,,
6996,CASH_OUT,97771.23,97771.23,Matched,,,,,,
6997,CASH_IN,61546.01,61546.01,Matched,,,,,,
6998,PAYMENT,12691.35,12691.35,Matched,,,,,,
6999,CASH_IN,399998.92,399998.92,Matched,,,,,,
7000,CASH_OUT,129717.52,129717.52,Matched,,,,,,
7001,CASH_IN,154735.14,154735.14,Matched,,,,,,
7002,PAYMENT,3790.42,3790.42,Matched,,,,,,
7003,CASH_IN,107588.94,107588.94,Matched,,,,,,
7004,PAYMENT,20452.81,20452.81,Matched,,,,,,
7005,PAYMENT,1966.5,1966.5,Matched,,,,,,
7006,CASH_IN,28266.24,28266.24,Matched,,,,,,
7007,CASH_IN,349084.96,349084.96,Matched,,,,,,
7008,PAYMENT,13407.42,13407.42,Matched,,,,,,
7009,PAYMENT,2627.97,2627.97,Matched,,,,,,
7010,CASH_IN,229651.1,229651.1,Matched,,,,,,
7011,CASH_IN,259049.85,259049.85,Matched,,,,,,
7012,PAYMENT,43728.01,43728.01,Matched,,,,,,
7013,CASH_IN,455846.84,455846.84,Matched,,,,,,
7014,CASH_IN,162410.51,162410.51,Matched,,,,,,
7015,PAYMENT,8953.88,8953.88,Matched,,,,,,
7016,CASH_IN,511779.03,511779.03,Matched,,,,,,
7017,CASH_IN,139209.07,139209.07,Matched,,,,,,
7018,TRANSFER,10224,10224,Matched,,,,,,
7019,CASH_IN,253489.92,253489.92,Matched,,,,,,
7020,CASH_IN,221584.67,221584.67,Matched,,,,,,
7021,CASH_OUT,10224,10224,Matched,,,,,,
7022,CASH_IN,341350.6,341350.6,Matched,,,,,,
7023,CASH_IN,33975.45,33975.45,Matched,,,,,,
7024,PAYMENT,25580.96,25580.96,Matched,,,,,,
7025,CASH_IN,410821.56,410821.56,Matched,,,,,,
7026,CASH_IN,189095.53,189095.53,Matched,,,,,,
7027,PAYMENT,18799.27,18799.27,Matched,,,,,,
7028,DEBIT,2411.42,2411.42,Matched,,,,,,
7029,CASH_IN,51696.89,51696.89,Matched,,,,,,
7030,PAYMENT,273.61,273.61,Matched,,,,,,
7031,CASH_IN,97173.8,97173.8,Matched,,,,,,
7032,CASH_IN,335389.99,335389.99,Matched,,,,,,
7033,PAYMENT,39268.73,39268.73,Matched,,,,,,
7034,CASH_IN,170656.02,170656.02,Matched,,,,,,
7035,CASH_OUT,3336.48,3336.48,Matched,,,,,,
7036,DEBIT,7374.81,7374.81,Matched,,,,,,
7037,CASH_IN,28747.1,28747.1,Matched,,,,,,
7038,CASH_IN,46644.73,46644.73,Matched,,,,,,
7039,CASH_OUT,252322.27,252322.27,Matched,,,,,,
7040,PAYMENT,1559.81,1559.81,Matched,,,,,,
7041,CASH_IN,258578.06,258578.06,Matched,,,,,,
7042,CASH_IN,17923.87,17923.87,Matched,,,,,,
7043,CASH_OUT,271308.11,271308.11,Matched,,,,,,
7044,PAYMENT,3626.07,3626.07,Matched,,,,,,
7045,CASH_IN,21865.49,21865.49,Matched,,,,,,
7046,CASH_IN,42874.29,42874.29,Matched,,,,,,
7047,CASH_OUT,560156.47,560156.47,Matched,,,,,,
7048,PAYMENT,7185.9,7185.9,Matched,,,,,,
7049,CASH_IN,25260.54,25260.54,Matched,,,,,,
7050,CASH_IN,276974.44,276974.44,Matched,,,,,,
7051,CASH_OUT,265115.26,265115.26,Matched,,,,,,
7052,TRANSFER,102145.81,102145.81,Matched,,,,,,
7053,CASH_IN,123551.62,123551.62,Matched,,,,,,
7054,CASH_OUT,160642.36,160642.36,Matched,,,,,,
7055,CASH_IN,187863.78,187863.78,Matched,,,,,,
7056,TRANSFER,330262.78,330262.78,Matched,,,,,,
7057,CASH_OUT,23691.12,23691.12,Matched,,,,,,
7058,CASH_IN,237456.97,237456.97,Matched,,,,,,
7059,PAYMENT,20669.8,20669.8,Matched,,,,,,
7060,CASH_OUT,24971.08,24971.08,Matched,,,,,,
7061,CASH_IN,32078.13,32078.13,Matched,,,,,,
7062,CASH_IN,88549.9,88549.9,Matched,,,,,,
7063,PAYMENT,2689.41,2689.41,Matched,,,,,,
7064,PAYMENT,6479.6,6479.6,Matched,,,,,,
7065,DEBIT,2226.78,2226.78,Matched,,,,,,
7066,CASH_IN,154372.69,154372.69,Matched,,,,,,
7067,PAYMENT,2455.08,2455.08,Matched,,,,,,
7068,PAYMENT,7712.29,7712.29,Matched,,,,,,
7069,CASH_IN,113859.94,113859.94,Matched,,,,,,
7070,TRANSFER,211207.36,211207.36,Matched,,,,,,
7071,PAYMENT,5554.61,5554.61,Matched,,,,,,
7072,CASH_IN,278369.25,278369.25,Matched,,,,,,
7073,TRANSFER,93296.5,93296.5,Matched,,,,,,
7074,PAYMENT,24963.89,24963.89,Matched,,,,,,
7075,PAYMENT,2247.29,2247.29,Matched,,,,,,
7076,CASH_IN,194642.4,194642.4,Matched,,,,,,
7077,PAYMENT,6853.5,6853.5,Matched,,,,,,
7078,PAYMENT,13203.01,13203.01,Matched,,,,,,
7079,CASH_IN,277447.82,277447.82,Matched,,,,,,
7080,PAYMENT,14703.98,14703.98,Matched,,,,,,
7081,TRANSFER,111691.03,111691.03,Matched,,,,,,
7082,CASH_IN,123601.07,123601.07,Matched,,,,,,
7083,TRANSFER,17320.91,17320.91,Matched,,,,,,
7084,CASH_OUT,343046.11,343046.11,Matched,,,,,,
7085,PAYMENT,3358.66,3358.66,Matched,,,,,,
7086,CASH_IN,299234.56,299234.56,Matched,,,,,,
7087,CASH_OUT,17320.91,17320.91,Matched,,,,,,
7088,PAYMENT,13048.61,13048.61,Matched,,,,,,
7089,CASH_OUT,4339.89,4339.89,Matched,,,,,,
7090,CASH_IN,20606.91,20606.91,Matched,,,,,,
7091,PAYMENT,14107.2,14107.2,Matched,,,,,,
7092,CASH_OUT,205908.12,205908.12,Matched,,,,,,
7093,PAYMENT,12294.76,12294.76,Matched,,,,,,
7094,CASH_IN,353210.38,353210.38,Matched,,,,,,
7095,PAYMENT,1813.39,1813.39,Matched,,,,,,
7096,CASH_IN,90206.82,90206.82,Matched,,,,,,
7097,PAYMENT,12091.12,12091.12,Matched,,,,,,
7098,PAYMENT,7515.48,7515.48,Matched,,,,,,
7099,CASH_IN,145697.63,145697.63,Matched,,,,,,
7100,PAYMENT,1620.17,1620.17,Matched,,,,,,
7101,PAYMENT,6920.66,6920.66,Matched,,,,,,
7102,CASH_IN,117372.63,117372.63,Matched,,,,,,
7103,PAYMENT,10364.69,10364.69,Matched,,,,,,
7104,CASH_IN,22883.86,22883.86,Matched,,,,,,
7105,TRANSFER,85354.69,85354.69,Matched,,,,,,
7106,CASH_IN,26775.37,26775.37,Matched,,,,,,
7107,PAYMENT,9621.65,9621.65,Matched,,,,,,
7108,CASH_OUT,85354.69,85354.69,Matched,,,,,,
7109,PAYMENT,5644.05,5644.05,Matched,,,,,,
7110,CASH_IN,228957.76,228957.76,Matched,,,,,,
7111,PAYMENT,14852.76,14852.76,Matched,,,,,,
7112,TRANSFER,17246,17246,Matched,,,,,,
7113,CASH_IN,276215.93,276215.93,Matched,,,,,,
7114,PAYMENT,1748.86,1748.86,Matched,,,,,,
7115,CASH_OUT,17246,17246,Matched,,,,,,
7116,CASH_IN,147303.27,147303.27,Matched,,,,,,
7117,PAYMENT,8257.29,8257.29,Matched,,,,,,
7118,PAYMENT,3559.83,3559.83,Matched,,,,,,
7119,CASH_IN,81947.39,81947.39,Matched,,,,,,
7120,PAYMENT,4680.12,4680.12,Matched,,,,,,
7121,PAYMENT,11587.52,11587.52,Matched,,,,,,
7122,PAYMENT,1221.33,1221.33,Matched,,,,,,
7123,PAYMENT,30051.02,30051.02,Matched,,,,,,
7124,PAYMENT,632.88,632.88,Matched,,,,,,
7125,PAYMENT,4286.24,4286.24,Matched,,,,,,
7126,PAYMENT,2962.06,2962.06,Matched,,,,,,
7127,TRANSFER,131062.59,131062.59,Matched,,,,,,
7128,PAYMENT,33114.03,33114.03,Matched,,,,,,
7129,CASH_OUT,181882.49,181882.49,Matched,,,,,,
7130,DEBIT,1167.94,1167.94,Matched,,,,,,
7131,PAYMENT,32379.76,32379.76,Matched,,,,,,
7132,PAYMENT,3764.45,3764.45,Matched,,,,,,
7133,CASH_OUT,77235.45,77235.45,Matched,,,,,,
7134,PAYMENT,24258.1,24258.1,Matched,,,,,,
7135,CASH_IN,39922.66,39922.66,Matched,,,,,,
7136,PAYMENT,3988.39,3988.39,Matched,,,,,,
7137,PAYMENT,2211.07,2211.07,Matched,,,,,,
7138,PAYMENT,8950.68,8950.68,Matched,,,,,,
7139,PAYMENT,824.63,824.63,Matched,,,,,,
7140,TRANSFER,301294.72,301294.72,Matched,,,,,,
7141,PAYMENT,21536.22,21536.22,Matched,,,,,,
7142,CASH_IN,234527.64,234527.64,Matched,,,,,,
7143,CASH_IN,160681.58,160681.58,Matched,,,,,,
7144,PAYMENT,3134.07,3134.07,Matched,,,,,,
7145,CASH_IN,908091.47,908091.47,Matched,,,,,,
7146,PAYMENT,5640.35,5640.35,Matched,,,,,,
7147,CASH_IN,357932.51,357932.51,Matched,,,,,,
7148,PAYMENT,9517.37,9517.37,Matched,,,,,,
7149,CASH_IN,214662.24,214662.24,Matched,,,,,,
7150,CASH_OUT,235783.84,235783.84,Matched,,,,,,
7151,CASH_IN,34511.23,34511.23,Matched,,,,,,
7152,PAYMENT,10986.65,10986.65,Matched,,,,,,
7153,CASH_IN,185741.02,185741.02,Matched,,,,,,
7154,CASH_IN,23303.97,23303.97,Matched,,,,,,
7155,PAYMENT,2326.67,2326.67,Matched,,,,,,
7156,CASH_IN,85766.59,85766.59,Matched,,,,,,
7157,PAYMENT,9455.4,9455.4,Matched,,,,,,
7158,CASH_IN,99504.49,99504.49,Matched,,,,,,
7159,CASH_OUT,242640.84,242640.84,Matched,,,,,,
7160,CASH_IN,201011.68,201011.68,Matched,,,,,,
7161,CASH_OUT,237752.47,237752.47,Matched,,,,,,
7162,CASH_IN,166686.78,166686.78,Matched,,,,,,
7163,CASH_OUT,86833.04,86833.04,Matched,,,,,,
7164,CASH_OUT,46873.46,46873.46,Matched,,,,,,
7165,CASH_IN,104695.79,104695.79,Matched,,,,,,
7166,CASH_OUT,102448.98,102448.98,Matched,,,,,,
7167,CASH_IN,306426.01,306426.01,Matched,,,,,,
7168,TRANSFER,38342.4,38342.4,Matched,,,,,,
7169,CASH_IN,85360.76,85360.76,Matched,,,,,,
7170,PAYMENT,19128.32,19128.32,Matched,,,,,,
7171,CASH_IN,19247.53,19247.53,Matched,,,,,,
7172,CASH_IN,141561.27,141561.27,Matched,,,,,,
7173,CASH_IN,42025.29,42025.29,Matched,,,,,,
7174,PAYMENT,18255.04,18255.04,Matched,,,,,,
7175,CASH_IN,159171.56,159171.56,Matched,,,,,,
7176,CASH_IN,206810.15,206810.15,Matched,,,,,,
7177,PAYMENT,17978.87,17978.87,Matched,,,,,,
7178,CASH_IN,173928.45,173928.45,Matched,,,,,,
7179,CASH_IN,25976.3,25976.3,Matched,,,,,,
7180,PAYMENT,1563.49,1563.49,Matched,,,,,,
7181,CASH_IN,324145.15,324145.15,Matched,,,,,,
7182,CASH_IN,117770.95,117770.95,Matched,,,,,,
7183,CASH_IN,75247.56,75247.56,Matched,,,,,,
7184,PAYMENT,8374.77,8374.77,Matched,,,,,,
7185,CASH_IN,162271.77,162271.77,Matched,,,,,,
7186,CASH_IN,40765.68,40765.68,Matched,,,,,,
7187,CASH_OUT,121722.45,121722.45,Matched,,,,,,
7188,CASH_IN,44264.07,44264.07,Matched,,,,,,
7189,CASH_IN,24638.55,24638.55,Matched,,,,,,
7190,PAYMENT,7202.15,7202.15,Matched,,,,,,
7191,PAYMENT,38778.04,38778.04,Matched,,,,,,
7192,CASH_IN,292307.46,292307.46,Matched,,,,,,
7193,PAYMENT,10784.52,10784.52,Matched,,,,,,
7194,PAYMENT,23248.88,23248.88,Matched,,,,,,
7195,PAYMENT,4663.37,4663.37,Matched,,,,,,
7196,CASH_IN,151301.14,151301.14,Matched,,,,,,
7197,DEBIT,2006.44,2006.44,Matched,,,,,,
7198,PAYMENT,749.05,749.05,Matched,,,,,,
7199,CASH_IN,343371.38,343371.38,Matched,,,,,,
7200,TRANSFER,234076.51,234076.51,Matched,,,,,,
7201,PAYMENT,20756.62,20756.62,Matched,,,,,,
7202,CASH_IN,8477.85,8477.85,Matched,,,,,,
7203,PAYMENT,10958.77,10958.77,Matched,,,,,,
7204,PAYMENT,16344.3,16344.3,Matched,,,,,,
7205,CASH_IN,400377.11,400377.11,Matched,,,,,,
7206,CASH_OUT,429539.78,429539.78,Matched,,,,,,
7207,PAYMENT,3051.36,3051.36,Matched,,,,,,
7208,CASH_OUT,117635.7,117635.7,Matched,,,,,,
7209,CASH_IN,204307.03,204307.03,Matched,,,,,,
7210,CASH_IN,56289.54,56289.54,Matched,,,,,,
7211,PAYMENT,3230.7,3230.7,Matched,,,,,,
7212,CASH_OUT,207013.89,207013.89,Matched,,,,,,
7213,CASH_IN,391209.48,391209.48,Matched,,,,,,
7214,CASH_IN,33919.56,33919.56,Matched,,,,,,
7215,CASH_OUT,116112.9,116112.9,Matched,,,,,,
7216,CASH_IN,369168.98,369168.98,Matched,,,,,,
7217,CASH_IN,302915.15,302915.15,Matched,,,,,,
7218,CASH_IN,116215.63,116215.63,Matched,,,,,,
7219,CASH_OUT,52950.04,52950.04,Matched,,,,,,
7220,CASH_IN,213765.78,213765.78,Matched,,,,,,
7221,CASH_IN,299261.26,299261.26,Matched,,,,,,
7222,CASH_OUT,254340.65,254340.65,Matched,,,,,,
7223,CASH_IN,241605.17,241605.17,Matched,,,,,,
7224,CASH_OUT,444533.15,444533.15,Matched,,,,,,
7225,PAYMENT,23861.38,23861.38,Matched,,,,,,
7226,CASH_OUT,180681.32,180681.32,Matched,,,,,,
7227,PAYMENT,4398.44,4398.44,Matched,,,,,,
7228,CASH_IN,340505.75,340505.75,Matched,,,,,,
7229,CASH_OUT,65655.35,65655.35,Matched,,,,,,
7230,TRANSFER,141189.81,141189.81,Matched,,,,,,
7231,CASH_IN,193558.01,193558.01,Matched,,,,,,
7232,CASH_OUT,231151.17,231151.17,Matched,,,,,,
7233,PAYMENT,6210.12,6210.12,Matched,,,,,,
7234,CASH_OUT,58470.79,58470.79,Matched,,,,,,
7235,PAYMENT,4759.68,4759.68,Matched,,,,,,
7236,CASH_OUT,42079.24,42079.24,Matched,,,,,,
7237,PAYMENT,41727.65,41727.65,Matched,,,,,,
7238,CASH_OUT,54395.2,54395.2,Matched,,,,,,
7239,CASH_OUT,173774.13,173774.13,Matched,,,,,,
7240,PAYMENT,19869.17,19869.17,Matched,,,,,,
7241,CASH_OUT,79602.79,79602.79,Matched,,,,,,
7242,CASH_OUT,59416.73,59416.73,Matched,,,,,,
7243,PAYMENT,31546.47,31546.47,Matched,,,,,,
7244,CASH_IN,271866.95,271866.95,Matched,,,,,,
7245,CASH_OUT,70587.22,70587.22,Matched,,,,,,
7246,PAYMENT,565.49,565.49,Matched,,,,,,
7247,PAYMENT,5718.98,5718.98,Matched,,,,,,
7248,CASH_OUT,278506.83,278506.83,Matched,,,,,,
7249,PAYMENT,2395.77,2395.77,Matched,,,,,,
7250,CASH_OUT,138373.64,138373.64,Matched,,,,,,
7251,PAYMENT,7749.22,7749.22,Matched,,,,,,
7252,PAYMENT,3107.72,3107.72,Matched,,,,,,
7253,PAYMENT,6864.68,6864.68,Matched,,,,,,
7254,PAYMENT,16362.86,16362.86,Matched,,,,,,
7255,CASH_OUT,359216.69,359216.69,Matched,,,,,,
7256,PAYMENT,19551.26,19551.26,Matched,,,,,,
7257,PAYMENT,336.05,336.05,Matched,,,,,,
7258,CASH_IN,103932.55,103932.55,Matched,,,,,,
7259,CASH_OUT,197648.26,197648.26,Matched,,,,,,
7260,PAYMENT,414.32,414.32,Matched,,,,,,
7261,PAYMENT,971.73,971.73,Matched,,,,,,
7262,PAYMENT,6779.67,6779.67,Matched,,,,,,
7263,PAYMENT,44660.63,44660.63,Matched,,,,,,
7264,PAYMENT,3544.17,3544.17,Matched,,,,,,
7265,PAYMENT,412.18,412.18,Matched,,,,,,
7266,PAYMENT,926.85,926.85,Matched,,,,,,
7267,PAYMENT,2780.75,2780.75,Matched,,,,,,
7268,PAYMENT,31108.12,31108.12,Matched,,,,,,
7269,PAYMENT,8844.72,8844.72,Matched,,,,,,
7270,PAYMENT,7466.06,7466.06,Matched,,,,,,
7271,PAYMENT,1935.26,1935.26,Matched,,,,,,
7272,PAYMENT,7955.58,7955.58,Matched,,,,,,
7273,PAYMENT,7769.72,7769.72,Matched,,,,,,
7274,PAYMENT,27690.45,27690.45,Matched,,,,,,
7275,PAYMENT,37887.08,37887.08,Matched,,,,,,
7276,CASH_IN,37603.83,37603.83,Matched,,,,,,
7277,PAYMENT,11771.65,11771.65,Matched,,,,,,
7278,PAYMENT,15033.16,15033.16,Matched,,,,,,
7279,PAYMENT,9173.09,9173.09,Matched,,,,,,
7280,PAYMENT,18861.09,18861.09,Matched,,,,,,
7281,TRANSFER,1242030.96,1242030.96,Matched,,,,,,
7282,TRANSFER,262301.96,262301.96,Matched,,,,,,
7283,PAYMENT,2214.56,2214.56,Matched,,,,,,
7284,PAYMENT,883.88,883.88,Matched,,,,,,
7285,PAYMENT,31211.8,31211.8,Matched,,,,,,
7286,PAYMENT,1309.91,1309.91,Matched,,,,,,
7287,CASH_OUT,268049.77,268049.77,Matched,,,,,,
7288,PAYMENT,3392.19,3392.19,Matched,,,,,,
7289,PAYMENT,9866.63,9866.63,Matched,,,,,,
7290,CASH_OUT,157442.78,157442.78,Matched,,,,,,
7291,PAYMENT,5501.57,5501.57,Matched,,,,,,
7292,PAYMENT,10330.01,10330.01,Matched,,,,,,
7293,PAYMENT,1593.64,1593.64,Matched,,,,,,
7294,PAYMENT,6382.5,6382.5,Matched,,,,,,
7295,PAYMENT,10536.99,10536.99,Matched,,,,,,
7296,CASH_OUT,158333.5,158333.5,Matched,,,,,,
7297,PAYMENT,17826.95,17826.95,Matched,,,,,,
7298,PAYMENT,12317.87,12317.87,Matched,,,,,,
7299,PAYMENT,10808.4,10808.4,Matched,,,,,,
7300,TRANSFER,13704,13704,Matched,,,,,,
7301,PAYMENT,9633.05,9633.05,Matched,,,,,,
7302,CASH_IN,468052.79,468052.79,Matched,,,,,,
7303,CASH_IN,519071.69,519071.69,Matched,,,,,,
7304,CASH_IN,439105.26,439105.26,Matched,,,,,,
7305,CASH_IN,223666.66,223666.66,Matched,,,,,,
7306,CASH_IN,193318.64,193318.64,Matched,,,,,,
7307,PAYMENT,2515.77,2515.77,Matched,,,,,,
7308,PAYMENT,7544.82,7544.82,Matched,,,,,,
7309,PAYMENT,3439.96,3439.96,Matched,,,,,,
7310,PAYMENT,12241.43,12241.43,Matched,,,,,,
7311,PAYMENT,2322.82,2322.82,Matched,,,,,,
7312,CASH_OUT,105091.11,105091.11,Matched,,,,,,
7313,PAYMENT,6585.38,6585.38,Matched,,,,,,
7314,PAYMENT,6664.42,6664.42,Matched,,,,,,
7315,PAYMENT,23513.69,23513.69,Matched,,,,,,
7316,CASH_OUT,13704,13704,Matched,,,,,,
7317,PAYMENT,6112.75,6112.75,Matched,,,,,,
7318,PAYMENT,4095.71,4095.71,Matched,,,,,,
7319,PAYMENT,2945.31,2945.31,Matched,,,,,,
7320,PAYMENT,15006.45,15006.45,Matched,,,,,,
7321,PAYMENT,1339.12,1339.12,Matched,,,,,,
7322,PAYMENT,27668.81,27668.81,Matched,,,,,,
7323,TRANSFER,129859.44,129859.44,Matched,,,,,,
7324,CASH_IN,227204.83,227204.83,Matched,,,,,,
7325,PAYMENT,18714.61,18714.61,Matched,,,,,,
7326,PAYMENT,2570.96,2570.96,Matched,,,,,,
7327,CASH_IN,213554.46,213554.46,Matched,,,,,,
7328,TRANSFER,312895.63,312895.63,Matched,,,,,,
7329,DEBIT,4163.28,4163.28,Matched,,,,,,
7330,CASH_IN,153124.3,153124.3,Matched,,,,,,
7331,PAYMENT,4411.9,4411.9,Matched,,,,,,
7332,CASH_IN,314929.23,314929.23,Matched,,,,,,
7333,CASH_IN,162902.6,162902.6,Matched,,,,,,
7334,PAYMENT,23492.26,23492.26,Matched,,,,,,
7335,TRANSFER,245997.24,245997.24,Matched,,,,,,
7336,CASH_IN,193980.81,193980.81,Matched,,,,,,
7337,PAYMENT,7426.32,7426.32,Matched,,,,,,
7338,CASH_IN,115440.53,115440.53,Matched,,,,,,
7339,PAYMENT,9282.83,9282.83,Matched,,,,,,
7340,TRANSFER,599342.88,599342.88,Matched,,,,,,
7341,CASH_IN,315210.66,315210.66,Matched,,,,,,
7342,PAYMENT,9023.63,9023.63,Matched,,,,,,
7343,PAYMENT,4607.26,4607.26,Matched,,,,,,
7344,CASH_IN,121981.71,121981.71,Matched,,,,,,
7345,PAYMENT,15973.19,15973.19,Matched,,,,,,
7346,CASH_IN,336410.5,336410.5,Matched,,,,,,
7347,TRANSFER,9738.48,9738.48,Matched,,,,,,
7348,CASH_IN,274903.54,274903.54,Matched,,,,,,
7349,PAYMENT,8500.77,8500.77,Matched,,,,,,
7350,PAYMENT,13266.85,13266.85,Matched,,,,,,
7351,CASH_IN,7818.14,7818.14,Matched,,,,,,
7352,PAYMENT,309.78,309.78,Matched,,,,,,
7353,CASH_OUT,77253.21,77253.21,Matched,,,,,,
7354,CASH_IN,70318.64,70318.64,Matched,,,,,,
7355,PAYMENT,13239.13,13239.13,Matched,,,,,,
7356,TRANSFER,360373.89,360373.89,Matched,,,,,,
7357,CASH_IN,395368.45,395368.45,Matched,,,,,,
7358,PAYMENT,1557.36,1557.36,Matched,,,,,,
7359,CASH_IN,35015.29,35015.29,Matched,,,,,,
7360,PAYMENT,9801.45,9801.45,Matched,,,,,,
7361,CASH_IN,140934.36,140934.36,Matched,,,,,,
7362,PAYMENT,3984.14,3984.14,Matched,,,,,,
7363,CASH_IN,80222.52,80222.52,Matched,,,,,,
7364,PAYMENT,2410.67,2410.67,Matched,,,,,,
7365,PAYMENT,5078.24,5078.24,Matched,,,,,,
7366,CASH_IN,439348.62,439348.62,Matched,,,,,,
7367,PAYMENT,17126.04,17126.04,Matched,,,,,,
7368,PAYMENT,1526.5,1526.5,Matched,,,,,,
7369,CASH_IN,182036.49,182036.49,Matched,,,,,,
7370,CASH_OUT,141917.76,141917.76,Matched,,,,,,
7371,CASH_IN,77816.36,77816.36,Matched,,,,,,
7372,PAYMENT,18747.29,18747.29,Matched,,,,,,
7373,PAYMENT,6624.39,6624.39,Matched,,,,,,
7374,CASH_IN,78369.94,78369.94,Matched,,,,,,
7375,PAYMENT,5248.34,5248.34,Matched,,,,,,
7376,PAYMENT,1194.51,1194.51,Matched,,,,,,
7377,PAYMENT,4944.21,4944.21,Matched,,,,,,
7378,CASH_IN,51260.1,51260.1,Matched,,,,,,
7379,TRANSFER,118404.75,118404.75,Matched,,,,,,
7380,PAYMENT,11933.67,11933.67,Matched,,,,,,
7381,CASH_IN,124646.3,124646.3,Matched,,,,,,
7382,CASH_IN,10781.11,10781.11,Matched,,,,,,
7383,CASH_OUT,75359.52,75359.52,Matched,,,,,,
7384,PAYMENT,2997.84,2997.84,Matched,,,,,,
7385,CASH_OUT,217460.33,217460.33,Matched,,,,,,
7386,PAYMENT,5624.78,5624.78,Matched,,,,,,
7387,CASH_OUT,123372.55,123372.55,Matched,,,,,,
7388,PAYMENT,9773.88,9773.88,Matched,,,,,,
7389,CASH_OUT,67787.89,67787.89,Matched,,,,,,
7390,PAYMENT,2693.26,2693.26,Matched,,,,,,
7391,PAYMENT,7826.37,7826.37,Matched,,,,,,
7392,PAYMENT,4798.8,4798.8,Matched,,,,,,
7393,CASH_IN,173696.06,173696.06,Matched,,,,,,
7394,PAYMENT,15258.14,15258.14,Matched,,,,,,
7395,PAYMENT,5756.56,5756.56,Matched,,,,,,
7396,PAYMENT,6356.01,6356.01,Matched,,,,,,
7397,PAYMENT,25404.53,25404.53,Matched,,,,,,
7398,PAYMENT,480.03,480.03,Matched,,,,,,
7399,PAYMENT,827.69,827.69,Matched,,,,,,
7400,PAYMENT,1538.51,1538.51,Matched,,,,,,
7401,CASH_OUT,141289.74,141289.74,Matched,,,,,,
7402,PAYMENT,5501.2,5501.2,Matched,,,,,,
7403,PAYMENT,8987.61,8987.61,Matched,,,,,,
7404,PAYMENT,10200.43,10200.43,Matched,,,,,,
7405,PAYMENT,35532.03,35532.03,Matched,,,,,,
7406,PAYMENT,14766.83,14766.83,Matched,,,,,,
7407,PAYMENT,9802.73,9802.73,Matched,,,,,,
7408,PAYMENT,16034.17,16034.17,Matched,,,,,,
7409,PAYMENT,10382.73,10382.73,Matched,,,,,,
7410,PAYMENT,9383.43,9383.43,Matched,,,,,,
7411,PAYMENT,13204.3,13204.3,Matched,,,,,,
7412,PAYMENT,10469.87,10469.87,Matched,,,,,,
7413,PAYMENT,5123.99,5123.99,Matched,,,,,,
7414,PAYMENT,21131.52,21131.52,Matched,,,,,,
7415,PAYMENT,16319.94,16319.94,Matched,,,,,,
7416,PAYMENT,5422.72,5422.72,Matched,,,,,,
7417,PAYMENT,5874.22,5874.22,Matched,,,,,,
7418,PAYMENT,34866.59,NULL,Missing from Bank,,,,,,
7419,PAYMENT,17978.68,17978.68,Matched,,,,,,
7420,PAYMENT,4854.86,4854.86,Matched,,,,,,
7421,PAYMENT,3679.63,3679.63,Matched,,,,,,
7422,PAYMENT,9230.32,9230.32,Matched,,,,,,
7423,PAYMENT,5238.34,5238.34,Matched,,,,,,
7424,CASH_OUT,259743.76,259743.76,Matched,,,,,,
7425,PAYMENT,1370.69,1370.69,Matched,,,,,,
7426,PAYMENT,2337.09,2337.09,Matched,,,,,,
7427,PAYMENT,12835.96,12835.96,Matched,,,,,,
7428,PAYMENT,10533.04,10533.04,Matched,,,,,,
7429,CASH_IN,135364.07,135364.07,Matched,,,,,,
7430,PAYMENT,1062.06,1062.06,Matched,,,,,,
7431,PAYMENT,285.59,285.59,Matched,,,,,,
7432,CASH_IN,372848.83,372848.83,Matched,,,,,,
7433,CASH_IN,182452.71,182452.71,Matched,,,,,,
7434,PAYMENT,4800.76,4800.76,Matched,,,,,,
7435,CASH_IN,66732.14,66732.14,Matched,,,,,,
7436,CASH_IN,172588.84,172588.84,Matched,,,,,,
7437,PAYMENT,10156,10156,Matched,,,,,,
7438,CASH_IN,273499.22,273499.22,Matched,,,,,,
7439,CASH_IN,212127.94,212127.94,Matched,,,,,,
7440,PAYMENT,9414.48,9414.48,Matched,,,,,,
7441,CASH_IN,529190.35,529190.35,Matched,,,,,,
7442,CASH_IN,267716.65,267716.65,Matched,,,,,,
7443,CASH_IN,193934.58,193934.58,Matched,,,,,,
7444,PAYMENT,2674.73,2674.73,Matched,,,,,,
7445,CASH_IN,140852.52,140852.52,Matched,,,,,,
7446,CASH_IN,186699.23,186699.23,Matched,,,,,,
7447,CASH_IN,23966.48,23966.48,Matched,,,,,,
7448,PAYMENT,1571.83,1571.83,Matched,,,,,,
7449,CASH_IN,137985.07,137985.07,Matched,,,,,,
7450,CASH_IN,276651.07,276651.07,Matched,,,,,,
7451,PAYMENT,1803.28,1803.28,Matched,,,,,,
7452,CASH_IN,207762.47,207762.47,Matched,,,,,,
7453,CASH_IN,231126.61,231126.61,Matched,,,,,,
7454,CASH_IN,101075.48,101075.48,Matched,,,,,,
7455,CASH_IN,249233.37,249233.37,Matched,,,,,,
7456,CASH_IN,282150.32,282150.32,Matched,,,,,,
7457,CASH_IN,44453.81,44453.81,Matched,,,,,,
7458,CASH_IN,154228.23,154228.23,Matched,,,,,,
7459,CASH_IN,245256.44,245256.44,Matched,,,,,,
7460,CASH_IN,225798.64,225798.64,Matched,,,,,,
7461,CASH_IN,26884.31,26884.31,Matched,,,,,,
7462,PAYMENT,3633.39,3633.39,Matched,,,,,,
7463,CASH_IN,194451.87,194451.87,Matched,,,,,,
7464,CASH_IN,33051.37,33051.37,Matched,,,,,,
7465,CASH_IN,64525.15,64525.15,Matched,,,,,,
7466,CASH_IN,185113.63,185113.63,Matched,,,,,,
7467,PAYMENT,4178.46,4178.46,Matched,,,,,,
7468,CASH_IN,39244.81,39244.81,Matched,,,,,,
7469,PAYMENT,4456.99,4456.99,Matched,,,,,,
7470,CASH_IN,250578.65,250578.65,Matched,,,,,,
7471,CASH_IN,49431.49,49431.49,Matched,,,,,,
7472,CASH_IN,374031.59,374031.59,Matched,,,,,,
7473,TRANSFER,400444.34,400444.34,Matched,,,,,,
7474,CASH_IN,245484.78,245484.78,Matched,,,,,,
7475,PAYMENT,4435.37,4435.37,Matched,,,,,,
7476,PAYMENT,930.18,930.18,Matched,,,,,,
7477,CASH_IN,21954.96,21954.96,Matched,,,,,,
7478,PAYMENT,10903.02,10903.02,Matched,,,,,,
7479,PAYMENT,218.27,218.27,Matched,,,,,,
7480,CASH_IN,868684.99,868684.99,Matched,,,,,,
7481,PAYMENT,6291.23,6291.23,Matched,,,,,,
7482,PAYMENT,1041.96,1041.96,Matched,,,,,,
7483,CASH_IN,29010.6,29010.6,Matched,,,,,,
7484,PAYMENT,2206.56,2206.56,Matched,,,,,,
7485,TRANSFER,451568.12,451568.12,Matched,,,,,,
7486,CASH_IN,14809.24,14809.24,Matched,,,,,,
7487,PAYMENT,5370.06,5370.06,Matched,,,,,,
7488,PAYMENT,3136.92,3136.92,Matched,,,,,,
7489,TRANSFER,104539.76,104539.76,Matched,,,,,,
7490,CASH_IN,97806.47,97806.47,Matched,,,,,,
7491,PAYMENT,8061.1,8061.1,Matched,,,,,,
7492,PAYMENT,5385.54,5385.54,Matched,,,,,,
7493,DEBIT,499.86,499.86,Matched,,,,,,
7494,PAYMENT,3866.19,3866.19,Matched,,,,,,
7495,PAYMENT,14439.4,14439.4,Matched,,,,,,
7496,PAYMENT,7706.46,7706.46,Matched,,,,,,
7497,PAYMENT,2865.64,2865.64,Matched,,,,,,
7498,CASH_OUT,178514.46,178514.46,Matched,,,,,,
7499,PAYMENT,599,599,Matched,,,,,,
7500,DEBIT,5418.64,5418.64,Matched,,,,,,
7501,CASH_IN,131892.09,131892.09,Matched,,,,,,
7502,TRANSFER,585116.33,585116.33,Matched,,,,,,
7503,TRANSFER,632361.53,632361.53,Matched,,,,,,
7504,PAYMENT,2136.5,2136.5,Matched,,,,,,
7505,PAYMENT,10229.88,10229.88,Matched,,,,,,
7506,TRANSFER,914938.38,914938.38,Matched,,,,,,
7507,PAYMENT,3005.72,3005.72,Matched,,,,,,
7508,TRANSFER,469688.29,469688.29,Matched,,,,,,
7509,CASH_IN,132499.75,132499.75,Matched,,,,,,
7510,TRANSFER,591464.21,591464.21,Matched,,,,,,
7511,PAYMENT,203.52,203.52,Matched,,,,,,
7512,CASH_IN,105860.8,105860.8,Matched,,,,,,
7513,PAYMENT,4411.68,4411.68,Matched,,,,,,
7514,TRANSFER,547982.86,547982.86,Matched,,,,,,
7515,PAYMENT,7939.48,7939.48,Matched,,,,,,
7516,PAYMENT,3535.08,3535.08,Matched,,,,,,
7517,PAYMENT,5610.22,5610.22,Matched,,,,,,
7518,PAYMENT,7548.35,7548.35,Matched,,,,,,
7519,PAYMENT,5565.73,5565.73,Matched,,,,,,
7520,DEBIT,1839.45,1839.45,Matched,,,,,,
7521,PAYMENT,967.31,967.31,Matched,,,,,,
7522,PAYMENT,2513.17,2513.17,Matched,,,,,,
7523,PAYMENT,7162.79,7162.79,Matched,,,,,,
7524,TRANSFER,10594.26,10594.26,Matched,,,,,,
7525,PAYMENT,24324.01,24324.01,Matched,,,,,,
7526,PAYMENT,14060.49,14060.49,Matched,,,,,,
7527,PAYMENT,5368.23,5368.23,Matched,,,,,,
7528,PAYMENT,10620.41,10620.41,Matched,,,,,,
7529,TRANSFER,740455.48,740455.48,Matched,,,,,,
7530,PAYMENT,7533.07,7533.07,Matched,,,,,,
7531,PAYMENT,12880.69,12880.69,Matched,,,,,,
7532,PAYMENT,4996.41,4996.41,Matched,,,,,,
7533,PAYMENT,651.54,651.54,Matched,,,,,,
7534,PAYMENT,8282.81,8282.81,Matched,,,,,,
7535,PAYMENT,20328.6,20328.6,Matched,,,,,,
7536,PAYMENT,5585.31,5585.31,Matched,,,,,,
7537,CASH_OUT,239692.36,237295.44,Amount Mismatch,,,,,,
7538,PAYMENT,35279.33,35279.33,Matched,,,,,,
7539,PAYMENT,3397.33,3397.33,Matched,,,,,,
7540,TRANSFER,77606.35,77606.35,Matched,,,,,,
7541,PAYMENT,276.04,276.04,Matched,,,,,,
7542,PAYMENT,3169.16,3169.16,Matched,,,,,,
7543,PAYMENT,7054.83,7054.83,Matched,,,,,,
7544,TRANSFER,363063.88,363063.88,Matched,,,,,,
7545,PAYMENT,8358.83,8358.83,Matched,,,,,,
7546,TRANSFER,85459.53,85459.53,Matched,,,,,,
7547,PAYMENT,2605.08,2605.08,Matched,,,,,,
7548,DEBIT,4270.25,4270.25,Matched,,,,,,
7549,PAYMENT,2320.65,2320.65,Matched,,,,,,
7550,PAYMENT,4908.85,4908.85,Matched,,,,,,
7551,PAYMENT,7624.65,7624.65,Matched,,,,,,
7552,PAYMENT,5733.09,5733.09,Matched,,,,,,
7553,PAYMENT,15969.13,15969.13,Matched,,,,,,
7554,PAYMENT,14441.29,14441.29,Matched,,,,,,
7555,CASH_OUT,38323.66,38323.66,Matched,,,,,,
7556,PAYMENT,2518.63,2518.63,Matched,,,,,,
7557,PAYMENT,10476.7,10476.7,Matched,,,,,,
7558,CASH_OUT,61922.54,61922.54,Matched,,,,,,
7559,PAYMENT,13517.94,13517.94,Matched,,,,,,
7560,PAYMENT,4603.71,4603.71,Matched,,,,,,
7561,PAYMENT,7925.72,7925.72,Matched,,,,,,
7562,PAYMENT,6163.43,6163.43,Matched,,,,,,
7563,PAYMENT,24034.28,24034.28,Matched,,,,,,
7564,PAYMENT,2375.97,2375.97,Matched,,,,,,
7565,PAYMENT,6951.07,6951.07,Matched,,,,,,
7566,PAYMENT,4270.36,4270.36,Matched,,,,,,
7567,PAYMENT,4630.4,4630.4,Matched,,,,,,
7568,PAYMENT,41749.41,41749.41,Matched,,,,,,
7569,CASH_OUT,47779.84,47779.84,Matched,,,,,,
7570,PAYMENT,1561.11,1561.11,Matched,,,,,,
7571,CASH_IN,197390.5,197390.5,Matched,,,,,,
7572,PAYMENT,14734.61,14734.61,Matched,,,,,,
7573,PAYMENT,4355.69,4355.69,Matched,,,,,,
7574,PAYMENT,12443.21,12443.21,Matched,,,,,,
7575,PAYMENT,3643.48,3643.48,Matched,,,,,,
7576,PAYMENT,3727.23,3727.23,Matched,,,,,,
7577,PAYMENT,17036.48,17036.48,Matched,,,,,,
7578,CASH_OUT,209202.05,209202.05,Matched,,,,,,
7579,PAYMENT,10.48,10.48,Matched,,,,,,
7580,PAYMENT,27888.72,27888.72,Matched,,,,,,
7581,PAYMENT,483.98,483.98,Matched,,,,,,
7582,PAYMENT,10131.78,10131.78,Matched,,,,,,
7583,PAYMENT,3417.61,3417.61,Matched,,,,,,
7584,PAYMENT,3214.67,3214.67,Matched,,,,,,
7585,PAYMENT,1713.7,1713.7,Matched,,,,,,
7586,PAYMENT,11611.66,11611.66,Matched,,,,,,
7587,PAYMENT,10558.24,10558.24,Matched,,,,,,
7588,PAYMENT,15116.37,15116.37,Matched,,,,,,
7589,PAYMENT,1847.37,1847.37,Matched,,,,,,
7590,PAYMENT,2878.68,2878.68,Matched,,,,,,
7591,PAYMENT,6849.71,6849.71,Matched,,,,,,
7592,TRANSFER,668885.18,668885.18,Matched,,,,,,
7593,CASH_OUT,105124.6,105124.6,Matched,,,,,,
7594,PAYMENT,15036.18,15036.18,Matched,,,,,,
7595,TRANSFER,411399.71,411399.71,Matched,,,,,,
7596,PAYMENT,5070.28,5070.28,Matched,,,,,,
7597,TRANSFER,121362.51,121362.51,Matched,,,,,,
7598,PAYMENT,6821.43,6821.43,Matched,,,,,,
7599,PAYMENT,2928.73,2928.73,Matched,,,,,,
7600,TRANSFER,328175.59,328175.59,Matched,,,,,,
7601,PAYMENT,3946.88,3946.88,Matched,,,,,,
7602,CASH_OUT,109261.69,109261.69,Matched,,,,,,
7603,PAYMENT,2910.53,2910.53,Matched,,,,,,
7604,CASH_OUT,5746.92,5746.92,Matched,,,,,,
7605,PAYMENT,12650.89,12650.89,Matched,,,,,,
7606,CASH_OUT,296590.49,296590.49,Matched,,,,,,
7607,PAYMENT,2519.4,2519.4,Matched,,,,,,
7608,CASH_OUT,62068.94,62068.94,Matched,,,,,,
7609,PAYMENT,14021.39,14021.39,Matched,,,,,,
7610,PAYMENT,9138.62,9138.62,Matched,,,,,,
7611,PAYMENT,8166.04,8166.04,Matched,,,,,,
7612,CASH_OUT,132361.54,132361.54,Matched,,,,,,
7613,PAYMENT,4796.19,4796.19,Matched,,,,,,
7614,CASH_OUT,150082.76,150082.76,Matched,,,,,,
7615,PAYMENT,9682,9682,Matched,,,,,,
7616,PAYMENT,3567.99,3567.99,Matched,,,,,,
7617,PAYMENT,15974.63,15974.63,Matched,,,,,,
7618,CASH_IN,288038.89,288038.89,Matched,,,,,,
7619,CASH_IN,355458.78,355458.78,Matched,,,,,,
7620,CASH_IN,116884.29,116884.29,Matched,,,,,,
7621,CASH_IN,43698.21,43698.21,Matched,,,,,,
7622,CASH_IN,316959.89,316959.89,Matched,,,,,,
7623,CASH_IN,47369.84,47369.84,Matched,,,,,,
7624,CASH_IN,146117.38,146117.38,Matched,,,,,,
7625,CASH_IN,45157.63,45157.63,Matched,,,,,,
7626,CASH_IN,111430.78,111430.78,Matched,,,,,,
7627,CASH_IN,158274.46,158274.46,Matched,,,,,,
7628,CASH_IN,94712.61,94712.61,Matched,,,,,,
7629,TRANSFER,27609.08,27609.08,Matched,,,,,,
7630,CASH_OUT,128549.2,128549.2,Matched,,,,,,
7631,CASH_IN,58292.75,58292.75,Matched,,,,,,
7632,PAYMENT,16906.09,16906.09,Matched,,,,,,
7633,CASH_IN,10256.2,10256.2,Matched,,,,,,
7634,PAYMENT,5689.82,5689.82,Matched,,,,,,
7635,CASH_IN,3433,3433,Matched,,,,,,
7636,PAYMENT,8309.37,8309.37,Matched,,,,,,
7637,CASH_IN,49378.84,49378.84,Matched,,,,,,
7638,PAYMENT,13870.79,13870.79,Matched,,,,,,
7639,PAYMENT,1149.98,1149.98,Matched,,,,,,
7640,CASH_OUT,206659.26,206659.26,Matched,,,,,,
7641,CASH_OUT,85736.76,85736.76,Matched,,,,,,
7642,CASH_IN,36773.05,36773.05,Matched,,,,,,
7643,CASH_OUT,120817.37,120817.37,Matched,,,,,,
7644,CASH_OUT,261651.77,261651.77,Matched,,,,,,
7645,CASH_IN,17488.73,17488.73,Matched,,,,,,
7646,CASH_OUT,291944.52,291944.52,Matched,,,,,,
7647,CASH_IN,217136.62,217136.62,Matched,,,,,,
7648,CASH_OUT,125312,125312,Matched,,,,,,
7649,CASH_IN,203443.12,203443.12,Matched,,,,,,
7650,CASH_OUT,367180.86,367180.86,Matched,,,,,,
7651,CASH_IN,497735.31,497735.31,Matched,,,,,,
7652,CASH_OUT,414678.51,414678.51,Matched,,,,,,
7653,CASH_IN,105342.59,105342.59,Matched,,,,,,
7654,CASH_OUT,171810.63,171810.63,Matched,,,,,,
7655,CASH_IN,166315.21,166315.21,Matched,,,,,,
7656,PAYMENT,7863.57,7863.57,Matched,,,,,,
7657,CASH_IN,443285.86,443285.86,Matched,,,,,,
7658,PAYMENT,8818.98,8818.98,Matched,,,,,,
7659,CASH_IN,107581.14,107581.14,Matched,,,,,,
7660,PAYMENT,9769.56,9769.56,Matched,,,,,,
7661,CASH_IN,24252.98,24252.98,Matched,,,,,,
7662,PAYMENT,7590.75,7590.75,Matched,,,,,,
7663,CASH_IN,180389.34,180389.34,Matched,,,,,,
7664,PAYMENT,3153.75,3153.75,Matched,,,,,,
7665,CASH_IN,27863.15,27863.15,Matched,,,,,,
7666,PAYMENT,17951.43,17951.43,Matched,,,,,,
7667,CASH_IN,101582.06,101582.06,Matched,,,,,,
7668,PAYMENT,8711.52,8711.52,Matched,,,,,,
7669,CASH_IN,223662.13,223662.13,Matched,,,,,,
7670,PAYMENT,12616.4,12616.4,Matched,,,,,,
7671,CASH_IN,119473.2,119473.2,Matched,,,,,,
7672,PAYMENT,8235.45,8235.45,Matched,,,,,,
7673,CASH_IN,57911.56,57911.56,Matched,,,,,,
7674,CASH_OUT,12375.97,12375.97,Matched,,,,,,
7675,CASH_IN,22459.28,22459.28,Matched,,,,,,
7676,PAYMENT,2328.84,2328.84,Matched,,,,,,
7677,CASH_IN,32185.19,32185.19,Matched,,,,,,
7678,PAYMENT,546.23,546.23,Matched,,,,,,
7679,CASH_IN,222204.07,222204.07,Matched,,,,,,
7680,PAYMENT,17352.02,17352.02,Matched,,,,,,
7681,CASH_IN,120410.76,120410.76,Matched,,,,,,
7682,PAYMENT,6856.57,6856.57,Matched,,,,,,
7683,CASH_IN,188878.92,188878.92,Matched,,,,,,
7684,PAYMENT,1910.23,1910.23,Matched,,,,,,
7685,CASH_IN,16774.9,16774.9,Matched,,,,,,
7686,TRANSFER,41664.88,41664.88,Matched,,,,,,
7687,CASH_IN,194628.84,194628.84,Matched,,,,,,
7688,TRANSFER,7828.57,7828.57,Matched,,,,,,
7689,CASH_IN,32564.14,32564.14,Matched,,,,,,
7690,CASH_OUT,462312.19,462312.19,Matched,,,,,,
7691,CASH_IN,29898.01,29898.01,Matched,,,,,,
7692,PAYMENT,5941.84,5941.84,Matched,,,,,,
7693,CASH_IN,146850.79,146850.79,Matched,,,,,,
7694,CASH_OUT,207998.16,207998.16,Matched,,,,,,
7695,CASH_IN,8893.16,8893.16,Matched,,,,,,
7696,PAYMENT,5810.61,5810.61,Matched,,,,,,
7697,CASH_IN,170422.95,170422.95,Matched,,,,,,
7698,CASH_OUT,192841.14,192841.14,Matched,,,,,,
7699,CASH_IN,147849.9,147849.9,Matched,,,,,,
7700,CASH_OUT,5871.44,5871.44,Matched,,,,,,
7701,CASH_IN,11587.98,11587.98,Matched,,,,,,
7702,PAYMENT,6551.14,6551.14,Matched,,,,,,
7703,CASH_IN,145667.12,145667.12,Matched,,,,,,
7704,PAYMENT,1284.56,1284.56,Matched,,,,,,
7705,CASH_IN,6970.58,6970.58,Matched,,,,,,
7706,TRANSFER,329937.9,329937.9,Matched,,,,,,
7707,CASH_IN,89533.09,89533.09,Matched,,,,,,
7708,PAYMENT,9455.05,9455.05,Matched,,,,,,
7709,CASH_IN,86072.98,86072.98,Matched,,,,,,
7710,PAYMENT,3326.56,3326.56,Matched,,,,,,
7711,CASH_IN,265361.44,265361.44,Matched,,,,,,
7712,CASH_IN,183992.49,183992.49,Matched,,,,,,
7713,PAYMENT,2391.85,2391.85,Matched,,,,,,
7714,CASH_IN,297162.61,297162.61,Matched,,,,,,
7715,PAYMENT,1074.55,1074.55,Matched,,,,,,
7716,CASH_IN,263566.2,263566.2,Matched,,,,,,
7717,DEBIT,5541.9,5541.9,Matched,,,,,,
7718,CASH_IN,65600.8,65600.8,Matched,,,,,,
7719,PAYMENT,5721.25,5721.25,Matched,,,,,,
7720,CASH_IN,230777.73,230777.73,Matched,,,,,,
7721,PAYMENT,553.84,553.84,Matched,,,,,,
7722,CASH_IN,79074.37,79074.37,Matched,,,,,,
7723,PAYMENT,845.59,845.59,Matched,,,,,,
7724,CASH_IN,476710.9,476710.9,Matched,,,,,,
7725,PAYMENT,11571.03,11571.03,Matched,,,,,,
7726,CASH_IN,269362.19,269362.19,Matched,,,,,,
7727,PAYMENT,6082.55,6082.55,Matched,,,,,,
7728,CASH_IN,231808.43,231808.43,Matched,,,,,,
7729,PAYMENT,15650.79,15650.79,Matched,,,,,,
7730,PAYMENT,7629.75,7629.75,Matched,,,,,,
7731,TRANSFER,159485.63,159485.63,Matched,,,,,,
7732,PAYMENT,3431.74,3431.74,Matched,,,,,,
7733,CASH_OUT,304316.59,304316.59,Matched,,,,,,
7734,DEBIT,2579.01,2579.01,Matched,,,,,,
7735,CASH_OUT,103305.97,103305.97,Matched,,,,,,
7736,PAYMENT,12351.68,12351.68,Matched,,,,,,
7737,TRANSFER,453605.59,453605.59,Matched,,,,,,
7738,TRANSFER,338961.93,338961.93,Matched,,,,,,
7739,PAYMENT,3580.42,3580.42,Matched,,,,,,
7740,PAYMENT,13071.27,13071.27,Matched,,,,,,
7741,CASH_OUT,383568.25,383568.25,Matched,,,,,,
7742,PAYMENT,9763.77,9763.77,Matched,,,,,,
7743,PAYMENT,2344.84,2344.84,Matched,,,,,,
7744,DEBIT,1476.27,1476.27,Matched,,,,,,
7745,PAYMENT,4913.94,4913.94,Matched,,,,,,
7746,PAYMENT,4230.69,4230.69,Matched,,,,,,
7747,PAYMENT,6059.38,6059.38,Matched,,,,,,
7748,TRANSFER,295474.84,295474.84,Matched,,,,,,
7749,PAYMENT,557.16,557.16,Matched,,,,,,
7750,PAYMENT,10827.23,10827.23,Matched,,,,,,
7751,PAYMENT,4335.19,4335.19,Matched,,,,,,
7752,PAYMENT,21230.26,21230.26,Matched,,,,,,
7753,PAYMENT,5594.04,5594.04,Matched,,,,,,
7754,TRANSFER,27755.35,27755.35,Matched,,,,,,
7755,CASH_OUT,101717.84,101717.84,Matched,,,,,,
7756,TRANSFER,874562.86,874562.86,Matched,,,,,,
7757,PAYMENT,2418.83,2418.83,Matched,,,,,,
7758,PAYMENT,1194.12,1194.12,Matched,,,,,,
7759,PAYMENT,9260.35,9260.35,Matched,,,,,,
7760,TRANSFER,692484.38,692484.38,Matched,,,,,,
7761,PAYMENT,3999.34,3999.34,Matched,,,,,,
7762,CASH_OUT,141427.48,141427.48,Matched,,,,,,
7763,TRANSFER,447478.26,447478.26,Matched,,,,,,
7764,PAYMENT,9299.31,9299.31,Matched,,,,,,
7765,PAYMENT,2504.15,2504.15,Matched,,,,,,
7766,PAYMENT,10115.13,10115.13,Matched,,,,,,
7767,PAYMENT,1495.79,1495.79,Matched,,,,,,
7768,PAYMENT,6022.93,6022.93,Matched,,,,,,
7769,TRANSFER,23553.39,23553.39,Matched,,,,,,
7770,PAYMENT,5941.42,5941.42,Matched,,,,,,
7771,CASH_OUT,269750.94,269750.94,Matched,,,,,,
7772,PAYMENT,7125.4,7125.4,Matched,,,,,,
7773,PAYMENT,6905.52,6905.52,Matched,,,,,,
7774,CASH_OUT,266061.33,266061.33,Matched,,,,,,
7775,PAYMENT,1820.34,1820.34,Matched,,,,,,
7776,TRANSFER,231564.18,231564.18,Matched,,,,,,
7777,PAYMENT,11226.69,11226.69,Matched,,,,,,
7778,TRANSFER,362349.62,362349.62,Matched,,,,,,
7779,PAYMENT,14440.44,14440.44,Matched,,,,,,
7780,TRANSFER,287284.26,287284.26,Matched,,,,,,
7781,PAYMENT,18745.74,18745.74,Matched,,,,,,
7782,PAYMENT,12489.85,12489.85,Matched,,,,,,
7783,PAYMENT,8170.1,8170.1,Matched,,,,,,
7784,PAYMENT,5218.64,5218.64,Matched,,,,,,
7785,PAYMENT,4702.01,4702.01,Matched,,,,,,
7786,PAYMENT,23532.24,23532.24,Matched,,,,,,
7787,PAYMENT,1519.45,1519.45,Matched,,,,,,
7788,PAYMENT,13337.69,13337.69,Matched,,,,,,
7789,PAYMENT,3036.06,3036.06,Matched,,,,,,
7790,PAYMENT,4493.34,4493.34,Matched,,,,,,
7791,PAYMENT,4259.68,4259.68,Matched,,,,,,
7792,PAYMENT,5693.58,5693.58,Matched,,,,,,
7793,PAYMENT,5435.84,5435.84,Matched,,,,,,
7794,PAYMENT,5672.3,5672.3,Matched,,,,,,
7795,PAYMENT,3232.99,3232.99,Matched,,,,,,
7796,PAYMENT,11109.58,11109.58,Matched,,,,,,
7797,PAYMENT,10110.26,10110.26,Matched,,,,,,
7798,CASH_OUT,391811.34,391811.34,Matched,,,,,,
7799,PAYMENT,16807.66,16807.66,Matched,,,,,,
7800,PAYMENT,7090.13,7090.13,Matched,,,,,,
7801,PAYMENT,7670.1,7670.1,Matched,,,,,,
7802,PAYMENT,160.54,160.54,Matched,,,,,,
7803,PAYMENT,16913.76,16913.76,Matched,,,,,,
7804,PAYMENT,5874.76,5874.76,Matched,,,,,,
7805,PAYMENT,2077.39,2077.39,Matched,,,,,,
7806,PAYMENT,15568.94,15568.94,Matched,,,,,,
7807,PAYMENT,4721.88,4721.88,Matched,,,,,,
7808,PAYMENT,12917.05,12917.05,Matched,,,,,,
7809,PAYMENT,6596.11,6596.11,Matched,,,,,,
7810,PAYMENT,10752.66,10752.66,Matched,,,,,,
7811,PAYMENT,13517.23,13517.23,Matched,,,,,,
7812,PAYMENT,6069.86,6069.86,Matched,,,,,,
7813,PAYMENT,11105.62,11105.62,Matched,,,,,,
7814,CASH_IN,141256.14,141256.14,Matched,,,,,,
7815,PAYMENT,405.9,405.9,Matched,,,,,,
7816,PAYMENT,2402.8,2402.8,Matched,,,,,,
7817,PAYMENT,15988.24,15988.24,Matched,,,,,,
7818,PAYMENT,2826.25,2826.25,Matched,,,,,,
7819,CASH_OUT,47855.19,47855.19,Matched,,,,,,
7820,CASH_OUT,193646.29,193646.29,Matched,,,,,,
7821,PAYMENT,17236.25,17236.25,Matched,,,,,,
7822,PAYMENT,6314.93,6314.93,Matched,,,,,,
7823,PAYMENT,823.23,823.23,Matched,,,,,,
7824,PAYMENT,6904.78,6904.78,Matched,,,,,,
7825,TRANSFER,1306489.06,1306489.06,Matched,,,,,,
7826,CASH_OUT,156103.3,156103.3,Matched,,,,,,
7827,CASH_IN,81624.34,81624.34,Matched,,,,,,
7828,TRANSFER,2576294.8,2576294.8,Matched,,,,,,
7829,PAYMENT,3206.32,3206.32,Matched,,,,,,
7830,TRANSFER,1675530.06,1675530.06,Matched,,,,,,
7831,CASH_OUT,65619.81,65619.81,Matched,,,,,,
7832,PAYMENT,548.52,548.52,Matched,,,,,,
7833,TRANSFER,1757588,1757588,Matched,,,,,,
7834,CASH_OUT,123472,123472,Matched,,,,,,
7835,PAYMENT,2494.55,2494.55,Matched,,,,,,
7836,TRANSFER,12717.38,12717.38,Matched,,,,,,
7837,CASH_OUT,32123.83,32123.83,Matched,,,,,,
7838,PAYMENT,19258.16,19258.16,Matched,,,,,,
7839,TRANSFER,553290,553290,Matched,,,,,,
7840,CASH_OUT,37027.98,37027.98,Matched,,,,,,
7841,PAYMENT,3064.28,3064.28,Matched,,,,,,
7842,TRANSFER,323892.84,323892.84,Matched,,,,,,
7843,TRANSFER,385674.22,385674.22,Matched,,,,,,
7844,CASH_OUT,125535.62,125535.62,Matched,,,,,,
7845,TRANSFER,1632164.9,1632164.9,Matched,,,,,,
7846,CASH_OUT,114355.57,114355.57,Matched,,,,,,
7847,CASH_OUT,227897.04,227897.04,Matched,,,,,,
7848,PAYMENT,3814.15,3814.15,Matched,,,,,,
7849,CASH_OUT,303393.13,303393.13,Matched,,,,,,
7850,PAYMENT,11887.32,11887.32,Matched,,,,,,
7851,CASH_OUT,50090.81,50090.81,Matched,,,,,,
7852,PAYMENT,8336.7,8336.7,Matched,,,,,,
7853,TRANSFER,334334.42,334334.42,Matched,,,,,,
7854,CASH_OUT,128353.55,128353.55,Matched,,,,,,
7855,PAYMENT,11856.98,11856.98,Matched,,,,,,
7856,PAYMENT,215.05,215.05,Matched,,,,,,
7857,CASH_OUT,191484.93,191484.93,Matched,,,,,,
7858,PAYMENT,16092.52,16092.52,Matched,,,,,,
7859,PAYMENT,6382.19,6382.19,Matched,,,,,,
7860,CASH_OUT,183655.61,183655.61,Matched,,,,,,
7861,CASH_IN,20439.44,20439.44,Matched,,,,,,
7862,TRANSFER,498910.36,498910.36,Matched,,,,,,
7863,CASH_OUT,290908.18,290908.18,Matched,,,,,,
7864,PAYMENT,6234.94,6234.94,Matched,,,,,,
7865,TRANSFER,1322921.3,1322921.3,Matched,,,,,,
7866,CASH_OUT,474349.67,474349.67,Matched,,,,,,
7867,CASH_OUT,6266.97,6266.97,Matched,,,,,,
7868,TRANSFER,1168723.46,1168723.46,Matched,,,,,,
7869,CASH_OUT,249361.32,249361.32,Matched,,,,,,
7870,CASH_OUT,16921.29,16921.29,Matched,,,,,,
7871,TRANSFER,423316.32,423316.32,Matched,,,,,,
7872,CASH_OUT,140215.27,140215.27,Matched,,,,,,
7873,CASH_OUT,294345.35,294345.35,Matched,,,,,,
7874,TRANSFER,428331.88,428331.88,Matched,,,,,,
7875,CASH_OUT,44265.45,44265.45,Matched,,,,,,
7876,PAYMENT,8448.99,8448.99,Matched,,,,,,
7877,TRANSFER,913805.64,913805.64,Matched,,,,,,
7878,CASH_OUT,328596.61,328596.61,Matched,,,,,,
7879,PAYMENT,3947.29,3947.29,Matched,,,,,,
7880,CASH_OUT,7203.57,7203.57,Matched,,,,,,
7881,PAYMENT,9895.37,9895.37,Matched,,,,,,
7882,TRANSFER,400589.96,400589.96,Matched,,,,,,
7883,TRANSFER,792727.79,792727.79,Matched,,,,,,
7884,PAYMENT,10350.66,10350.66,Matched,,,,,,
7885,TRANSFER,997659.79,997659.79,Matched,,,,,,
7886,PAYMENT,12054.47,12054.47,Matched,,,,,,
7887,TRANSFER,152351.18,152351.18,Matched,,,,,,
7888,PAYMENT,1841.69,1841.69,Matched,,,,,,
7889,CASH_OUT,204028.57,204028.57,Matched,,,,,,
7890,TRANSFER,611874.69,611874.69,Matched,,,,,,
7891,PAYMENT,1853.22,1853.22,Matched,,,,,,
7892,TRANSFER,391868.6,391868.6,Matched,,,,,,
7893,PAYMENT,6483.34,6483.34,Matched,,,,,,
7894,PAYMENT,1376.57,1376.57,Matched,,,,,,
7895,CASH_OUT,11006.68,11006.68,Matched,,,,,,
7896,CASH_OUT,139237.68,139237.68,Matched,,,,,,
7897,PAYMENT,1434.08,1434.08,Matched,,,,,,
7898,TRANSFER,1284837.02,1284837.02,Matched,,,,,,
7899,CASH_OUT,164890.89,164890.89,Matched,,,,,,
7900,CASH_OUT,248605.85,248605.85,Matched,,,,,,
7901,PAYMENT,5268.25,5268.25,Matched,,,,,,
7902,CASH_OUT,16181.01,16181.01,Matched,,,,,,
7903,PAYMENT,4566.06,4566.06,Matched,,,,,,
7904,CASH_OUT,116488,116488,Matched,,,,,,
7905,PAYMENT,11236.53,11236.53,Matched,,,,,,
7906,PAYMENT,4734.66,4734.66,Matched,,,,,,
7907,DEBIT,285.71,285.71,Matched,,,,,,
7908,PAYMENT,6228.16,6228.16,Matched,,,,,,
7909,PAYMENT,2813.84,2813.84,Matched,,,,,,
7910,PAYMENT,1839.63,1839.63,Matched,,,,,,
7911,PAYMENT,10283.64,10283.64,Matched,,,,,,
7912,CASH_IN,79069.17,79069.17,Matched,,,,,,
7913,PAYMENT,10089.51,10089.51,Matched,,,,,,
7914,PAYMENT,4096.05,4096.05,Matched,,,,,,
7915,CASH_OUT,13305.52,13305.52,Matched,,,,,,
7916,PAYMENT,5093.97,5093.97,Matched,,,,,,
7917,PAYMENT,3905.77,3905.77,Matched,,,,,,
7918,CASH_OUT,132516.81,132516.81,Matched,,,,,,
7919,PAYMENT,5807.09,5807.09,Matched,,,,,,
7920,PAYMENT,4079.46,4079.46,Matched,,,,,,
7921,CASH_OUT,208855.95,208855.95,Matched,,,,,,
7922,CASH_OUT,138456.64,138456.64,Matched,,,,,,
7923,CASH_OUT,129635.19,129635.19,Matched,,,,,,
7924,PAYMENT,6072.7,6072.7,Matched,,,,,,
7925,CASH_OUT,174535.28,174535.28,Matched,,,,,,
7926,PAYMENT,10777.16,10777.16,Matched,,,,,,
7927,CASH_OUT,14863.78,14863.78,Matched,,,,,,
7928,CASH_OUT,54504.93,54504.93,Matched,,,,,,
7929,PAYMENT,19591.87,19591.87,Matched,,,,,,
7930,CASH_OUT,90208.77,90208.77,Matched,,,,,,
7931,TRANSFER,518041.64,518041.64,Matched,,,,,,
7932,TRANSFER,161885.95,161885.95,Matched,,,,,,
7933,TRANSFER,375736.37,375736.37,Matched,,,,,,
7934,PAYMENT,14851.49,14851.49,Matched,,,,,,
7935,PAYMENT,777.86,777.86,Matched,,,,,,
7936,TRANSFER,1946101.41,1946101.41,Matched,,,,,,
7937,PAYMENT,11375.84,11375.84,Matched,,,,,,
7938,PAYMENT,15915.1,15915.1,Matched,,,,,,
7939,TRANSFER,128806.24,128806.24,Matched,,,,,,
7940,PAYMENT,53.51,53.51,Matched,,,,,,
7941,PAYMENT,12887.33,12887.33,Matched,,,,,,
7942,TRANSFER,717318.86,717318.86,Matched,,,,,,
7943,PAYMENT,9215.58,9215.58,Matched,,,,,,
7944,PAYMENT,3182.69,3182.69,Matched,,,,,,
7945,PAYMENT,9459.33,9459.33,Matched,,,,,,
7946,PAYMENT,1789.39,1789.39,Matched,,,,,,
7947,PAYMENT,3656.12,3656.12,Matched,,,,,,
7948,PAYMENT,8894.1,8894.1,Matched,,,,,,
7949,PAYMENT,9311.9,9311.9,Matched,,,,,,
7950,PAYMENT,1470.5,1470.5,Matched,,,,,,
7951,PAYMENT,6205.12,6205.12,Matched,,,,,,
7952,PAYMENT,2701.58,2701.58,Matched,,,,,,
7953,PAYMENT,3393.07,3393.07,Matched,,,,,,
7954,PAYMENT,8368.62,8368.62,Matched,,,,,,
7955,PAYMENT,11493.55,11493.55,Matched,,,,,,
7956,PAYMENT,8071.86,8071.86,Matched,,,,,,
7957,PAYMENT,9155.27,9155.27,Matched,,,,,,
7958,PAYMENT,12280.47,12280.47,Matched,,,,,,
7959,PAYMENT,7550.59,7550.59,Matched,,,,,,
7960,CASH_OUT,217084.88,217084.88,Matched,,,,,,
7961,PAYMENT,7105.09,7105.09,Matched,,,,,,
7962,PAYMENT,665.74,665.74,Matched,,,,,,
7963,TRANSFER,1170389.4,1170389.4,Matched,,,,,,
7964,CASH_OUT,84096.66,84096.66,Matched,,,,,,
7965,CASH_OUT,166347.32,166347.32,Matched,,,,,,
7966,TRANSFER,941502.27,941502.27,Matched,,,,,,
7967,CASH_OUT,200773.62,200773.62,Matched,,,,,,
7968,CASH_OUT,113261.2,113261.2,Matched,,,,,,
7969,DEBIT,3878.71,3878.71,Matched,,,,,,
7970,CASH_OUT,60467.94,60467.94,Matched,,,,,,
7971,CASH_IN,23557.42,23557.42,Matched,,,,,,
7972,CASH_OUT,133988.46,133988.46,Matched,,,,,,
7973,CASH_IN,240477.96,240477.96,Matched,,,,,,
7974,CASH_OUT,75157.07,75157.07,Matched,,,,,,
7975,TRANSFER,451044.54,451044.54,Matched,,,,,,
7976,CASH_OUT,114482.31,114482.31,Matched,,,,,,
7977,CASH_IN,123295.69,123295.69,Matched,,,,,,
7978,TRANSFER,2102252.96,2102252.96,Matched,,,,,,
7979,CASH_OUT,578580.68,578580.68,Matched,,,,,,
7980,CASH_IN,75237.76,75237.76,Matched,,,,,,
7981,TRANSFER,798540.41,798540.41,Matched,,,,,,
7982,CASH_OUT,4036.83,4036.83,Matched,,,,,,
7983,CASH_IN,32728.22,32728.22,Matched,,,,,,
7984,TRANSFER,558601.07,558601.07,Matched,,,,,,
7985,CASH_IN,611448.91,611448.91,Matched,,,,,,
7986,TRANSFER,261399.78,261399.78,Matched,,,,,,
7987,TRANSFER,1008022.35,1008022.35,Matched,,,,,,
7988,CASH_IN,17824.23,17824.23,Matched,,,,,,
7989,TRANSFER,237177.84,237177.84,Matched,,,,,,
7990,CASH_IN,469475.38,469475.38,Matched,,,,,,
7991,TRANSFER,185530.93,185530.93,Matched,,,,,,
7992,CASH_IN,31609.95,31609.95,Matched,,,,,,
7993,TRANSFER,819668.37,819668.37,Matched,,,,,,
7994,PAYMENT,8311.17,8311.17,Matched,,,,,,
7995,TRANSFER,436436.54,436436.54,Matched,,,,,,
7996,CASH_OUT,302560.42,302560.42,Matched,,,,,,
7997,TRANSFER,59453.13,59453.13,Matched,,,,,,
7998,PAYMENT,12731.99,12731.99,Matched,,,,,,
7999,TRANSFER,107226.8,107226.8,Matched,,,,,,
8000,PAYMENT,3807.3,3807.3,Matched,,,,,,
8001,PAYMENT,4133.41,4133.41,Matched,,,,,,
8002,TRANSFER,177107.38,177107.38,Matched,,,,,,
8003,TRANSFER,1685701.48,1685701.48,Matched,,,,,,
8004,CASH_OUT,75837.12,75837.12,Matched,,,,,,
8005,TRANSFER,194287.8,194287.8,Matched,,,,,,
8006,PAYMENT,21.49,21.49,Matched,,,,,,
8007,TRANSFER,123726.5,123726.5,Matched,,,,,,
8008,PAYMENT,17902.82,17902.82,Matched,,,,,,
8009,TRANSFER,809801.18,809801.18,Matched,,,,,,
8010,PAYMENT,4203.33,4203.33,Matched,,,,,,
8011,TRANSFER,93999.6,93999.6,Matched,,,,,,
8012,TRANSFER,91099.24,91099.24,Matched,,,,,,
8013,PAYMENT,10023.27,10023.27,Matched,,,,,,
8014,TRANSFER,48108.93,48108.93,Matched,,,,,,
8015,CASH_OUT,13025.29,13025.29,Matched,,,,,,
8016,TRANSFER,133544.47,133544.47,Matched,,,,,,
8017,PAYMENT,536.63,536.63,Matched,,,,,,
8018,TRANSFER,86923.76,86923.76,Matched,,,,,,
8019,PAYMENT,12697.33,12697.33,Matched,,,,,,
8020,TRANSFER,20671.86,NULL,Missing from Bank,,,,,,
8021,PAYMENT,9069.93,9069.93,Matched,,,,,,
8022,TRANSFER,44029.69,44029.69,Matched,,,,,,
8023,PAYMENT,9545.89,9545.89,Matched,,,,,,
8024,PAYMENT,3115.71,3115.71,Matched,,,,,,
8025,TRANSFER,1223547.78,1223547.78,Matched,,,,,,
8026,PAYMENT,8955.81,8955.81,Matched,,,,,,
8027,PAYMENT,18951.06,18951.06,Matched,,,,,,
8028,PAYMENT,15217.98,15217.98,Matched,,,,,,
8029,TRANSFER,232400.67,232400.67,Matched,,,,,,
8030,PAYMENT,551.48,551.48,Matched,,,,,,
8031,PAYMENT,930.35,930.35,Matched,,,,,,
8032,DEBIT,1847.63,1847.63,Matched,,,,,,
8033,PAYMENT,1146.54,1146.54,Matched,,,,,,
8034,PAYMENT,11899.28,11899.28,Matched,,,,,,
8035,CASH_OUT,134024.22,134024.22,Matched,,,,,,
8036,PAYMENT,4057.77,4057.77,Matched,,,,,,
8037,TRANSFER,548784.5,548784.5,Matched,,,,,,
8038,CASH_OUT,77565.79,77565.79,Matched,,,,,,
8039,CASH_OUT,226287.19,226287.19,Matched,,,,,,
8040,PAYMENT,43063.97,43063.97,Matched,,,,,,
8041,TRANSFER,487344.19,487344.19,Matched,,,,,,
8042,PAYMENT,8152.06,8152.06,Matched,,,,,,
8043,PAYMENT,4732.59,4732.59,Matched,,,,,,
8044,PAYMENT,8287.96,8287.96,Matched,,,,,,
8045,PAYMENT,3445.22,3445.22,Matched,,,,,,
8046,PAYMENT,3751.13,3751.13,Matched,,,,,,
8047,PAYMENT,8565.08,8565.08,Matched,,,,,,
8048,PAYMENT,8502.04,8502.04,Matched,,,,,,
8049,PAYMENT,11085.06,11085.06,Matched,,,,,,
8050,PAYMENT,7991.47,7911.56,Amount Mismatch,,,,,,
8051,PAYMENT,17992.53,17992.53,Matched,,,,,,
8052,PAYMENT,11496.9,11496.9,Matched,,,,,,
8053,PAYMENT,8336.62,8336.62,Matched,,,,,,
8054,PAYMENT,7781.9,7781.9,Matched,,,,,,
8055,CASH_OUT,259134.71,259134.71,Matched,,,,,,
8056,TRANSFER,251157.83,251157.83,Matched,,,,,,
8057,PAYMENT,22094.36,22094.36,Matched,,,,,,
8058,CASH_OUT,201063.22,201063.22,Matched,,,,,,
8059,PAYMENT,15883.71,15883.71,Matched,,,,,,
8060,DEBIT,3352.99,3352.99,Matched,,,,,,
8061,PAYMENT,2973.89,2973.89,Matched,,,,,,
8062,PAYMENT,22903.8,22903.8,Matched,,,,,,
8063,CASH_IN,56641.09,56641.09,Matched,,,,,,
8064,PAYMENT,4947.12,4947.12,Matched,,,,,,
8065,PAYMENT,14482.64,14482.64,Matched,,,,,,
8066,PAYMENT,22295.62,22295.62,Matched,,,,,,
8067,PAYMENT,4379.29,4379.29,Matched,,,,,,
8068,TRANSFER,371417.6,371417.6,Matched,,,,,,
8069,CASH_OUT,429567.2,429567.2,Matched,,,,,,
8070,PAYMENT,68824.38,68824.38,Matched,,,,,,
8071,PAYMENT,8333.67,8333.67,Matched,,,,,,
8072,PAYMENT,1278.75,1278.75,Matched,,,,,,
8073,PAYMENT,9778.97,9778.97,Matched,,,,,,
8074,PAYMENT,13303.29,13303.29,Matched,,,,,,
8075,PAYMENT,10757.28,10757.28,Matched,,,,,,
8076,PAYMENT,2499.7,2499.7,Matched,,,,,,
8077,PAYMENT,15349.39,15349.39,Matched,,,,,,
8078,PAYMENT,5203.51,5203.51,Matched,,,,,,
8079,TRANSFER,817307.46,817307.46,Matched,,,,,,
8080,PAYMENT,10137.76,10137.76,Matched,,,,,,
8081,PAYMENT,2446.2,2446.2,Matched,,,,,,
8082,PAYMENT,4658.88,4658.88,Matched,,,,,,
8083,PAYMENT,10573.69,10573.69,Matched,,,,,,
8084,CASH_OUT,331229.81,331229.81,Matched,,,,,,
8085,PAYMENT,9201.08,9201.08,Matched,,,,,,
8086,PAYMENT,4708.6,4708.6,Matched,,,,,,
8087,PAYMENT,6770.2,6770.2,Matched,,,,,,
8088,PAYMENT,5363.19,5363.19,Matched,,,,,,
8089,PAYMENT,17014.53,17014.53,Matched,,,,,,
8090,PAYMENT,5002.55,5002.55,Matched,,,,,,
8091,TRANSFER,160710.01,160710.01,Matched,,,,,,
8092,PAYMENT,5277.76,5277.76,Matched,,,,,,
8093,PAYMENT,14260.56,14260.56,Matched,,,,,,
8094,PAYMENT,7440.6,7440.6,Matched,,,,,,
8095,PAYMENT,3666.25,3666.25,Matched,,,,,,
8096,PAYMENT,5189.73,5189.73,Matched,,,,,,
8097,PAYMENT,8374.99,8374.99,Matched,,,,,,
8098,PAYMENT,1384.33,1384.33,Matched,,,,,,
8099,PAYMENT,1874.02,1874.02,Matched,,,,,,
8100,PAYMENT,1007.43,1007.43,Matched,,,,,,
8101,CASH_OUT,79043.83,79043.83,Matched,,,,,,
8102,CASH_IN,283263.79,283263.79,Matched,,,,,,
8103,PAYMENT,6919.03,6919.03,Matched,,,,,,
8104,PAYMENT,1952.41,1952.41,Matched,,,,,,
8105,CASH_OUT,175207.2,175207.2,Matched,,,,,,
8106,CASH_IN,237220.07,237220.07,Matched,,,,,,
8107,PAYMENT,382.59,382.59,Matched,,,,,,
8108,PAYMENT,5624.03,5624.03,Matched,,,,,,
8109,PAYMENT,2.39,2.39,Matched,,,,,,
8110,PAYMENT,594.83,594.83,Matched,,,,,,
8111,PAYMENT,6772.71,6772.71,Matched,,,,,,
8112,PAYMENT,2304.65,2304.65,Matched,,,,,,
8113,PAYMENT,3200.09,3200.09,Matched,,,,,,
8114,PAYMENT,8065.93,8065.93,Matched,,,,,,
8115,TRANSFER,1486199.17,1486199.17,Matched,,,,,,
8116,TRANSFER,226837.37,226837.37,Matched,,,,,,
8117,PAYMENT,12700.77,12700.77,Matched,,,,,,
8118,PAYMENT,6183.38,6183.38,Matched,,,,,,
8119,PAYMENT,6913.23,6913.23,Matched,,,,,,
8120,PAYMENT,9518.45,9518.45,Matched,,,,,,
8121,PAYMENT,2366.88,2366.88,Matched,,,,,,
8122,PAYMENT,3846.9,3846.9,Matched,,,,,,
8123,PAYMENT,6331.43,6331.43,Matched,,,,,,
8124,PAYMENT,7590.33,7590.33,Matched,,,,,,
8125,PAYMENT,4375.67,4375.67,Matched,,,,,,
8126,PAYMENT,6746.37,6746.37,Matched,,,,,,
8127,PAYMENT,7596.59,7596.59,Matched,,,,,,
8128,PAYMENT,1106.78,1106.78,Matched,,,,,,
8129,PAYMENT,19050.04,19050.04,Matched,,,,,,
8130,TRANSFER,420976.7,420976.7,Matched,,,,,,
8131,PAYMENT,2059.07,2059.07,Matched,,,,,,
8132,PAYMENT,2395.01,2395.01,Matched,,,,,,
8133,PAYMENT,1996.74,1996.74,Matched,,,,,,
8134,PAYMENT,219.68,219.68,Matched,,,,,,
8135,PAYMENT,1015.6,1015.6,Matched,,,,,,
8136,PAYMENT,34873.6,34873.6,Matched,,,,,,
8137,PAYMENT,1838.56,1838.56,Matched,,,,,,
8138,CASH_IN,281620.9,281620.9,Matched,,,,,,
8139,PAYMENT,9386.08,9386.08,Matched,,,,,,
8140,PAYMENT,5803.86,5803.86,Matched,,,,,,
8141,PAYMENT,12579.53,12579.53,Matched,,,,,,
8142,PAYMENT,10937.55,10937.55,Matched,,,,,,
8143,PAYMENT,45047.16,45047.16,Matched,,,,,,
8144,PAYMENT,44835.22,44835.22,Matched,,,,,,
8145,PAYMENT,6188.09,6188.09,Matched,,,,,,
8146,CASH_IN,165049.65,165049.65,Matched,,,,,,
8147,PAYMENT,4801.94,4801.94,Matched,,,,,,
8148,PAYMENT,13854.48,13854.48,Matched,,,,,,
8149,PAYMENT,7016.75,7016.75,Matched,,,,,,
8150,PAYMENT,4186.36,4186.36,Matched,,,,,,
8151,PAYMENT,16782.56,16782.56,Matched,,,,,,
8152,CASH_OUT,134103.27,134103.27,Matched,,,,,,
8153,PAYMENT,8144.35,8144.35,Matched,,,,,,
8154,PAYMENT,27007.74,27007.74,Matched,,,,,,
8155,PAYMENT,3788.13,3788.13,Matched,,,,,,
8156,CASH_OUT,65593.85,65593.85,Matched,,,,,,
8157,PAYMENT,4274.53,4274.53,Matched,,,,,,
8158,PAYMENT,7456.44,7456.44,Matched,,,,,,
8159,CASH_OUT,22346.99,22346.99,Matched,,,,,,
8160,PAYMENT,16525.68,16525.68,Matched,,,,,,
8161,TRANSFER,538645.8,538645.8,Matched,,,,,,
8162,CASH_OUT,397407.29,397407.29,Matched,,,,,,
8163,PAYMENT,14815.88,14815.88,Matched,,,,,,
8164,PAYMENT,6230.44,6230.44,Matched,,,,,,
8165,PAYMENT,4322.08,4322.08,Matched,,,,,,
8166,CASH_OUT,56543.95,56543.95,Matched,,,,,,
8167,PAYMENT,10669.29,10669.29,Matched,,,,,,
8168,PAYMENT,803.32,803.32,Matched,,,,,,
8169,PAYMENT,4672.36,4672.36,Matched,,,,,,
8170,CASH_OUT,498747.45,498747.45,Matched,,,,,,
8171,PAYMENT,973.96,973.96,Matched,,,,,,
8172,TRANSFER,57573.06,57573.06,Matched,,,,,,
8173,CASH_IN,130597.52,130597.52,Matched,,,,,,
8174,CASH_OUT,139484.1,139484.1,Matched,,,,,,
8175,PAYMENT,1294.8,1294.8,Matched,,,,,,
8176,CASH_OUT,256226.2,256226.2,Matched,,,,,,
8177,CASH_IN,143860.77,143860.77,Matched,,,,,,
8178,PAYMENT,11204.04,11204.04,Matched,,,,,,
8179,CASH_OUT,151940.71,151940.71,Matched,,,,,,
8180,PAYMENT,2490.82,2490.82,Matched,,,,,,
8181,PAYMENT,8869.78,8869.78,Matched,,,,,,
8182,PAYMENT,5893.04,5893.04,Matched,,,,,,
8183,PAYMENT,4041.77,4041.77,Matched,,,,,,
8184,PAYMENT,689.28,689.28,Matched,,,,,,
8185,PAYMENT,2018.64,2018.64,Matched,,,,,,
8186,PAYMENT,12157.95,12157.95,Matched,,,,,,
8187,PAYMENT,15933.16,15933.16,Matched,,,,,,
8188,PAYMENT,14914.14,14914.14,Matched,,,,,,
8189,TRANSFER,77911.42,77911.42,Matched,,,,,,
8190,PAYMENT,6855.46,6855.46,Matched,,,,,,
8191,PAYMENT,3209.51,3209.51,Matched,,,,,,
8192,PAYMENT,6094.01,6094.01,Matched,,,,,,
8193,CASH_IN,215497.06,215497.06,Matched,,,,,,
8194,PAYMENT,1283.84,1283.84,Matched,,,,,,
8195,PAYMENT,1147.41,1147.41,Matched,,,,,,
8196,CASH_OUT,47317.52,47317.52,Matched,,,,,,
8197,CASH_IN,189451.99,189451.99,Matched,,,,,,
8198,PAYMENT,3421.25,3421.25,Matched,,,,,,
8199,PAYMENT,5867.74,5867.74,Matched,,,,,,
8200,PAYMENT,8249.72,8249.72,Matched,,,,,,
8201,CASH_IN,263867.55,263867.55,Matched,,,,,,
8202,PAYMENT,18615.15,18615.15,Matched,,,,,,
8203,CASH_OUT,69954.85,69954.85,Matched,,,,,,
8204,CASH_IN,144948.36,144948.36,Matched,,,,,,
8205,PAYMENT,8251.07,8251.07,Matched,,,,,,
8206,CASH_OUT,233539.88,233539.88,Matched,,,,,,
8207,CASH_IN,272314.63,272314.63,Matched,,,,,,
8208,PAYMENT,5401.29,5401.29,Matched,,,,,,
8209,PAYMENT,4314.27,4314.27,Matched,,,,,,
8210,CASH_IN,336763.21,336763.21,Matched,,,,,,
8211,CASH_IN,164110.03,164110.03,Matched,,,,,,
8212,TRANSFER,328026.09,328026.09,Matched,,,,,,
8213,PAYMENT,2626.7,2626.7,Matched,,,,,,
8214,CASH_IN,442134.08,442134.08,Matched,,,,,,
8215,PAYMENT,5276.97,5276.97,Matched,,,,,,
8216,PAYMENT,3259.83,3259.83,Matched,,,,,,
8217,CASH_IN,116495.63,116495.63,Matched,,,,,,
8218,PAYMENT,6112.72,6112.72,Matched,,,,,,
8219,CASH_IN,106151.41,106151.41,Matched,,,,,,
8220,PAYMENT,4736.45,4736.45,Matched,,,,,,
8221,CASH_IN,83459,83459,Matched,,,,,,
8222,PAYMENT,4063.65,4063.65,Matched,,,,,,
8223,PAYMENT,5111.64,5111.64,Matched,,,,,,
8224,PAYMENT,809.43,809.43,Matched,,,,,,
8225,CASH_IN,136875.33,136875.33,Matched,,,,,,
8226,PAYMENT,6799.88,6799.88,Matched,,,,,,
8227,PAYMENT,406.26,406.26,Matched,,,,,,
8228,PAYMENT,323.16,323.16,Matched,,,,,,
8229,CASH_IN,138927.96,138927.96,Matched,,,,,,
8230,TRANSFER,221158.99,221158.99,Matched,,,,,,
8231,PAYMENT,14589.17,14589.17,Matched,,,,,,
8232,CASH_IN,309741.86,309741.86,Matched,,,,,,
8233,CASH_IN,93081.43,93081.43,Matched,,,,,,
8234,TRANSFER,255588.22,255588.22,Matched,,,,,,
8235,CASH_IN,88141.39,88141.39,Matched,,,,,,
8236,CASH_IN,39336.08,39336.08,Matched,,,,,,
8237,CASH_IN,210085.11,210085.11,Matched,,,,,,
8238,PAYMENT,12999.97,12999.97,Matched,,,,,,
8239,CASH_IN,370786.7,370786.7,Matched,,,,,,
8240,CASH_IN,201289.94,201289.94,Matched,,,,,,
8241,TRANSFER,412292.82,412292.82,Matched,,,,,,
8242,CASH_IN,710443.79,710443.79,Matched,,,,,,
8243,CASH_IN,225438.37,225438.37,Matched,,,,,,
8244,CASH_OUT,263470.87,263470.87,Matched,,,,,,
8245,CASH_IN,29091.31,29091.31,Matched,,,,,,
8246,CASH_IN,387222.06,387222.06,Matched,,,,,,
8247,PAYMENT,2486.24,2486.24,Matched,,,,,,
8248,CASH_IN,40685.1,40685.1,Matched,,,,,,
8249,CASH_IN,77220.41,77220.41,Matched,,,,,,
8250,CASH_IN,84367.69,84367.69,Matched,,,,,,
8251,CASH_IN,67833.45,67833.45,Matched,,,,,,
8252,CASH_IN,521813.61,521813.61,Matched,,,,,,
8253,PAYMENT,5728.21,5728.21,Matched,,,,,,
8254,CASH_IN,156704.19,156704.19,Matched,,,,,,
8255,CASH_IN,217950.88,217950.88,Matched,,,,,,
8256,PAYMENT,3333.34,3333.34,Matched,,,,,,
8257,CASH_IN,133997.01,133997.01,Matched,,,,,,
8258,CASH_IN,180187.9,180187.9,Matched,,,,,,
8259,CASH_IN,474739.89,474739.89,Matched,,,,,,
8260,PAYMENT,127.87,127.87,Matched,,,,,,
8261,CASH_IN,185715.77,185715.77,Matched,,,,,,
8262,CASH_IN,332258.01,332258.01,Matched,,,,,,
8263,CASH_OUT,131687.79,131687.79,Matched,,,,,,
8264,CASH_IN,416366.53,416366.53,Matched,,,,,,
8265,PAYMENT,14182.4,14182.4,Matched,,,,,,
8266,CASH_IN,257656.05,257656.05,Matched,,,,,,
8267,PAYMENT,5997.84,5997.84,Matched,,,,,,
8268,CASH_IN,314770.11,314770.11,Matched,,,,,,
8269,PAYMENT,2619.73,2619.73,Matched,,,,,,
8270,CASH_IN,85034.63,85034.63,Matched,,,,,,
8271,CASH_IN,444482.74,444482.74,Matched,,,,,,
8272,CASH_IN,19080.47,19080.47,Matched,,,,,,
8273,PAYMENT,12024.66,12024.66,Matched,,,,,,
8274,CASH_IN,207880.29,207880.29,Matched,,,,,,
8275,PAYMENT,11946.93,11946.93,Matched,,,,,,
8276,CASH_IN,104427.87,104427.87,Matched,,,,,,
8277,PAYMENT,10715.15,10715.15,Matched,,,,,,
8278,CASH_IN,523736.96,523736.96,Matched,,,,,,
8279,CASH_OUT,78749.2,78749.2,Matched,,,,,,
8280,CASH_IN,183861.9,183861.9,Matched,,,,,,
8281,PAYMENT,1856.11,1856.11,Matched,,,,,,
8282,CASH_IN,49565.82,49565.82,Matched,,,,,,
8283,PAYMENT,8350.49,8350.49,Matched,,,,,,
8284,CASH_IN,81967.65,81967.65,Matched,,,,,,
8285,PAYMENT,1303.15,1303.15,Matched,,,,,,
8286,PAYMENT,2388.79,2388.79,Matched,,,,,,
8287,CASH_IN,272493.95,272493.95,Matched,,,,,,
8288,CASH_IN,102072.07,102072.07,Matched,,,,,,
8289,CASH_OUT,84694.13,84694.13,Matched,,,,,,
8290,PAYMENT,8475.28,8475.28,Matched,,,,,,
8291,CASH_IN,45144.38,45144.38,Matched,,,,,,
8292,CASH_IN,69185.05,69185.05,Matched,,,,,,
8293,CASH_OUT,127520.73,127520.73,Matched,,,,,,
8294,CASH_IN,251239.53,251239.53,Matched,,,,,,
8295,PAYMENT,2359.89,2359.89,Matched,,,,,,
8296,CASH_OUT,77895.39,77895.39,Matched,,,,,,
8297,CASH_IN,123681.62,123681.62,Matched,,,,,,
8298,PAYMENT,7201.17,7201.17,Matched,,,,,,
8299,CASH_OUT,1388.54,1388.54,Matched,,,,,,
8300,CASH_IN,47412.4,47412.4,Matched,,,,,,
8301,CASH_IN,47599.58,47599.58,Matched,,,,,,
8302,CASH_OUT,265088.15,265088.15,Matched,,,,,,
8303,CASH_IN,22910.06,22910.06,Matched,,,,,,
8304,PAYMENT,17125.12,17125.12,Matched,,,,,,
8305,CASH_OUT,7538.7,7538.7,Matched,,,,,,
8306,PAYMENT,9099.13,9099.13,Matched,,,,,,
8307,PAYMENT,16981.52,16981.52,Matched,,,,,,
8308,CASH_OUT,55861.27,55861.27,Matched,,,,,,
8309,PAYMENT,4171.83,4171.83,Matched,,,,,,
8310,PAYMENT,2367.97,2367.97,Matched,,,,,,
8311,PAYMENT,20251.95,20251.95,Matched,,,,,,
8312,CASH_OUT,63166.8,63166.8,Matched,,,,,,
8313,PAYMENT,1698.43,1698.43,Matched,,,,,,
8314,PAYMENT,5014.22,5014.22,Matched,,,,,,
8315,PAYMENT,9586.99,9586.99,Matched,,,,,,
8316,PAYMENT,3149.64,3149.64,Matched,,,,,,
8317,PAYMENT,13684.75,13684.75,Matched,,,,,,
8318,CASH_IN,168865.24,168865.24,Matched,,,,,,
8319,PAYMENT,6291.93,6291.93,Matched,,,,,,
8320,CASH_IN,42273.58,42273.58,Matched,,,,,,
8321,PAYMENT,10704.2,10704.2,Matched,,,,,,
8322,CASH_IN,230553.47,230553.47,Matched,,,,,,
8323,PAYMENT,4073.2,4073.2,Matched,,,,,,
8324,CASH_IN,170689.79,170689.79,Matched,,,,,,
8325,PAYMENT,5656.37,5656.37,Matched,,,,,,
8326,CASH_IN,373377.64,373377.64,Matched,,,,,,
8327,PAYMENT,32605.51,32605.51,Matched,,,,,,
8328,PAYMENT,2682.82,2682.82,Matched,,,,,,
8329,PAYMENT,450.21,450.21,Matched,,,,,,
8330,CASH_IN,16589.84,16589.84,Matched,,,,,,
8331,PAYMENT,1269.98,1269.98,Matched,,,,,,
8332,PAYMENT,13443.71,13443.71,Matched,,,,,,
8333,CASH_OUT,343435.88,343435.88,Matched,,,,,,
8334,CASH_IN,391107.94,391107.94,Matched,,,,,,
8335,PAYMENT,9129.7,9129.7,Matched,,,,,,
8336,PAYMENT,594.18,594.18,Matched,,,,,,
8337,CASH_IN,193433.79,193433.79,Matched,,,,,,
8338,CASH_IN,198259.74,198259.74,Matched,,,,,,
8339,PAYMENT,5274.97,5274.97,Matched,,,,,,
8340,CASH_OUT,103928.78,103928.78,Matched,,,,,,
8341,PAYMENT,4931.8,4931.8,Matched,,,,,,
8342,CASH_IN,383903.55,383903.55,Matched,,,,,,
8343,PAYMENT,11774.37,11774.37,Matched,,,,,,
8344,TRANSFER,296833.68,296833.68,Matched,,,,,,
8345,PAYMENT,9906.29,9906.29,Matched,,,,,,
8346,CASH_IN,168494.53,168494.53,Matched,,,,,,
8347,PAYMENT,1926.79,1926.79,Matched,,,,,,
8348,PAYMENT,11695.85,11695.85,Matched,,,,,,
8349,PAYMENT,11586.8,11586.8,Matched,,,,,,
8350,CASH_IN,9258.63,9258.63,Matched,,,,,,
8351,PAYMENT,13176.82,13176.82,Matched,,,,,,
8352,CASH_OUT,341128.83,341128.83,Matched,,,,,,
8353,PAYMENT,3226.62,3226.62,Matched,,,,,,
8354,CASH_IN,157949.14,157949.14,Matched,,,,,,
8355,PAYMENT,14936.17,14936.17,Matched,,,,,,
8356,PAYMENT,2990.38,2990.38,Matched,,,,,,
8357,CASH_IN,73821.85,73821.85,Matched,,,,,,
8358,PAYMENT,1795.75,1795.75,Matched,,,,,,
8359,PAYMENT,16251.8,16251.8,Matched,,,,,,
8360,CASH_IN,109184.86,109184.86,Matched,,,,,,
8361,PAYMENT,1353.75,1353.75,Matched,,,,,,
8362,PAYMENT,5428.2,5428.2,Matched,,,,,,
8363,CASH_IN,187907.16,187907.16,Matched,,,,,,
8364,CASH_IN,68442.07,68442.07,Matched,,,,,,
8365,CASH_IN,93809.09,93809.09,Matched,,,,,,
8366,PAYMENT,5297.9,5297.9,Matched,,,,,,
8367,PAYMENT,10164.97,10164.97,Matched,,,,,,
8368,CASH_IN,56895.69,56895.69,Matched,,,,,,
8369,PAYMENT,6081.69,6081.69,Matched,,,,,,
8370,PAYMENT,1790.23,1790.23,Matched,,,,,,
8371,PAYMENT,170.96,170.96,Matched,,,,,,
8372,CASH_IN,171845.69,171845.69,Matched,,,,,,
8373,PAYMENT,5067.26,5067.26,Matched,,,,,,
8374,PAYMENT,131.97,131.97,Matched,,,,,,
8375,CASH_IN,648692.12,648692.12,Matched,,,,,,
8376,PAYMENT,4264.39,4264.39,Matched,,,,,,
8377,PAYMENT,1405.24,1405.24,Matched,,,,,,
8378,CASH_IN,29910.72,29910.72,Matched,,,,,,
8379,PAYMENT,6109.04,6109.04,Matched,,,,,,
8380,PAYMENT,738.07,738.07,Matched,,,,,,
8381,CASH_IN,69916.1,69916.1,Matched,,,,,,
8382,CASH_OUT,24050.25,24050.25,Matched,,,,,,
8383,CASH_IN,21599.4,21599.4,Matched,,,,,,
8384,TRANSFER,180599.7,180599.7,Matched,,,,,,
8385,PAYMENT,27334.38,27334.38,Matched,,,,,,
8386,TRANSFER,472132.78,472132.78,Matched,,,,,,
8387,CASH_IN,37048.22,37048.22,Matched,,,,,,
8388,TRANSFER,181896.67,181896.67,Matched,,,,,,
8389,PAYMENT,13223.51,13223.51,Matched,,,,,,
8390,PAYMENT,2752.29,2752.29,Matched,,,,,,
8391,CASH_IN,89141.18,89141.18,Matched,,,,,,
8392,PAYMENT,12640.76,12640.76,Matched,,,,,,
8393,TRANSFER,2222097.28,2222097.28,Matched,,,,,,
8394,PAYMENT,12102.76,12102.76,Matched,,,,,,
8395,CASH_IN,41303.17,41303.17,Matched,,,,,,
8396,DEBIT,1827.57,1827.57,Matched,,,,,,
8397,CASH_IN,123226.55,123226.55,Matched,,,,,,
8398,PAYMENT,4400.63,4400.63,Matched,,,,,,
8399,PAYMENT,10030.92,10030.92,Matched,,,,,,
8400,CASH_IN,16220.42,16220.42,Matched,,,,,,
8401,TRANSFER,34789.73,34789.73,Matched,,,,,,
8402,PAYMENT,8353.25,8353.25,Matched,,,,,,
8403,CASH_IN,85410.75,85410.75,Matched,,,,,,
8404,PAYMENT,8047,8047,Matched,,,,,,
8405,PAYMENT,8554.21,8554.21,Matched,,,,,,
8406,CASH_IN,200247.34,200247.34,Matched,,,,,,
8407,PAYMENT,6692.42,6692.42,Matched,,,,,,
8408,PAYMENT,8561.36,8561.36,Matched,,,,,,
8409,PAYMENT,2362.37,2362.37,Matched,,,,,,
8410,CASH_IN,170483.99,170483.99,Matched,,,,,,
8411,PAYMENT,4897.95,4897.95,Matched,,,,,,
8412,PAYMENT,4494.29,4494.29,Matched,,,,,,
8413,CASH_IN,111147.63,111147.63,Matched,,,,,,
8414,CASH_OUT,223690.38,223690.38,Matched,,,,,,
8415,TRANSFER,34987.81,34987.81,Matched,,,,,,
8416,CASH_IN,111324.2,111324.2,Matched,,,,,,
8417,PAYMENT,16636,16636,Matched,,,,,,
8418,CASH_IN,65228.2,65228.2,Matched,,,,,,
8419,PAYMENT,19860.3,19860.3,Matched,,,,,,
8420,CASH_IN,117158.12,117158.12,Matched,,,,,,
8421,CASH_OUT,530888.87,530888.87,Matched,,,,,,
8422,CASH_IN,107086.8,107086.8,Matched,,,,,,
8423,PAYMENT,11167.76,11167.76,Matched,,,,,,
8424,PAYMENT,14338.89,14338.89,Matched,,,,,,
8425,PAYMENT,3674.17,3674.17,Matched,,,,,,
8426,TRANSFER,445189.67,445189.67,Matched,,,,,,
8427,PAYMENT,3042.49,3042.49,Matched,,,,,,
8428,CASH_OUT,167410.09,167410.09,Matched,,,,,,
8429,PAYMENT,2427.57,2427.57,Matched,,,,,,
8430,PAYMENT,11771.68,11771.68,Matched,,,,,,
8431,PAYMENT,7298.21,7298.21,Matched,,,,,,
8432,CASH_OUT,94275.66,94275.66,Matched,,,,,,
8433,PAYMENT,7031.7,7031.7,Matched,,,,,,
8434,TRANSFER,137899.53,137899.53,Matched,,,,,,
8435,PAYMENT,4741.37,4741.37,Matched,,,,,,
8436,PAYMENT,635.12,635.12,Matched,,,,,,
8437,CASH_OUT,59189.32,59189.32,Matched,,,,,,
8438,PAYMENT,4602.77,4602.77,Matched,,,,,,
8439,PAYMENT,7672.76,7672.76,Matched,,,,,,
8440,PAYMENT,416.8,416.8,Matched,,,,,,
8441,PAYMENT,13128.66,13128.66,Matched,,,,,,
8442,PAYMENT,19607.97,19607.97,Matched,,,,,,
8443,PAYMENT,5662.97,5662.97,Matched,,,,,,
8444,CASH_OUT,255496.7,255496.7,Matched,,,,,,
8445,PAYMENT,136.37,136.37,Matched,,,,,,
8446,CASH_OUT,232784.28,232784.28,Matched,,,,,,
8447,CASH_IN,87046.13,87046.13,Matched,,,,,,
8448,DEBIT,4360.87,4360.87,Matched,,,,,,
8449,CASH_OUT,12837.77,12837.77,Matched,,,,,,
8450,CASH_IN,273252.15,273252.15,Matched,,,,,,
8451,PAYMENT,174.29,174.29,Matched,,,,,,
8452,PAYMENT,1497.25,1497.25,Matched,,,,,,
8453,CASH_IN,25300.21,25300.21,Matched,,,,,,
8454,CASH_OUT,147392.81,147392.81,Matched,,,,,,
8455,PAYMENT,14609.16,14609.16,Matched,,,,,,
8456,CASH_IN,227301.31,227301.31,Matched,,,,,,
8457,PAYMENT,2669.69,2669.69,Matched,,,,,,
8458,PAYMENT,5826.48,5826.48,Matched,,,,,,
8459,PAYMENT,16038.8,16038.8,Matched,,,,,,
8460,CASH_IN,157778.57,157778.57,Matched,,,,,,
8461,PAYMENT,8663.77,8663.77,Matched,,,,,,
8462,PAYMENT,14463.47,14463.47,Matched,,,,,,
8463,CASH_IN,149708.54,149708.54,Matched,,,,,,
8464,PAYMENT,2837.05,2837.05,Matched,,,,,,
8465,TRANSFER,216297.45,216297.45,Matched,,,,,,
8466,TRANSFER,1197991.95,1197991.95,Matched,,,,,,
8467,CASH_IN,22880.85,22880.85,Matched,,,,,,
8468,PAYMENT,7335.24,7335.24,Matched,,,,,,
8469,PAYMENT,4252.44,4252.44,Matched,,,,,,
8470,PAYMENT,7382.31,7382.31,Matched,,,,,,
8471,CASH_IN,47019.01,47019.01,Matched,,,,,,
8472,PAYMENT,4300.78,4300.78,Matched,,,,,,
8473,PAYMENT,2632.9,2632.9,Matched,,,,,,
8474,PAYMENT,9280.72,9280.72,Matched,,,,,,
8475,CASH_IN,10210.72,10210.72,Matched,,,,,,
8476,TRANSFER,335362.53,335412.53,Amount Mismatch,,,,,,
8477,PAYMENT,4738.28,4738.28,Matched,,,,,,
8478,CASH_IN,159219.3,159219.3,Matched,,,,,,
8479,PAYMENT,15918.62,15918.62,Matched,,,,,,
8480,PAYMENT,1483.31,1483.31,Matched,,,,,,
8481,PAYMENT,9325.37,9325.37,Matched,,,,,,
8482,CASH_IN,43573.75,43573.75,Matched,,,,,,
8483,PAYMENT,3774.03,3774.03,Matched,,,,,,
8484,PAYMENT,7744.38,7744.38,Matched,,,,,,
8485,CASH_OUT,239781.45,239781.45,Matched,,,,,,
8486,CASH_IN,138323.26,138323.26,Matched,,,,,,
8487,PAYMENT,7262.43,7262.43,Matched,,,,,,
8488,PAYMENT,8000.09,8000.09,Matched,,,,,,
8489,CASH_OUT,256193.3,256193.3,Matched,,,,,,
8490,CASH_IN,87674.24,87674.24,Matched,,,,,,
8491,CASH_IN,77391.31,77391.31,Matched,,,,,,
8492,TRANSFER,608944.62,608944.62,Matched,,,,,,
8493,CASH_OUT,307111.99,307111.99,Matched,,,,,,
8494,CASH_IN,210269.66,210269.66,Matched,,,,,,
8495,PAYMENT,5579.16,5579.16,Matched,,,,,,
8496,CASH_OUT,585853.28,585853.28,Matched,,,,,,
8497,CASH_IN,89913.16,89913.16,Matched,,,,,,
8498,PAYMENT,5744.47,5744.47,Matched,,,,,,
8499,CASH_OUT,211258.63,211258.63,Matched,,,,,,
8500,TRANSFER,359325.17,359325.17,Matched,,,,,,
8501,PAYMENT,5507.6,5507.6,Matched,,,,,,
8502,TRANSFER,1174893.26,1174893.26,Matched,,,,,,
8503,CASH_OUT,276036.61,276036.61,Matched,,,,,,
8504,PAYMENT,8290.76,8290.76,Matched,,,,,,
8505,TRANSFER,941410.58,941410.58,Matched,,,,,,
8506,TRANSFER,249943.5,249943.5,Matched,,,,,,
8507,CASH_OUT,92754.39,92754.39,Matched,,,,,,
8508,PAYMENT,2253.07,2253.07,Matched,,,,,,
8509,PAYMENT,1842.71,1842.71,Matched,,,,,,
8510,CASH_OUT,488632.1,488632.1,Matched,,,,,,
8511,TRANSFER,1664987.6,1664987.6,Matched,,,,,,
8512,PAYMENT,3262.18,3262.18,Matched,,,,,,
8513,PAYMENT,15171.58,15171.58,Matched,,,,,,
8514,CASH_OUT,93077,93077,Matched,,,,,,
8515,TRANSFER,1236739.5,1236739.5,Matched,,,,,,
8516,PAYMENT,3830.42,3830.42,Matched,,,,,,
8517,PAYMENT,1399.07,1399.07,Matched,,,,,,
8518,TRANSFER,234734.39,234734.39,Matched,,,,,,
8519,TRANSFER,572028.89,572028.89,Matched,,,,,,
8520,PAYMENT,19203.29,19203.29,Matched,,,,,,
8521,PAYMENT,11239.89,11239.89,Matched,,,,,,
8522,PAYMENT,2162.91,2162.91,Matched,,,,,,
8523,TRANSFER,1532087.16,1532087.16,Matched,,,,,,
8524,PAYMENT,54.35,54.35,Matched,,,,,,
8525,TRANSFER,149478.58,149478.58,Matched,,,,,,
8526,PAYMENT,7456.1,7456.1,Matched,,,,,,
8527,TRANSFER,294581.69,294581.69,Matched,,,,,,
8528,PAYMENT,9177.19,9177.19,Matched,,,,,,
8529,DEBIT,4213.82,4213.82,Matched,,,,,,
8530,PAYMENT,1601.61,1601.61,Matched,,,,,,
8531,TRANSFER,16639.07,16639.07,Matched,,,,,,
8532,TRANSFER,126588.51,126588.51,Matched,,,,,,
8533,PAYMENT,6998.25,6998.25,Matched,,,,,,
8534,TRANSFER,675184.96,675184.96,Matched,,,,,,
8535,TRANSFER,40108.55,40108.55,Matched,,,,,,
8536,PAYMENT,8251.18,8251.18,Matched,,,,,,
8537,PAYMENT,3317.5,3317.5,Matched,,,,,,
8538,PAYMENT,7285.45,7285.45,Matched,,,,,,
8539,TRANSFER,130712.08,130712.08,Matched,,,,,,
8540,TRANSFER,253181.89,253181.89,Matched,,,,,,
8541,PAYMENT,9250.16,9250.16,Matched,,,,,,
8542,TRANSFER,767924,767924,Matched,,,,,,
8543,TRANSFER,397080.05,397080.05,Matched,,,,,,
8544,TRANSFER,297193.49,297193.49,Matched,,,,,,
8545,TRANSFER,179180.78,179180.78,Matched,,,,,,
8546,TRANSFER,1465989.27,1465989.27,Matched,,,,,,
8547,TRANSFER,442422.28,442422.28,Matched,,,,,,
8548,PAYMENT,68.09,68.09,Matched,,,,,,
8549,TRANSFER,490606.82,490606.82,Matched,,,,,,
8550,CASH_OUT,11461.85,11461.85,Matched,,,,,,
8551,PAYMENT,5785.53,5785.53,Matched,,,,,,
8552,PAYMENT,3263.66,3263.66,Matched,,,,,,
8553,PAYMENT,2533.81,2533.81,Matched,,,,,,
8554,CASH_OUT,60329.37,60329.37,Matched,,,,,,
8555,PAYMENT,7735.32,7735.32,Matched,,,,,,
8556,CASH_OUT,45311.22,45311.22,Matched,,,,,,
8557,CASH_OUT,253387.93,253387.93,Matched,,,,,,
8558,PAYMENT,4972.49,4972.49,Matched,,,,,,
8559,PAYMENT,10264.83,10264.83,Matched,,,,,,
8560,DEBIT,1970.73,1970.73,Matched,,,,,,
8561,CASH_OUT,103041.57,103041.57,Matched,,,,,,
8562,PAYMENT,38.92,38.92,Matched,,,,,,
8563,PAYMENT,10024.27,10024.27,Matched,,,,,,
8564,CASH_OUT,41693.6,41693.6,Matched,,,,,,
8565,CASH_OUT,72244.19,72244.19,Matched,,,,,,
8566,PAYMENT,8521.16,8521.16,Matched,,,,,,
8567,TRANSFER,1123213.77,1123213.77,Matched,,,,,,
8568,PAYMENT,2329.92,2329.92,Matched,,,,,,
8569,CASH_OUT,329109.11,329109.11,Matched,,,,,,
8570,PAYMENT,2498.82,2498.82,Matched,,,,,,
8571,PAYMENT,3805.94,3805.94,Matched,,,,,,
8572,CASH_OUT,288884.1,288884.1,Matched,,,,,,
8573,CASH_OUT,140231.37,140231.37,Matched,,,,,,
8574,TRANSFER,787766.57,787766.57,Matched,,,,,,
8575,PAYMENT,2638.93,2638.93,Matched,,,,,,
8576,PAYMENT,2974.37,2974.37,Matched,,,,,,
8577,CASH_OUT,166504.74,166504.74,Matched,,,,,,
8578,PAYMENT,13979.52,13979.52,Matched,,,,,,
8579,PAYMENT,7033.55,7033.55,Matched,,,,,,
8580,CASH_OUT,105316.57,105316.57,Matched,,,,,,
8581,PAYMENT,3285.43,3285.43,Matched,,,,,,
8582,PAYMENT,4219.8,4219.8,Matched,,,,,,
8583,CASH_OUT,10754.33,10754.33,Matched,,,,,,
8584,PAYMENT,6166.59,6166.59,Matched,,,,,,
8585,PAYMENT,6786.69,6786.69,Matched,,,,,,
8586,CASH_OUT,315257.69,315257.69,Matched,,,,,,
8587,PAYMENT,890.64,890.64,Matched,,,,,,
8588,PAYMENT,28085.91,28085.91,Matched,,,,,,
8589,PAYMENT,3597.59,3597.59,Matched,,,,,,
8590,CASH_OUT,177159.82,177159.82,Matched,,,,,,
8591,PAYMENT,2944.03,2944.03,Matched,,,,,,
8592,TRANSFER,840288.07,840288.07,Matched,,,,,,
8593,CASH_OUT,156151.52,156151.52,Matched,,,,,,
8594,PAYMENT,24936.23,24936.23,Matched,,,,,,
8595,PAYMENT,6983.25,6983.25,Matched,,,,,,
8596,CASH_OUT,109654.05,109654.05,Matched,,,,,,
8597,PAYMENT,12186.86,12186.86,Matched,,,,,,
8598,DEBIT,3168.21,3168.21,Matched,,,,,,
8599,CASH_OUT,309043.71,309043.71,Matched,,,,,,
8600,PAYMENT,2981.14,2981.14,Matched,,,,,,
8601,CASH_IN,223803.19,223803.19,Matched,,,,,,
8602,PAYMENT,6323.42,6323.42,Matched,,,,,,
8603,CASH_OUT,109247.89,109247.89,Matched,,,,,,
8604,PAYMENT,11107.59,11107.59,Matched,,,,,,
8605,CASH_IN,318962.57,318962.57,Matched,,,,,,
8606,TRANSFER,1103184.69,1103184.69,Matched,,,,,,
8607,CASH_OUT,191490.24,191490.24,Matched,,,,,,
8608,PAYMENT,10445.05,10445.05,Matched,,,,,,
8609,CASH_IN,341269.92,341269.92,Matched,,,,,,
8610,PAYMENT,15051.54,15051.54,Matched,,,,,,
8611,CASH_OUT,140158.67,140158.67,Matched,,,,,,
8612,PAYMENT,10311.31,10311.31,Matched,,,,,,
8613,CASH_IN,116822.62,116822.62,Matched,,,,,,
8614,TRANSFER,1094308.58,1094308.58,Matched,,,,,,
8615,CASH_OUT,126714.16,126714.16,Matched,,,,,,
8616,CASH_IN,543093.48,543093.48,Matched,,,,,,
8617,TRANSFER,192197.94,192197.94,Matched,,,,,,
8618,CASH_OUT,47819.39,47819.39,Matched,,,,,,
8619,CASH_IN,181623.29,181623.29,Matched,,,,,,
8620,PAYMENT,4838.62,4838.62,Matched,,,,,,
8621,CASH_OUT,78023.16,78023.16,Matched,,,,,,
8622,CASH_OUT,55230.19,55230.19,Matched,,,,,,
8623,CASH_IN,25646.09,25646.09,Matched,,,,,,
8624,TRANSFER,356342.94,356342.94,Matched,,,,,,
8625,CASH_OUT,123522.3,123522.3,Matched,,,,,,
8626,CASH_IN,33034.11,33034.11,Matched,,,,,,
8627,PAYMENT,7716.74,7716.74,Matched,,,,,,
8628,CASH_OUT,281934.86,281934.86,Matched,,,,,,
8629,CASH_IN,343183.45,343183.45,Matched,,,,,,
8630,CASH_OUT,261370.99,261370.99,Matched,,,,,,
8631,PAYMENT,6158.36,6158.36,Matched,,,,,,
8632,CASH_OUT,48145.49,48145.49,Matched,,,,,,
8633,CASH_IN,77050.37,77050.37,Matched,,,,,,
8634,PAYMENT,8528.94,8528.94,Matched,,,,,,
8635,CASH_OUT,284121.32,284121.32,Matched,,,,,,
8636,CASH_IN,131162.37,131162.37,Matched,,,,,,
8637,PAYMENT,8415.4,8415.4,Matched,,,,,,
8638,PAYMENT,418.38,418.38,Matched,,,,,,
8639,CASH_IN,35884.67,35884.67,Matched,,,,,,
8640,PAYMENT,7257.41,7257.41,Matched,,,,,,
8641,PAYMENT,36617.58,36617.58,Matched,,,,,,
8642,PAYMENT,6324.09,6324.09,Matched,,,,,,
8643,CASH_IN,232459.86,232459.86,Matched,,,,,,
8644,PAYMENT,10930.96,10930.96,Matched,,,,,,
8645,PAYMENT,28342.33,28342.33,Matched,,,,,,
8646,CASH_IN,195773.44,195773.44,Matched,,,,,,
8647,CASH_OUT,578514.87,578514.87,Matched,,,,,,
8648,PAYMENT,18039.3,18039.3,Matched,,,,,,
8649,PAYMENT,924.35,924.35,Matched,,,,,,
8650,CASH_OUT,74364.75,74364.75,Matched,,,,,,
8651,PAYMENT,936.44,936.44,Matched,,,,,,
8652,PAYMENT,7817.4,7817.4,Matched,,,,,,
8653,CASH_OUT,151749.75,151749.75,Matched,,,,,,
8654,PAYMENT,5078.28,5078.28,Matched,,,,,,
8655,TRANSFER,164242.82,164242.82,Matched,,,,,,
8656,CASH_OUT,72588.32,72588.32,Matched,,,,,,
8657,PAYMENT,7402.51,7402.51,Matched,,,,,,
8658,PAYMENT,7848.76,7848.76,Matched,,,,,,
8659,CASH_IN,18743.6,18743.6,Matched,,,,,,
8660,CASH_OUT,248431.72,248431.72,Matched,,,,,,
8661,PAYMENT,5503.71,5503.71,Matched,,,,,,
8662,PAYMENT,6581.53,6581.53,Matched,,,,,,
8663,CASH_IN,266769.46,266769.46,Matched,,,,,,
8664,CASH_OUT,243580.55,243580.55,Matched,,,,,,
8665,CASH_IN,198221.54,198221.54,Matched,,,,,,
8666,PAYMENT,2114.18,2114.18,Matched,,,,,,
8667,CASH_OUT,239998.35,239998.35,Matched,,,,,,
8668,CASH_IN,300747.04,300747.04,Matched,,,,,,
8669,PAYMENT,7624.43,7624.43,Matched,,,,,,
8670,CASH_OUT,385479.54,385479.54,Matched,,,,,,
8671,CASH_IN,88854,88854,Matched,,,,,,
8672,PAYMENT,8484.52,8484.52,Matched,,,,,,
8673,CASH_OUT,97217.75,97217.75,Matched,,,,,,
8674,CASH_IN,42464.05,42464.05,Matched,,,,,,
8675,PAYMENT,885.48,885.48,Matched,,,,,,
8676,CASH_OUT,386367.23,386367.23,Matched,,,,,,
8677,CASH_IN,81605.5,81605.5,Matched,,,,,,
8678,PAYMENT,6929.14,6929.14,Matched,,,,,,
8679,CASH_OUT,128048.76,128048.76,Matched,,,,,,
8680,PAYMENT,5975.73,5975.73,Matched,,,,,,
8681,CASH_IN,328774.36,328774.36,Matched,,,,,,
8682,CASH_OUT,171905.69,171905.69,Matched,,,,,,
8683,PAYMENT,3602.91,3602.91,Matched,,,,,,
8684,CASH_IN,32512.41,32512.41,Matched,,,,,,
8685,CASH_OUT,26210.38,26210.38,Matched,,,,,,
8686,TRANSFER,155379.43,155379.43,Matched,,,,,,
8687,CASH_IN,36082.25,36082.25,Matched,,,,,,
8688,CASH_IN,69286.21,69286.21,Matched,,,,,,
8689,PAYMENT,3747.13,3747.13,Matched,,,,,,
8690,CASH_IN,356050.39,356050.39,Matched,,,,,,
8691,DEBIT,2627.14,2627.14,Matched,,,,,,
8692,CASH_IN,367673.83,367673.83,Matched,,,,,,
8693,PAYMENT,4341.19,4341.19,Matched,,,,,,
8694,CASH_OUT,36312.69,36312.69,Matched,,,,,,
8695,DEBIT,1676.14,1676.14,Matched,,,,,,
8696,CASH_IN,85912.14,85912.14,Matched,,,,,,
8697,PAYMENT,10291.86,10291.86,Matched,,,,,,
8698,CASH_OUT,7398.24,7398.24,Matched,,,,,,
8699,CASH_OUT,90608.01,90608.01,Matched,,,,,,
8700,CASH_IN,434599.15,434599.15,Matched,,,,,,
8701,PAYMENT,4625.8,4625.8,Matched,,,,,,
8702,CASH_OUT,67152.15,67152.15,Matched,,,,,,
8703,CASH_IN,35217.29,35217.29,Matched,,,,,,
8704,CASH_IN,81120.8,81120.8,Matched,,,,,,
8705,CASH_OUT,306323.63,306323.63,Matched,,,,,,
8706,CASH_IN,1699.38,1699.38,Matched,,,,,,
8707,CASH_OUT,116600.79,116600.79,Matched,,,,,,
8708,CASH_IN,37190.91,37190.91,Matched,,,,,,
8709,CASH_OUT,104135.08,104135.08,Matched,,,,,,
8710,PAYMENT,15736.28,15736.28,Matched,,,,,,
8711,CASH_OUT,102077.16,102077.16,Matched,,,,,,
8712,CASH_IN,35458.8,35458.8,Matched,,,,,,
8713,PAYMENT,8349.69,8349.69,Matched,,,,,,
8714,CASH_OUT,67429.27,67429.27,Matched,,,,,,
8715,CASH_IN,91793.34,91793.34,Matched,,,,,,
8716,PAYMENT,8269.87,8269.87,Matched,,,,,,
8717,CASH_OUT,13845.82,13845.82,Matched,,,,,,
8718,CASH_IN,167569.88,167569.88,Matched,,,,,,
8719,CASH_IN,39717.52,39717.52,Matched,,,,,,
8720,CASH_OUT,64974.45,64974.45,Matched,,,,,,
8721,CASH_IN,238928.64,238928.64,Matched,,,,,,
8722,CASH_OUT,35426.93,35426.93,Matched,,,,,,
8723,PAYMENT,1753.6,1753.6,Matched,,,,,,
8724,CASH_IN,314094.74,314094.74,Matched,,,,,,
8725,CASH_OUT,97919.82,97919.82,Matched,,,,,,
8726,PAYMENT,636.76,636.76,Matched,,,,,,
8727,CASH_IN,101802.15,101802.15,Matched,,,,,,
8728,CASH_OUT,153966.29,153966.29,Matched,,,,,,
8729,PAYMENT,6476.38,6476.38,Matched,,,,,,
8730,CASH_IN,125471.79,125471.79,Matched,,,,,,
8731,CASH_OUT,41309.02,41309.02,Matched,,,,,,
8732,PAYMENT,6990.79,6990.79,Matched,,,,,,
8733,CASH_IN,191862.15,191862.15,Matched,,,,,,
8734,PAYMENT,6858.7,6858.7,Matched,,,,,,
8735,CASH_OUT,43093.35,43093.35,Matched,,,,,,
8736,CASH_IN,197656.33,197656.33,Matched,,,,,,
8737,CASH_OUT,499343.04,499343.04,Matched,,,,,,
8738,CASH_IN,184246.71,184246.71,Matched,,,,,,
8739,CASH_OUT,379699.71,379699.71,Matched,,,,,,
8740,CASH_OUT,27060.81,27060.81,Matched,,,,,,
8741,CASH_OUT,402663.46,402663.46,Matched,,,,,,
8742,CASH_IN,62915.49,62915.49,Matched,,,,,,
8743,CASH_OUT,578730.75,578730.75,Matched,,,,,,
8744,CASH_IN,154690.87,154690.87,Matched,,,,,,
8745,CASH_OUT,471390.8,471390.8,Matched,,,,,,
8746,CASH_OUT,405812.31,405812.31,Matched,,,,,,
8747,CASH_IN,384933.62,384933.62,Matched,,,,,,
8748,CASH_OUT,239972.3,239972.3,Matched,,,,,,
8749,CASH_IN,66285.09,66285.09,Matched,,,,,,
8750,TRANSFER,233938.4,233938.4,Matched,,,,,,
8751,DEBIT,660.23,660.23,Matched,,,,,,
8752,CASH_IN,75820.36,75820.36,Matched,,,,,,
8753,PAYMENT,32118.97,32118.97,Matched,,,,,,
8754,PAYMENT,515.09,515.09,Matched,,,,,,
8755,CASH_IN,7416.07,7416.07,Matched,,,,,,
8756,PAYMENT,30180.07,30180.07,Matched,,,,,,
8757,CASH_OUT,50575.73,50575.73,Matched,,,,,,
8758,PAYMENT,7048.35,7048.35,Matched,,,,,,
8759,CASH_IN,54980.53,54980.53,Matched,,,,,,
8760,PAYMENT,3421.65,3421.65,Matched,,,,,,
8761,PAYMENT,2103.29,2103.29,Matched,,,,,,
8762,CASH_IN,80309.19,80309.19,Matched,,,,,,
8763,PAYMENT,2549.04,2549.04,Matched,,,,,,
8764,PAYMENT,646.76,646.76,Matched,,,,,,
8765,CASH_IN,118512.83,118512.83,Matched,,,,,,
8766,PAYMENT,19021.43,19071.43,Amount Mismatch,,,,,,
8767,CASH_IN,61874.41,61874.41,Matched,,,,,,
8768,PAYMENT,9302.99,9302.99,Matched,,,,,,
8769,PAYMENT,4962,4962,Matched,,,,,,
8770,PAYMENT,11703.97,11703.97,Matched,,,,,,
8771,CASH_IN,53033.94,53033.94,Matched,,,,,,
8772,PAYMENT,16889.35,16889.35,Matched,,,,,,
8773,PAYMENT,19608.07,19608.07,Matched,,,,,,
8774,PAYMENT,1539.57,1539.57,Matched,,,,,,
8775,PAYMENT,5275.62,5275.62,Matched,,,,,,
8776,PAYMENT,13615.05,13615.05,Matched,,,,,,
8777,PAYMENT,8809.29,8809.29,Matched,,,,,,
8778,TRANSFER,520367.43,520367.43,Matched,,,,,,
8779,PAYMENT,5698.67,5698.67,Matched,,,,,,
8780,CASH_IN,16805.03,16805.03,Matched,,,,,,
8781,PAYMENT,7037.51,7037.51,Matched,,,,,,
8782,CASH_IN,264788.06,264788.06,Matched,,,,,,
8783,PAYMENT,14503.24,14503.24,Matched,,,,,,
8784,CASH_IN,398322.86,398322.86,Matched,,,,,,
8785,PAYMENT,6568.75,6568.75,Matched,,,,,,
8786,CASH_IN,327344.43,327344.43,Matched,,,,,,
8787,PAYMENT,15960.1,15960.1,Matched,,,,,,
8788,CASH_IN,57483.87,57483.87,Matched,,,,,,
8789,PAYMENT,8372.5,8372.5,Matched,,,,,,
8790,PAYMENT,3941.31,3941.31,Matched,,,,,,
8791,CASH_IN,340150.56,340150.56,Matched,,,,,,
8792,PAYMENT,2036.46,2036.46,Matched,,,,,,
8793,PAYMENT,4522.72,4522.72,Matched,,,,,,
8794,CASH_IN,445805.73,445805.73,Matched,,,,,,
8795,PAYMENT,2641.37,2641.37,Matched,,,,,,
8796,PAYMENT,323.01,323.01,Matched,,,,,,
8797,CASH_IN,124840.02,124840.02,Matched,,,,,,
8798,PAYMENT,6817.11,6817.11,Matched,,,,,,
8799,PAYMENT,13201.91,13201.91,Matched,,,,,,
8800,CASH_IN,135249.93,135249.93,Matched,,,,,,
8801,PAYMENT,2836.24,2836.24,Matched,,,,,,
8802,CASH_IN,187825.52,187825.52,Matched,,,,,,
8803,PAYMENT,5044.45,5044.45,Matched,,,,,,
8804,CASH_IN,25554.54,25554.54,Matched,,,,,,
8805,CASH_OUT,117762.75,117762.75,Matched,,,,,,
8806,CASH_IN,285639.93,285639.93,Matched,,,,,,
8807,PAYMENT,2278.82,2278.82,Matched,,,,,,
8808,PAYMENT,3256.98,3256.98,Matched,,,,,,
8809,PAYMENT,10446.63,10446.63,Matched,,,,,,
8810,PAYMENT,1520.66,1520.66,Matched,,,,,,
8811,PAYMENT,6454.56,6454.56,Matched,,,,,,
8812,PAYMENT,5961.64,5961.64,Matched,,,,,,
8813,PAYMENT,9450.61,9450.61,Matched,,,,,,
8814,PAYMENT,3442.37,3442.37,Matched,,,,,,
8815,CASH_IN,51940.57,51940.57,Matched,,,,,,
8816,PAYMENT,1476.92,1476.92,Matched,,,,,,
8817,CASH_OUT,29181.32,29181.32,Matched,,,,,,
8818,PAYMENT,7898.5,7898.5,Matched,,,,,,
8819,CASH_IN,76185.26,76185.26,Matched,,,,,,
8820,PAYMENT,3585.4,3585.4,Matched,,,,,,
8821,PAYMENT,15171.77,15171.77,Matched,,,,,,
8822,PAYMENT,3956.77,3956.77,Matched,,,,,,
8823,PAYMENT,543.6,543.6,Matched,,,,,,
8824,PAYMENT,6159.12,6159.12,Matched,,,,,,
8825,CASH_OUT,60351.62,60351.62,Matched,,,,,,
8826,PAYMENT,12333.76,12333.76,Matched,,,,,,
8827,PAYMENT,11396.93,11396.93,Matched,,,,,,
8828,CASH_OUT,129760,129760,Matched,,,,,,
8829,PAYMENT,1864.36,1864.36,Matched,,,,,,
8830,PAYMENT,1784.87,1784.87,Matched,,,,,,
8831,CASH_OUT,302317.81,302317.81,Matched,,,,,,
8832,PAYMENT,5563.16,5563.16,Matched,,,,,,
8833,PAYMENT,19895.93,19895.93,Matched,,,,,,
8834,PAYMENT,991.87,991.87,Matched,,,,,,
8835,PAYMENT,1042.26,1042.26,Matched,,,,,,
8836,PAYMENT,11079.34,11079.34,Matched,,,,,,
8837,CASH_OUT,18019,18019,Matched,,,,,,
8838,CASH_IN,56968.61,56968.61,Matched,,,,,,
8839,PAYMENT,31142.75,31142.75,Matched,,,,,,
8840,CASH_OUT,228162.38,228162.38,Matched,,,,,,
8841,PAYMENT,17399.44,17399.44,Matched,,,,,,
8842,PAYMENT,12060.01,12060.01,Matched,,,,,,
8843,CASH_OUT,90962.75,90962.75,Matched,,,,,,
8844,PAYMENT,7839.9,7839.9,Matched,,,,,,
8845,PAYMENT,11527.48,11527.48,Matched,,,,,,
8846,CASH_OUT,284677.82,284677.82,Matched,,,,,,
8847,TRANSFER,393091.2,393091.2,Matched,,,,,,
8848,PAYMENT,5783.05,5783.05,Matched,,,,,,
8849,CASH_OUT,126296.47,126296.47,Matched,,,,,,
8850,TRANSFER,25900.29,25900.29,Matched,,,,,,
8851,PAYMENT,11454.41,11454.41,Matched,,,,,,
8852,CASH_OUT,9140.92,9140.92,Matched,,,,,,
8853,PAYMENT,3872.79,3872.79,Matched,,,,,,
8854,PAYMENT,13117.45,13117.45,Matched,,,,,,
8855,PAYMENT,7396.44,7396.44,Matched,,,,,,
8856,PAYMENT,5920.5,5920.5,Matched,,,,,,
8857,PAYMENT,7663.31,7663.31,Matched,,,,,,
8858,TRANSFER,700223.91,700223.91,Matched,,,,,,
8859,PAYMENT,1309.47,1309.47,Matched,,,,,,
8860,TRANSFER,229105.83,229105.83,Matched,,,,,,
8861,DEBIT,2512.95,2512.95,Matched,,,,,,
8862,PAYMENT,14436.95,14436.95,Matched,,,,,,
8863,PAYMENT,4405.43,4405.43,Matched,,,,,,
8864,PAYMENT,5680.34,5680.34,Matched,,,,,,
8865,TRANSFER,351561.05,351561.05,Matched,,,,,,
8866,TRANSFER,740951.52,740951.52,Matched,,,,,,
8867,PAYMENT,15698.38,15698.38,Matched,,,,,,
8868,CASH_OUT,230623.52,230623.52,Matched,,,,,,
8869,PAYMENT,16918.31,16918.31,Matched,,,,,,
8870,PAYMENT,1945.7,1945.7,Matched,,,,,,
8871,CASH_OUT,95485.52,95485.52,Matched,,,,,,
8872,PAYMENT,9463.64,9463.64,Matched,,,,,,
8873,PAYMENT,1740.54,1740.54,Matched,,,,,,
8874,CASH_OUT,135471.58,135471.58,Matched,,,,,,
8875,PAYMENT,1980.51,1980.51,Matched,,,,,,
8876,PAYMENT,3226.39,3226.39,Matched,,,,,,
8877,CASH_OUT,126928.94,126928.94,Matched,,,,,,
8878,PAYMENT,3643.91,3643.91,Matched,,,,,,
8879,PAYMENT,9854.52,9854.52,Matched,,,,,,
8880,CASH_OUT,116598.79,116598.79,Matched,,,,,,
8881,PAYMENT,5196.35,5196.35,Matched,,,,,,
8882,PAYMENT,2640.32,2640.32,Matched,,,,,,
8883,CASH_OUT,8826.61,8826.61,Matched,,,,,,
8884,TRANSFER,1626960.47,1626960.47,Matched,,,,,,
8885,PAYMENT,10114.65,10114.65,Matched,,,,,,
8886,CASH_OUT,112327.1,112327.1,Matched,,,,,,
8887,CASH_OUT,95155.95,95155.95,Matched,,,,,,
8888,PAYMENT,3545.3,3545.3,Matched,,,,,,
8889,CASH_OUT,65006.66,65006.66,Matched,,,,,,
8890,PAYMENT,2545.53,2545.53,Matched,,,,,,
8891,CASH_OUT,120223.54,120223.54,Matched,,,,,,
8892,CASH_OUT,16322.98,16322.98,Matched,,,,,,
8893,PAYMENT,8450.18,8450.18,Matched,,,,,,
8894,CASH_OUT,86050.93,86050.93,Matched,,,,,,
8895,PAYMENT,1937.5,1937.5,Matched,,,,,,
8896,PAYMENT,5238.34,5238.34,Matched,,,,,,
8897,CASH_OUT,83162.16,83162.16,Matched,,,,,,
8898,PAYMENT,9024.06,9024.06,Matched,,,,,,
8899,PAYMENT,4689.72,4689.72,Matched,,,,,,
8900,CASH_OUT,115166.62,115166.62,Matched,,,,,,
8901,PAYMENT,10916.1,10916.1,Matched,,,,,,
8902,PAYMENT,6548.13,6548.13,Matched,,,,,,
8903,CASH_OUT,299337.21,299337.21,Matched,,,,,,
8904,PAYMENT,14709.78,14709.78,Matched,,,,,,
8905,PAYMENT,5821.46,5821.46,Matched,,,,,,
8906,CASH_OUT,122585.87,122585.87,Matched,,,,,,
8907,TRANSFER,457456.67,457456.67,Matched,,,,,,
8908,CASH_OUT,25784.58,25784.58,Matched,,,,,,
8909,PAYMENT,741.48,741.48,Matched,,,,,,
8910,PAYMENT,2327.84,2327.84,Matched,,,,,,
8911,CASH_OUT,713465.67,713465.67,Matched,,,,,,
8912,PAYMENT,1349.38,1349.38,Matched,,,,,,
8913,PAYMENT,1722.22,1722.22,Matched,,,,,,
8914,PAYMENT,993.62,993.62,Matched,,,,,,
8915,CASH_OUT,110439.98,110439.98,Matched,,,,,,
8916,PAYMENT,7519.45,7519.45,Matched,,,,,,
8917,PAYMENT,2952.13,2952.13,Matched,,,,,,
8918,CASH_OUT,39048.51,39048.51,Matched,,,,,,
8919,PAYMENT,4839.18,4839.18,Matched,,,,,,
8920,CASH_OUT,228982.7,228982.7,Matched,,,,,,
8921,PAYMENT,6453.67,6453.67,Matched,,,,,,
8922,PAYMENT,5285.09,5285.09,Matched,,,,,,
8923,CASH_OUT,135528.52,135528.52,Matched,,,,,,
8924,PAYMENT,7806.89,7806.89,Matched,,,,,,
8925,PAYMENT,8674.41,8724.41,Amount Mismatch,,,,,,
8926,CASH_OUT,455512.07,455512.07,Matched,,,,,,
8927,CASH_OUT,15325.4,15325.4,Matched,,,,,,
8928,PAYMENT,17602.85,17602.85,Matched,,,,,,
8929,CASH_OUT,104669.17,104669.17,Matched,,,,,,
8930,TRANSFER,875756.9,875756.9,Matched,,,,,,
8931,PAYMENT,24285.62,24285.62,Matched,,,,,,
8932,CASH_OUT,111608.93,111608.93,Matched,,,,,,
8933,PAYMENT,21374.64,21374.64,Matched,,,,,,
8934,PAYMENT,34057.28,34057.28,Matched,,,,,,
8935,PAYMENT,908.3,908.3,Matched,,,,,,
8936,CASH_OUT,10606.95,10606.95,Matched,,,,,,
8937,PAYMENT,47696.49,NULL,Missing from Bank,,,,,,
8938,TRANSFER,399635.37,399635.37,Matched,,,,,,
8939,CASH_OUT,178055.24,178055.24,Matched,,,,,,
8940,TRANSFER,27494.69,27494.69,Matched,,,,,,
8941,CASH_OUT,218466.18,218466.18,Matched,,,,,,
8942,CASH_OUT,55593.37,55593.37,Matched,,,,,,
8943,PAYMENT,2153.52,2153.52,Matched,,,,,,
8944,CASH_OUT,211384.58,211384.58,Matched,,,,,,
8945,PAYMENT,7718.37,7718.37,Matched,,,,,,
8946,PAYMENT,16132.3,16132.3,Matched,,,,,,
8947,CASH_OUT,72428.51,72428.51,Matched,,,,,,
8948,PAYMENT,26499.11,26499.11,Matched,,,,,,
8949,PAYMENT,1312.68,1312.68,Matched,,,,,,
8950,PAYMENT,1534.09,1534.09,Matched,,,,,,
8951,CASH_OUT,329503.27,329503.27,Matched,,,,,,
8952,TRANSFER,419296.35,419296.35,Matched,,,,,,
8953,CASH_OUT,440226.25,440226.25,Matched,,,,,,
8954,CASH_OUT,154960.56,154960.56,Matched,,,,,,
8955,PAYMENT,4139.79,4139.79,Matched,,,,,,
8956,CASH_OUT,286381.33,286381.33,Matched,,,,,,
8957,TRANSFER,126315.46,126315.46,Matched,,,,,,
8958,PAYMENT,10315.37,10315.37,Matched,,,,,,
8959,PAYMENT,13155.28,13155.28,Matched,,,,,,
8960,CASH_OUT,287860.49,287860.49,Matched,,,,,,
8961,PAYMENT,12434.3,12434.3,Matched,,,,,,
8962,PAYMENT,17126.69,17126.69,Matched,,,,,,
8963,CASH_OUT,112423.36,112423.36,Matched,,,,,,
8964,PAYMENT,6137.82,6137.82,Matched,,,,,,
8965,CASH_OUT,170108.96,170108.96,Matched,,,,,,
8966,CASH_OUT,41059.08,41059.08,Matched,,,,,,
8967,PAYMENT,12667.99,12667.99,Matched,,,,,,
8968,PAYMENT,10521.67,10521.67,Matched,,,,,,
8969,CASH_OUT,357427.06,357427.06,Matched,,,,,,
8970,PAYMENT,28016.57,28016.57,Matched,,,,,,
8971,CASH_OUT,116118.94,116118.94,Matched,,,,,,
8972,CASH_OUT,26205.91,26205.91,Matched,,,,,,
8973,PAYMENT,642.57,642.57,Matched,,,,,,
8974,PAYMENT,11168.84,11168.84,Matched,,,,,,
8975,CASH_OUT,94641.18,94641.18,Matched,,,,,,
8976,CASH_OUT,126589.22,126589.22,Matched,,,,,,
8977,PAYMENT,3451.03,3451.03,Matched,,,,,,
8978,CASH_OUT,176673.12,176673.12,Matched,,,,,,
8979,TRANSFER,643137.09,643137.09,Matched,,,,,,
8980,PAYMENT,1892.29,1892.29,Matched,,,,,,
8981,CASH_OUT,80085.58,80085.58,Matched,,,,,,
8982,PAYMENT,7436.99,7436.99,Matched,,,,,,
8983,PAYMENT,115.94,115.94,Matched,,,,,,
8984,TRANSFER,548931.88,548931.88,Matched,,,,,,
8985,PAYMENT,13476.01,13476.01,Matched,,,,,,
8986,PAYMENT,3919.19,3919.19,Matched,,,,,,
8987,PAYMENT,15743.57,15743.57,Matched,,,,,,
8988,TRANSFER,733678.95,733678.95,Matched,,,,,,
8989,PAYMENT,8598.19,8598.19,Matched,,,,,,
8990,PAYMENT,3325.01,3325.01,Matched,,,,,,
8991,DEBIT,2360.49,2360.49,Matched,,,,,,
8992,PAYMENT,7598.75,7598.75,Matched,,,,,,
8993,PAYMENT,1632.27,1632.27,Matched,,,,,,
8994,PAYMENT,7426.25,7426.25,Matched,,,,,,
8995,CASH_OUT,267174.86,267174.86,Matched,,,,,,
8996,PAYMENT,108.11,108.11,Matched,,,,,,
8997,PAYMENT,2475.15,2475.15,Matched,,,,,,
8998,PAYMENT,5875.72,5875.72,Matched,,,,,,
8999,PAYMENT,4185.71,4185.71,Matched,,,,,,
9000,PAYMENT,15242.93,15242.93,Matched,,,,,,
9001,PAYMENT,2361.09,2361.09,Matched,,,,,,
9002,CASH_IN,64569.23,64569.23,Matched,,,,,,
9003,PAYMENT,1348.98,1348.98,Matched,,,,,,
9004,PAYMENT,180.45,180.45,Matched,,,,,,
9005,PAYMENT,8414.46,8414.46,Matched,,,,,,
9006,PAYMENT,5784.92,5784.92,Matched,,,,,,
9007,PAYMENT,9390.53,9390.53,Matched,,,,,,
9008,PAYMENT,9677.9,9677.9,Matched,,,,,,
9009,PAYMENT,4172.18,4172.18,Matched,,,,,,
9010,CASH_OUT,309799.7,309799.7,Matched,,,,,,
9011,CASH_IN,465827.4,465827.4,Matched,,,,,,
9012,PAYMENT,1046.58,1046.58,Matched,,,,,,
9013,PAYMENT,5955.29,5955.29,Matched,,,,,,
9014,PAYMENT,1757.74,1757.74,Matched,,,,,,
9015,PAYMENT,3549.07,3549.07,Matched,,,,,,
9016,DEBIT,2859.77,2859.77,Matched,,,,,,
9017,PAYMENT,3446.28,3446.28,Matched,,,,,,
9018,PAYMENT,10837.97,10837.97,Matched,,,,,,
9019,PAYMENT,10414.2,10414.2,Matched,,,,,,
9020,PAYMENT,11821.83,11821.83,Matched,,,,,,
9021,PAYMENT,5803.59,5803.59,Matched,,,,,,
9022,PAYMENT,14584.16,14584.16,Matched,,,,,,
9023,TRANSFER,915732.43,915732.43,Matched,,,,,,
9024,PAYMENT,1296.53,1296.53,Matched,,,,,,
9025,PAYMENT,6373.65,6373.65,Matched,,,,,,
9026,PAYMENT,3215.11,3215.11,Matched,,,,,,
9027,PAYMENT,10266.02,10266.02,Matched,,,,,,
9028,PAYMENT,7462.87,7462.87,Matched,,,,,,
9029,PAYMENT,2420.65,2420.65,Matched,,,,,,
9030,PAYMENT,2070.68,2070.68,Matched,,,,,,
9031,PAYMENT,5306.41,5306.41,Matched,,,,,,
9032,PAYMENT,3702.2,3702.2,Matched,,,,,,
9033,PAYMENT,2686.44,2686.44,Matched,,,,,,
9034,PAYMENT,1564.23,1564.23,Matched,,,,,,
9035,CASH_OUT,175236.79,175236.79,Matched,,,,,,
9036,PAYMENT,8309.89,8309.89,Matched,,,,,,
9037,PAYMENT,7176.58,7176.58,Matched,,,,,,
9038,CASH_OUT,506721.82,506721.82,Matched,,,,,,
9039,PAYMENT,1623,1623,Matched,,,,,,
9040,PAYMENT,12119.88,12119.88,Matched,,,,,,
9041,CASH_OUT,316493.12,316493.12,Matched,,,,,,
9042,TRANSFER,134905.99,134905.99,Matched,,,,,,
9043,PAYMENT,1703.96,1703.96,Matched,,,,,,
9044,PAYMENT,5939.55,5939.55,Matched,,,,,,
9045,PAYMENT,4068.24,4068.24,Matched,,,,,,
9046,PAYMENT,4307.38,4307.38,Matched,,,,,,
9047,PAYMENT,10711.55,10711.55,Matched,,,,,,
9048,CASH_OUT,217951.1,217951.1,Matched,,,,,,
9049,CASH_OUT,228251.68,228251.68,Matched,,,,,,
9050,PAYMENT,7150.21,7150.21,Matched,,,,,,
9051,PAYMENT,4465.5,4465.5,Matched,,,,,,
9052,CASH_OUT,409358.66,409358.66,Matched,,,,,,
9053,PAYMENT,10399.11,10399.11,Matched,,,,,,
9054,CASH_OUT,164411.83,164411.83,Matched,,,,,,
9055,PAYMENT,6301.93,6301.93,Matched,,,,,,
9056,CASH_OUT,156329.61,156329.61,Matched,,,,,,
9057,PAYMENT,7707.68,7707.68,Matched,,,,,,
9058,TRANSFER,392940.08,392940.08,Matched,,,,,,
9059,PAYMENT,11918.74,11918.74,Matched,,,,,,
9060,CASH_IN,24035.29,24035.29,Matched,,,,,,
9061,PAYMENT,10146.8,10146.8,Matched,,,,,,
9062,PAYMENT,13878.21,13878.21,Matched,,,,,,
9063,PAYMENT,8494.23,8494.23,Matched,,,,,,
9064,PAYMENT,502.38,502.38,Matched,,,,,,
9065,PAYMENT,20293.35,20293.35,Matched,,,,,,
9066,PAYMENT,7775.56,7775.56,Matched,,,,,,
9067,PAYMENT,9511.21,9511.21,Matched,,,,,,
9068,PAYMENT,1589.74,1589.74,Matched,,,,,,
9069,PAYMENT,6917.79,6917.79,Matched,,,,,,
9070,PAYMENT,39554.82,39554.82,Matched,,,,,,
9071,PAYMENT,2043.74,2043.74,Matched,,,,,,
9072,DEBIT,1618.72,1618.72,Matched,,,,,,
9073,PAYMENT,2008.49,2008.49,Matched,,,,,,
9074,CASH_OUT,252921.55,252921.55,Matched,,,,,,
9075,PAYMENT,11943.88,11943.88,Matched,,,,,,
9076,PAYMENT,12724.43,12724.43,Matched,,,,,,
9077,CASH_OUT,396017.83,396017.83,Matched,,,,,,
9078,PAYMENT,5245.79,5245.79,Matched,,,,,,
9079,PAYMENT,6192.38,6192.38,Matched,,,,,,
9080,PAYMENT,8976.18,8976.18,Matched,,,,,,
9081,CASH_OUT,435330.06,435330.06,Matched,,,,,,
9082,PAYMENT,1213.01,1213.01,Matched,,,,,,
9083,CASH_OUT,175416.04,175416.04,Matched,,,,,,
9084,CASH_OUT,346519.18,346519.18,Matched,,,,,,
9085,PAYMENT,1089.75,1089.75,Matched,,,,,,
9086,CASH_OUT,107057.5,107057.5,Matched,,,,,,
9087,CASH_OUT,351726.3,351726.3,Matched,,,,,,
9088,PAYMENT,20001.6,20001.6,Matched,,,,,,
9089,CASH_OUT,63751.96,63751.96,Matched,,,,,,
9090,CASH_OUT,349036,349036,Matched,,,,,,
9091,PAYMENT,3639.28,3639.28,Matched,,,,,,
9092,CASH_OUT,41210.57,41210.57,Matched,,,,,,
9093,CASH_OUT,90106.13,90106.13,Matched,,,,,,
9094,CASH_IN,26287.58,26287.58,Matched,,,,,,
9095,CASH_OUT,284451.31,284451.31,Matched,,,,,,
9096,CASH_OUT,290975.16,290975.16,Matched,,,,,,
9097,PAYMENT,1536.68,1536.68,Matched,,,,,,
9098,PAYMENT,7157.22,7157.22,Matched,,,,,,
9099,CASH_OUT,208168.06,208168.06,Matched,,,,,,
9100,PAYMENT,12397.18,12397.18,Matched,,,,,,
9101,CASH_OUT,280436.1,280436.1,Matched,,,,,,
9102,PAYMENT,11999.97,11999.97,Matched,,,,,,
9103,CASH_OUT,107752.32,107752.32,Matched,,,,,,
9104,PAYMENT,5025.19,5025.19,Matched,,,,,,
9105,CASH_OUT,41088.35,41088.35,Matched,,,,,,
9106,CASH_OUT,104945.48,104945.48,Matched,,,,,,
9107,CASH_OUT,186948.68,186948.68,Matched,,,,,,
9108,PAYMENT,6142.8,6142.8,Matched,,,,,,
9109,PAYMENT,14621.24,14621.24,Matched,,,,,,
9110,PAYMENT,4533.62,4533.62,Matched,,,,,,
9111,PAYMENT,6687.89,6687.89,Matched,,,,,,
9112,PAYMENT,8300.42,8300.42,Matched,,,,,,
9113,PAYMENT,2058.78,2058.78,Matched,,,,,,
9114,PAYMENT,2782.56,2782.56,Matched,,,,,,
9115,PAYMENT,8284.33,8284.33,Matched,,,,,,
9116,PAYMENT,4018.89,4018.89,Matched,,,,,,
9117,PAYMENT,6719.58,6719.58,Matched,,,,,,
9118,PAYMENT,1969.13,1969.13,Matched,,,,,,
9119,PAYMENT,2980.08,2980.08,Matched,,,,,,
9120,PAYMENT,5146.88,5146.88,Matched,,,,,,
9121,TRANSFER,115697.98,115697.98,Matched,,,,,,
9122,PAYMENT,6727.34,6727.34,Matched,,,,,,
9123,CASH_IN,272270.8,272270.8,Matched,,,,,,
9124,PAYMENT,14163.73,14163.73,Matched,,,,,,
9125,PAYMENT,6.36,6.36,Matched,,,,,,
9126,PAYMENT,12700.77,12700.77,Matched,,,,,,
9127,PAYMENT,385.43,385.43,Matched,,,,,,
9128,TRANSFER,423234.24,423234.24,Matched,,,,,,
9129,TRANSFER,2241254.39,2241254.39,Matched,,,,,,
9130,TRANSFER,1737772.93,1737772.93,Matched,,,,,,
9131,TRANSFER,401672.66,401672.66,Matched,,,,,,
9132,TRANSFER,1658697.08,1658697.08,Matched,,,,,,
9133,TRANSFER,140812.05,140812.05,Matched,,,,,,
9134,TRANSFER,566270.79,566270.79,Matched,,,,,,
9135,TRANSFER,243318.08,243318.08,Matched,,,,,,
9136,TRANSFER,337085.02,337085.02,Matched,,,,,,
9137,TRANSFER,2011670.91,2011670.91,Matched,,,,,,
9138,TRANSFER,113688.15,113688.15,Matched,,,,,,
9139,TRANSFER,114384.61,114384.61,Matched,,,,,,
9140,TRANSFER,281889.38,281889.38,Matched,,,,,,
9141,TRANSFER,107644.48,107644.48,Matched,,,,,,
9142,PAYMENT,1322.25,1322.25,Matched,,,,,,
9143,PAYMENT,18355.13,18355.13,Matched,,,,,,
9144,PAYMENT,13367.64,13367.64,Matched,,,,,,
9145,PAYMENT,2769.02,2769.02,Matched,,,,,,
9146,PAYMENT,2890.81,2890.81,Matched,,,,,,
9147,PAYMENT,4568.07,4568.07,Matched,,,,,,
9148,PAYMENT,7417.42,7417.42,Matched,,,,,,
9149,PAYMENT,2991.18,2991.18,Matched,,,,,,
9150,TRANSFER,486780.94,486780.94,Matched,,,,,,
9151,PAYMENT,16498.15,16498.15,Matched,,,,,,
9152,PAYMENT,6037.15,NULL,Missing from Bank,,,,,,
9153,PAYMENT,5552.23,5552.23,Matched,,,,,,
9154,PAYMENT,3177.01,3177.01,Matched,,,,,,
9155,PAYMENT,19286.24,19286.24,Matched,,,,,,
9156,PAYMENT,9466.19,9466.19,Matched,,,,,,
9157,PAYMENT,4861.27,4861.27,Matched,,,,,,
9158,CASH_OUT,24461.49,24461.49,Matched,,,,,,
9159,PAYMENT,2168.42,2168.42,Matched,,,,,,
9160,TRANSFER,889053.15,889053.15,Matched,,,,,,
9161,PAYMENT,5120.67,5120.67,Matched,,,,,,
9162,PAYMENT,3851.72,3851.72,Matched,,,,,,
9163,PAYMENT,7515.13,7515.13,Matched,,,,,,
9164,TRANSFER,262434.54,262434.54,Matched,,,,,,
9165,CASH_OUT,262434.54,262434.54,Matched,,,,,,
9166,PAYMENT,2069.31,2069.31,Matched,,,,,,
9167,PAYMENT,5171.26,5171.26,Matched,,,,,,
9168,PAYMENT,2144.11,2144.11,Matched,,,,,,
9169,PAYMENT,6631.67,6631.67,Matched,,,,,,
9170,PAYMENT,2236.04,2236.04,Matched,,,,,,
9171,PAYMENT,2506.93,2506.93,Matched,,,,,,
9172,PAYMENT,6050.35,6050.35,Matched,,,,,,
9173,PAYMENT,1110.87,1110.87,Matched,,,,,,
9174,CASH_OUT,134800.04,134800.04,Matched,,,,,,
9175,CASH_OUT,109259.68,109259.68,Matched,,,,,,
9176,PAYMENT,18372.81,18372.81,Matched,,,,,,
9177,PAYMENT,6805.26,6805.26,Matched,,,,,,
9178,PAYMENT,7261.64,7261.64,Matched,,,,,,
9179,PAYMENT,7614.89,7614.89,Matched,,,,,,
9180,CASH_OUT,112683.32,112683.32,Matched,,,,,,
9181,CASH_OUT,11830.05,11830.05,Matched,,,,,,
9182,CASH_OUT,435704.21,435704.21,Matched,,,,,,
9183,CASH_OUT,12346.69,12346.69,Matched,,,,,,
9184,CASH_OUT,595879.01,595879.01,Matched,,,,,,
9185,CASH_OUT,170745.6,170745.6,Matched,,,,,,
9186,CASH_OUT,172180.99,172180.99,Matched,,,,,,
9187,CASH_OUT,109673.97,109673.97,Matched,,,,,,
9188,CASH_OUT,266192.8,266192.8,Matched,,,,,,
9189,CASH_OUT,213745.3,213745.3,Matched,,,,,,
9190,PAYMENT,11248.16,11248.16,Matched,,,,,,
9191,PAYMENT,3285.1,3285.1,Matched,,,,,,
9192,TRANSFER,655143.29,655143.29,Matched,,,,,,
9193,PAYMENT,769.58,769.58,Matched,,,,,,
9194,PAYMENT,17283.98,17283.98,Matched,,,,,,
9195,CASH_OUT,456997.53,456997.53,Matched,,,,,,
9196,PAYMENT,7285.08,7285.08,Matched,,,,,,
9197,CASH_OUT,211918.4,211918.4,Matched,,,,,,
9198,PAYMENT,2423.63,2423.63,Matched,,,,,,
9199,CASH_OUT,347259.03,347259.03,Matched,,,,,,
9200,PAYMENT,12344.75,12344.75,Matched,,,,,,
9201,CASH_OUT,192190.94,192190.94,Matched,,,,,,
9202,PAYMENT,1500.48,1500.48,Matched,,,,,,
9203,CASH_OUT,205238.71,205238.71,Matched,,,,,,
9204,PAYMENT,3780.47,3780.47,Matched,,,,,,
9205,CASH_OUT,171921.96,171921.96,Matched,,,,,,
9206,PAYMENT,8154.19,8154.19,Matched,,,,,,
9207,CASH_OUT,64055.98,64055.98,Matched,,,,,,
9208,TRANSFER,423000.44,423000.44,Matched,,,,,,
9209,CASH_OUT,197243.16,197243.16,Matched,,,,,,
9210,PAYMENT,13746.26,13746.26,Matched,,,,,,
9211,CASH_OUT,13279.36,13279.36,Matched,,,,,,
9212,PAYMENT,2527.21,2527.21,Matched,,,,,,
9213,CASH_OUT,199710.23,199710.23,Matched,,,,,,
9214,CASH_IN,302756.57,302756.57,Matched,,,,,,
9215,CASH_OUT,114066.94,114066.94,Matched,,,,,,
9216,CASH_IN,174253.85,174253.85,Matched,,,,,,
9217,CASH_OUT,66908.47,66908.47,Matched,,,,,,
9218,CASH_IN,148407.53,148407.53,Matched,,,,,,
9219,CASH_OUT,59241.82,59241.82,Matched,,,,,,
9220,CASH_IN,315626.22,315626.22,Matched,,,,,,
9221,CASH_OUT,77276.07,77276.07,Matched,,,,,,
9222,CASH_IN,410211.27,410211.27,Matched,,,,,,
9223,CASH_OUT,123875.88,123875.88,Matched,,,,,,
9224,CASH_IN,343680.72,343680.72,Matched,,,,,,
9225,CASH_OUT,123168.11,123168.11,Matched,,,,,,
9226,CASH_IN,69915.54,69915.54,Matched,,,,,,
9227,CASH_OUT,101552.76,101552.76,Matched,,,,,,
9228,CASH_IN,271415.06,271415.06,Matched,,,,,,
9229,CASH_OUT,56299.7,56299.7,Matched,,,,,,
9230,CASH_IN,39683.51,39683.51,Matched,,,,,,
9231,PAYMENT,4943.15,4943.15,Matched,,,,,,
9232,CASH_IN,54291.7,54291.7,Matched,,,,,,
9233,PAYMENT,8014.39,8014.39,Matched,,,,,,
9234,CASH_IN,132351.05,132351.05,Matched,,,,,,
9235,PAYMENT,2998.32,2998.32,Matched,,,,,,
9236,CASH_IN,9990.6,9990.6,Matched,,,,,,
9237,DEBIT,332.23,332.23,Matched,,,,,,
9238,CASH_IN,33855.24,33855.24,Matched,,,,,,
9239,PAYMENT,5623.13,5623.13,Matched,,,,,,
9240,CASH_IN,106286.15,106286.15,Matched,,,,,,
9241,PAYMENT,7847.31,7847.31,Matched,,,,,,
9242,CASH_OUT,191112.23,191112.23,Matched,,,,,,
9243,PAYMENT,7095.04,7095.04,Matched,,,,,,
9244,CASH_OUT,174895.86,174895.86,Matched,,,,,,
9245,CASH_IN,89385.18,89385.18,Matched,,,,,,
9246,CASH_OUT,342464.49,342464.49,Matched,,,,,,
9247,CASH_IN,223760.9,223760.9,Matched,,,,,,
9248,PAYMENT,8666.76,8666.76,Matched,,,,,,
9249,CASH_IN,506375.58,506375.58,Matched,,,,,,
9250,CASH_IN,243541.7,243541.7,Matched,,,,,,
9251,CASH_IN,62485.46,62485.46,Matched,,,,,,
9252,DEBIT,2910.94,2910.94,Matched,,,,,,
9253,CASH_OUT,51861.21,51861.21,Matched,,,,,,
9254,PAYMENT,9098.14,9098.14,Matched,,,,,,
9255,CASH_OUT,126331.28,126331.28,Matched,,,,,,
9256,PAYMENT,3161.35,3161.35,Matched,,,,,,
9257,PAYMENT,14825.9,14825.9,Matched,,,,,,
9258,PAYMENT,11855.45,11855.45,Matched,,,,,,
9259,PAYMENT,8340.39,8340.39,Matched,,,,,,
9260,PAYMENT,4696.68,4696.68,Matched,,,,,,
9261,PAYMENT,12532.47,12532.47,Matched,,,,,,
9262,PAYMENT,573.28,573.28,Matched,,,,,,
9263,PAYMENT,427,427,Matched,,,,,,
9264,PAYMENT,9345.74,9345.74,Matched,,,,,,
9265,PAYMENT,1140.43,1140.43,Matched,,,,,,
9266,PAYMENT,10087.12,10087.12,Matched,,,,,,
9267,PAYMENT,427.62,427.62,Matched,,,,,,
9268,PAYMENT,5138.36,5138.36,Matched,,,,,,
9269,PAYMENT,15109.46,15109.46,Matched,,,,,,
9270,DEBIT,5087.96,5087.96,Matched,,,,,,
9271,PAYMENT,6008.89,6008.89,Matched,,,,,,
9272,PAYMENT,8014.59,8014.59,Matched,,,,,,
9273,PAYMENT,12840.44,12840.44,Matched,,,,,,
9274,TRANSFER,1067743.66,1067743.66,Matched,,,,,,
9275,PAYMENT,2832.34,2832.34,Matched,,,,,,
9276,PAYMENT,4008.38,4008.38,Matched,,,,,,
9277,PAYMENT,16050.88,16050.88,Matched,,,,,,
9278,PAYMENT,332.63,332.63,Matched,,,,,,
9279,CASH_OUT,153179.07,153179.07,Matched,,,,,,
9280,PAYMENT,28378.48,28378.48,Matched,,,,,,
9281,PAYMENT,2635.27,2635.27,Matched,,,,,,
9282,PAYMENT,8001.95,8001.95,Matched,,,,,,
9283,PAYMENT,1519.53,1519.53,Matched,,,,,,
9284,PAYMENT,23139.47,23139.47,Matched,,,,,,
9285,PAYMENT,9074.62,9074.62,Matched,,,,,,
9286,PAYMENT,3646.2,3646.2,Matched,,,,,,
9287,PAYMENT,5744.4,5744.4,Matched,,,,,,
9288,PAYMENT,33812.13,33812.13,Matched,,,,,,
9289,PAYMENT,11608.19,11608.19,Matched,,,,,,
9290,PAYMENT,9103.52,9103.52,Matched,,,,,,
9291,PAYMENT,12327.45,12327.45,Matched,,,,,,
9292,PAYMENT,10547.99,10547.99,Matched,,,,,,
9293,CASH_IN,36753.81,36753.81,Matched,,,,,,
9294,PAYMENT,8019.57,8019.57,Matched,,,,,,
9295,CASH_IN,84265.18,84265.18,Matched,,,,,,
9296,PAYMENT,4971.82,4971.82,Matched,,,,,,
9297,CASH_IN,12089.51,12089.51,Matched,,,,,,
9298,PAYMENT,8151.69,8151.69,Matched,,,,,,
9299,CASH_IN,254934.1,254934.1,Matched,,,,,,
9300,PAYMENT,3348.1,3348.1,Matched,,,,,,
9301,CASH_IN,170600.43,170600.43,Matched,,,,,,
9302,CASH_OUT,98540.13,98540.13,Matched,,,,,,
9303,CASH_IN,31159.89,31159.89,Matched,,,,,,
9304,PAYMENT,3545.34,3545.34,Matched,,,,,,
9305,CASH_IN,271304.21,271304.21,Matched,,,,,,
9306,PAYMENT,17819.61,17819.61,Matched,,,,,,
9307,CASH_IN,96244.27,96244.27,Matched,,,,,,
9308,PAYMENT,4761.57,4761.57,Matched,,,,,,
9309,CASH_IN,197498.84,197498.84,Matched,,,,,,
9310,PAYMENT,1016.98,1016.98,Matched,,,,,,
9311,CASH_IN,99772.4,99772.4,Matched,,,,,,
9312,PAYMENT,14065.07,14065.07,Matched,,,,,,
9313,CASH_IN,102359.63,102359.63,Matched,,,,,,
9314,PAYMENT,6512.87,6512.87,Matched,,,,,,
9315,CASH_IN,50907.95,50907.95,Matched,,,,,,
9316,PAYMENT,5406.93,5406.93,Matched,,,,,,
9317,CASH_IN,24268.52,24268.52,Matched,,,,,,
9318,TRANSFER,133531.07,133531.07,Matched,,,,,,
9319,CASH_IN,90519.47,90519.47,Matched,,,,,,
9320,TRANSFER,1571619.71,1571619.71,Matched,,,,,,
9321,CASH_IN,17809.04,17809.04,Matched,,,,,,
9322,TRANSFER,1789373.23,1789373.23,Matched,,,,,,
9323,CASH_IN,5796.91,5796.91,Matched,,,,,,
9324,TRANSFER,1541543.1,1541543.1,Matched,,,,,,
9325,CASH_IN,736383.61,736383.61,Matched,,,,,,
9326,TRANSFER,515061.08,515061.08,Matched,,,,,,
9327,CASH_IN,103210.32,103210.32,Matched,,,,,,
9328,TRANSFER,2511647.23,2511647.23,Matched,,,,,,
9329,CASH_IN,7880.94,7880.94,Matched,,,,,,
9330,TRANSFER,822798.92,822798.92,Matched,,,,,,
9331,CASH_IN,67379.32,67379.32,Matched,,,,,,
9332,TRANSFER,241160.57,241160.57,Matched,,,,,,
9333,CASH_IN,46526.41,46526.41,Matched,,,,,,
9334,TRANSFER,1002954.19,1002954.19,Matched,,,,,,
9335,CASH_IN,80014.35,80014.35,Matched,,,,,,
9336,TRANSFER,3541.16,3541.16,Matched,,,,,,
9337,CASH_IN,21755.1,21755.1,Matched,,,,,,
9338,TRANSFER,916428.17,916428.17,Matched,,,,,,
9339,CASH_IN,33465.54,33465.54,Matched,,,,,,
9340,PAYMENT,9071.09,9071.09,Matched,,,,,,
9341,CASH_IN,119539.4,119539.4,Matched,,,,,,
9342,CASH_OUT,326244.05,326244.05,Matched,,,,,,
9343,CASH_IN,219896.67,219896.67,Matched,,,,,,
9344,CASH_OUT,256641.44,256641.44,Matched,,,,,,
9345,CASH_IN,310104.75,310104.75,Matched,,,,,,
9346,CASH_IN,15835.12,15835.12,Matched,,,,,,
9347,CASH_IN,126257.93,126257.93,Matched,,,,,,
9348,CASH_IN,79647.21,79647.21,Matched,,,,,,
9349,CASH_IN,208404.48,208404.48,Matched,,,,,,
9350,CASH_IN,64257.25,64257.25,Matched,,,,,,
9351,CASH_IN,75813.52,75813.52,Matched,,,,,,
9352,PAYMENT,8072.47,8072.47,Matched,,,,,,
9353,CASH_IN,89650.79,89650.79,Matched,,,,,,
9354,CASH_IN,84504.62,84504.62,Matched,,,,,,
9355,PAYMENT,4156.18,4156.18,Matched,,,,,,
9356,CASH_IN,131707.8,131707.8,Matched,,,,,,
9357,PAYMENT,5933.77,5933.77,Matched,,,,,,
9358,CASH_IN,223311.81,223311.81,Matched,,,,,,
9359,PAYMENT,8012.89,8012.89,Matched,,,,,,
9360,CASH_IN,73152.03,73152.03,Matched,,,,,,
9361,PAYMENT,8384.24,8384.24,Matched,,,,,,
9362,CASH_IN,283056.95,283056.95,Matched,,,,,,
9363,PAYMENT,15252.67,15252.67,Matched,,,,,,
9364,CASH_IN,20042.9,20042.9,Matched,,,,,,
9365,PAYMENT,2226,2226,Matched,,,,,,
9366,CASH_IN,137054.9,137054.9,Matched,,,,,,
9367,TRANSFER,61824.71,61824.71,Matched,,,,,,
9368,CASH_IN,113656.68,113656.68,Matched,,,,,,
9369,TRANSFER,26544.65,26544.65,Matched,,,,,,
9370,CASH_IN,65256.48,65256.48,Matched,,,,,,
9371,PAYMENT,7859.42,7859.42,Matched,,,,,,
9372,CASH_IN,222536.02,222536.02,Matched,,,,,,
9373,PAYMENT,3051.93,3051.93,Matched,,,,,,
9374,CASH_IN,167766.5,167766.5,Matched,,,,,,
9375,CASH_IN,201410.49,201410.49,Matched,,,,,,
9376,CASH_IN,32923.07,32923.07,Matched,,,,,,
9377,CASH_IN,163514.32,163514.32,Matched,,,,,,
9378,PAYMENT,18152.45,18152.45,Matched,,,,,,
9379,CASH_IN,54944.45,54944.45,Matched,,,,,,
9380,PAYMENT,11591.3,11591.3,Matched,,,,,,
9381,PAYMENT,30772.28,30772.28,Matched,,,,,,
9382,CASH_IN,55863.88,55863.88,Matched,,,,,,
9383,PAYMENT,8971.91,8971.91,Matched,,,,,,
9384,CASH_IN,165449.12,165449.12,Matched,,,,,,
9385,PAYMENT,8728.69,8728.69,Matched,,,,,,
9386,CASH_IN,153472.72,153472.72,Matched,,,,,,
9387,PAYMENT,9782.98,9782.98,Matched,,,,,,
9388,CASH_IN,12401.8,12401.8,Matched,,,,,,
9389,CASH_OUT,54120.86,54120.86,Matched,,,,,,
9390,CASH_IN,6189.93,6189.93,Matched,,,,,,
9391,TRANSFER,591002.43,591002.43,Matched,,,,,,
9392,CASH_IN,74145.33,74145.33,Matched,,,,,,
9393,CASH_IN,224142.13,224142.13,Matched,,,,,,
9394,PAYMENT,2012.08,2012.08,Matched,,,,,,
9395,CASH_IN,249374.52,249374.52,Matched,,,,,,
9396,PAYMENT,2273.35,2273.35,Matched,,,,,,
9397,CASH_IN,97150.04,97150.04,Matched,,,,,,
9398,PAYMENT,3810.43,3810.43,Matched,,,,,,
9399,CASH_IN,179435.15,179435.15,Matched,,,,,,
9400,CASH_IN,245192,245192,Matched,,,,,,
9401,CASH_IN,159441.76,159441.76,Matched,,,,,,
9402,CASH_IN,33031.47,33031.47,Matched,,,,,,
9403,CASH_IN,109182.14,109182.14,Matched,,,,,,
9404,CASH_IN,283223.78,283223.78,Matched,,,,,,
9405,CASH_IN,478430.17,478430.17,Matched,,,,,,
9406,CASH_IN,48883.87,48883.87,Matched,,,,,,
9407,CASH_IN,202241.9,202241.9,Matched,,,,,,
9408,CASH_IN,93766.05,93766.05,Matched,,,,,,
9409,CASH_IN,569038.9,569038.9,Matched,,,,,,
9410,CASH_IN,367834.87,367834.87,Matched,,,,,,
9411,CASH_IN,168209.67,168209.67,Matched,,,,,,
9412,CASH_IN,287937.99,287937.99,Matched,,,,,,
9413,PAYMENT,12051.83,12051.83,Matched,,,,,,
9414,CASH_IN,37360,37360,Matched,,,,,,
9415,PAYMENT,5341.97,5341.97,Matched,,,,,,
9416,CASH_IN,130417.04,130417.04,Matched,,,,,,
9417,PAYMENT,6403.08,6403.08,Matched,,,,,,
9418,CASH_IN,144711.18,144711.18,Matched,,,,,,
9419,PAYMENT,2893.18,2893.18,Matched,,,,,,
9420,CASH_IN,356514.11,356514.11,Matched,,,,,,
9421,PAYMENT,3146.09,3146.09,Matched,,,,,,
9422,CASH_IN,69970.41,69970.41,Matched,,,,,,
9423,CASH_IN,310052.3,310052.3,Matched,,,,,,
9424,PAYMENT,6823.06,6823.06,Matched,,,,,,
9425,CASH_IN,193934.43,193934.43,Matched,,,,,,
9426,PAYMENT,8832.42,8832.42,Matched,,,,,,
9427,CASH_IN,3414.74,3414.74,Matched,,,,,,
9428,PAYMENT,5653.02,5653.02,Matched,,,,,,
9429,CASH_IN,111325.33,111325.33,Matched,,,,,,
9430,PAYMENT,504.83,504.83,Matched,,,,,,
9431,CASH_IN,405114.48,405114.48,Matched,,,,,,
9432,PAYMENT,9972.12,9972.12,Matched,,,,,,
9433,CASH_IN,255660.11,255660.11,Matched,,,,,,
9434,PAYMENT,8700.92,8700.92,Matched,,,,,,
9435,CASH_IN,155673.42,155673.42,Matched,,,,,,
9436,PAYMENT,2047.33,2047.33,Matched,,,,,,
9437,CASH_IN,29679.97,29679.97,Matched,,,,,,
9438,PAYMENT,2656.21,2656.21,Matched,,,,,,
9439,CASH_IN,33516.07,33516.07,Matched,,,,,,
9440,PAYMENT,2067.57,2067.57,Matched,,,,,,
9441,CASH_IN,13795.35,13795.35,Matched,,,,,,
9442,TRANSFER,295226.09,295226.09,Matched,,,,,,
9443,CASH_IN,50785.92,50785.92,Matched,,,,,,
9444,TRANSFER,104225.08,104225.08,Matched,,,,,,
9445,PAYMENT,270.88,270.88,Matched,,,,,,
9446,TRANSFER,573285.84,573285.84,Matched,,,,,,
9447,CASH_OUT,223310.57,223310.57,Matched,,,,,,
9448,TRANSFER,529611.71,529611.71,Matched,,,,,,
9449,PAYMENT,13256.84,13256.84,Matched,,,,,,
9450,PAYMENT,295.31,295.31,Matched,,,,,,
9451,CASH_OUT,302788.52,302788.52,Matched,,,,,,
9452,TRANSFER,1277771.78,1277771.78,Matched,,,,,,
9453,PAYMENT,4536.73,4536.73,Matched,,,,,,
9454,PAYMENT,13524.51,13524.51,Matched,,,,,,
9455,PAYMENT,7481.86,7481.86,Matched,,,,,,
9456,PAYMENT,27004.28,27004.28,Matched,,,,,,
9457,PAYMENT,584.62,584.62,Matched,,,,,,
9458,PAYMENT,9413.91,9413.91,Matched,,,,,,
9459,CASH_OUT,371574.2,371574.2,Matched,,,,,,
9460,PAYMENT,8095.81,8095.81,Matched,,,,,,
9461,PAYMENT,1088.75,1088.75,Matched,,,,,,
9462,TRANSFER,793967.31,793967.31,Matched,,,,,,
9463,DEBIT,1411.62,1411.62,Matched,,,,,,
9464,PAYMENT,3254.52,3254.52,Matched,,,,,,
9465,PAYMENT,10815.32,10815.32,Matched,,,,,,
9466,TRANSFER,1167278.82,1167278.82,Matched,,,,,,
9467,PAYMENT,8111.83,8111.83,Matched,,,,,,
9468,PAYMENT,6256.13,6256.13,Matched,,,,,,
9469,PAYMENT,5383.03,5383.03,Matched,,,,,,
9470,PAYMENT,9161.94,9161.94,Matched,,,,,,
9471,PAYMENT,24.75,24.75,Matched,,,,,,
9472,PAYMENT,253.22,253.22,Matched,,,,,,
9473,PAYMENT,9537.3,9537.3,Matched,,,,,,
9474,CASH_OUT,164382.42,164382.42,Matched,,,,,,
9475,PAYMENT,337.38,337.38,Matched,,,,,,
9476,PAYMENT,9953.07,9953.07,Matched,,,,,,
9477,PAYMENT,8134.08,8134.08,Matched,,,,,,
9478,PAYMENT,14279.36,14279.36,Matched,,,,,,
9479,PAYMENT,922.93,922.93,Matched,,,,,,
9480,PAYMENT,9295.61,9295.61,Matched,,,,,,
9481,PAYMENT,12687.23,12687.23,Matched,,,,,,
9482,PAYMENT,267.33,267.33,Matched,,,,,,
9483,PAYMENT,14290.67,14290.67,Matched,,,,,,
9484,PAYMENT,23140.34,23140.34,Matched,,,,,,
9485,PAYMENT,5672.99,5672.99,Matched,,,,,,
9486,PAYMENT,17313.59,17313.59,Matched,,,,,,
9487,PAYMENT,14978.23,14978.23,Matched,,,,,,
9488,PAYMENT,13451.6,13451.6,Matched,,,,,,
9489,PAYMENT,6876.93,6876.93,Matched,,,,,,
9490,PAYMENT,14731.43,14731.43,Matched,,,,,,
9491,PAYMENT,7669.67,7669.67,Matched,,,,,,
9492,PAYMENT,10236.7,10236.7,Matched,,,,,,
9493,PAYMENT,19.06,19.06,Matched,,,,,,
9494,PAYMENT,66345.42,66345.42,Matched,,,,,,
9495,PAYMENT,3032.91,3032.91,Matched,,,,,,
9496,PAYMENT,3123.29,3123.29,Matched,,,,,,
9497,PAYMENT,9246.48,9246.48,Matched,,,,,,
9498,TRANSFER,388950.76,388950.76,Matched,,,,,,
9499,PAYMENT,1724.87,1724.87,Matched,,,,,,
9500,PAYMENT,13439.35,13439.35,Matched,,,,,,
9501,PAYMENT,1023.05,1023.05,Matched,,,,,,
9502,DEBIT,6508.96,6508.96,Matched,,,,,,
9503,PAYMENT,14298.19,14298.19,Matched,,,,,,
9504,PAYMENT,3157.28,3157.28,Matched,,,,,,
9505,PAYMENT,10751.65,10751.65,Matched,,,,,,
9506,PAYMENT,21227,21227,Matched,,,,,,
9507,PAYMENT,3772.29,3772.29,Matched,,,,,,
9508,PAYMENT,2268.74,2268.74,Matched,,,,,,
9509,PAYMENT,26470.27,26470.27,Matched,,,,,,
9510,TRANSFER,773026.68,773026.68,Matched,,,,,,
9511,PAYMENT,1417.84,1417.84,Matched,,,,,,
9512,PAYMENT,8609.96,8609.96,Matched,,,,,,
9513,PAYMENT,3090.43,3090.43,Matched,,,,,,
9514,PAYMENT,300.74,300.74,Matched,,,,,,
9515,PAYMENT,4605.97,4605.97,Matched,,,,,,
9516,PAYMENT,11425.82,11425.82,Matched,,,,,,
9517,PAYMENT,5664.36,5664.36,Matched,,,,,,
9518,PAYMENT,7510.32,7510.32,Matched,,,,,,
9519,PAYMENT,6036.56,6036.56,Matched,,,,,,
9520,PAYMENT,6132.71,6132.71,Matched,,,,,,
9521,PAYMENT,5131.26,5131.26,Matched,,,,,,
9522,PAYMENT,4841.21,4841.21,Matched,,,,,,
9523,TRANSFER,453233.63,453233.63,Matched,,,,,,
9524,PAYMENT,4857.92,4857.92,Matched,,,,,,
9525,TRANSFER,127408.65,127408.65,Matched,,,,,,
9526,PAYMENT,13019.49,13019.49,Matched,,,,,,
9527,CASH_IN,104532.52,104532.52,Matched,,,,,,
9528,TRANSFER,570796.52,570796.52,Matched,,,,,,
9529,PAYMENT,15430,15430,Matched,,,,,,
9530,PAYMENT,3188.19,3188.19,Matched,,,,,,
9531,TRANSFER,111913.25,111913.25,Matched,,,,,,
9532,TRANSFER,462678.47,462678.47,Matched,,,,,,
9533,PAYMENT,16751.47,16751.47,Matched,,,,,,
9534,PAYMENT,2609.34,2609.34,Matched,,,,,,
9535,TRANSFER,16657.05,16657.05,Matched,,,,,,
9536,PAYMENT,411.33,411.33,Matched,,,,,,
9537,TRANSFER,97708.32,97708.32,Matched,,,,,,
9538,TRANSFER,21172.65,21172.65,Matched,,,,,,
9539,TRANSFER,37636.22,37636.22,Matched,,,,,,
9540,TRANSFER,253411.19,253411.19,Matched,,,,,,
9541,PAYMENT,14688.56,14688.56,Matched,,,,,,
9542,TRANSFER,134662.68,134662.68,Matched,,,,,,
9543,PAYMENT,1770.69,1770.69,Matched,,,,,,
9544,CASH_OUT,224221.08,224221.08,Matched,,,,,,
9545,TRANSFER,156273.53,156273.53,Matched,,,,,,
9546,PAYMENT,8782.04,8782.04,Matched,,,,,,
9547,TRANSFER,85304.05,85304.05,Matched,,,,,,
9548,CASH_OUT,512425.51,512425.51,Matched,,,,,,
9549,PAYMENT,8471.49,8471.49,Matched,,,,,,
9550,TRANSFER,81678.71,81678.71,Matched,,,,,,
9551,CASH_OUT,12910.33,12910.33,Matched,,,,,,
9552,CASH_OUT,185882.89,185882.89,Matched,,,,,,
9553,TRANSFER,88189.43,88189.43,Matched,,,,,,
9554,PAYMENT,34061.71,34061.71,Matched,,,,,,
9555,CASH_OUT,162684.74,162684.74,Matched,,,,,,
9556,TRANSFER,95178.13,95178.13,Matched,,,,,,
9557,PAYMENT,5128.14,5128.14,Matched,,,,,,
9558,CASH_OUT,6392.64,6392.64,Matched,,,,,,
9559,PAYMENT,7785.98,7785.98,Matched,,,,,,
9560,PAYMENT,10386.18,10386.18,Matched,,,,,,
9561,TRANSFER,245565.33,245565.33,Matched,,,,,,
9562,CASH_OUT,150955.19,150955.19,Matched,,,,,,
9563,PAYMENT,3228.14,3228.14,Matched,,,,,,
9564,PAYMENT,18068.4,18068.4,Matched,,,,,,
9565,PAYMENT,2510.38,2510.38,Matched,,,,,,
9566,PAYMENT,18106.63,18106.63,Matched,,,,,,
9567,PAYMENT,6185.97,6185.97,Matched,,,,,,
9568,PAYMENT,12255.05,12255.05,Matched,,,,,,
9569,PAYMENT,2686.38,2686.38,Matched,,,,,,
9570,PAYMENT,14503.64,14503.64,Matched,,,,,,
9571,PAYMENT,9118,9118,Matched,,,,,,
9572,PAYMENT,9665.85,9665.85,Matched,,,,,,
9573,CASH_OUT,183547.99,183547.99,Matched,,,,,,
9574,CASH_OUT,88414.44,88414.44,Matched,,,,,,
9575,PAYMENT,309.12,309.12,Matched,,,,,,
9576,CASH_OUT,27416.73,27416.73,Matched,,,,,,
9577,CASH_OUT,89608.08,89608.08,Matched,,,,,,
9578,PAYMENT,276.2,276.2,Matched,,,,,,
9579,PAYMENT,17320.1,17320.1,Matched,,,,,,
9580,PAYMENT,4171.95,4171.95,Matched,,,,,,
9581,CASH_OUT,78278.45,78278.45,Matched,,,,,,
9582,PAYMENT,13866.78,13866.78,Matched,,,,,,
9583,PAYMENT,12073.8,12073.8,Matched,,,,,,
9584,PAYMENT,10659.13,10659.13,Matched,,,,,,
9585,PAYMENT,24079.53,24079.53,Matched,,,,,,
9586,PAYMENT,142.36,142.36,Matched,,,,,,
9587,PAYMENT,8936.88,8936.88,Matched,,,,,,
9588,PAYMENT,653.16,653.16,Matched,,,,,,
9589,PAYMENT,7860.26,7860.26,Matched,,,,,,
9590,PAYMENT,2885.37,2885.37,Matched,,,,,,
9591,PAYMENT,13397.45,13397.45,Matched,,,,,,
9592,PAYMENT,29401.85,29401.85,Matched,,,,,,
9593,TRANSFER,452835.39,452835.39,Matched,,,,,,
9594,PAYMENT,1058.74,1058.74,Matched,,,,,,
9595,PAYMENT,12187.12,12187.12,Matched,,,,,,
9596,DEBIT,394.24,394.24,Matched,,,,,,
9597,PAYMENT,35499.54,35499.54,Matched,,,,,,
9598,TRANSFER,141257.69,141257.69,Matched,,,,,,
9599,TRANSFER,703911.36,703911.36,Matched,,,,,,
9600,PAYMENT,8935.7,8935.7,Matched,,,,,,
9601,PAYMENT,9801.54,9801.54,Matched,,,,,,
9602,PAYMENT,12923.2,12923.2,Matched,,,,,,
9603,PAYMENT,7951.32,7951.32,Matched,,,,,,
9604,PAYMENT,4732.25,4732.25,Matched,,,,,,
9605,PAYMENT,6248.42,6248.42,Matched,,,,,,
9606,PAYMENT,6929.73,6929.73,Matched,,,,,,
9607,PAYMENT,8414.06,8414.06,Matched,,,,,,
9608,PAYMENT,12066.94,12066.94,Matched,,,,,,
9609,PAYMENT,7283.63,7283.63,Matched,,,,,,
9610,PAYMENT,36977.71,36977.71,Matched,,,,,,
9611,TRANSFER,1379628.76,1379628.76,Matched,,,,,,
9612,TRANSFER,492198.86,492198.86,Matched,,,,,,
9613,PAYMENT,5203.96,5203.96,Matched,,,,,,
9614,PAYMENT,3212.49,3212.49,Matched,,,,,,
9615,PAYMENT,1730.73,1730.73,Matched,,,,,,
9616,PAYMENT,2318.74,2318.74,Matched,,,,,,
9617,PAYMENT,3046.56,3046.56,Matched,,,,,,
9618,CASH_OUT,92589.97,92589.97,Matched,,,,,,
9619,PAYMENT,11759.29,11759.29,Matched,,,,,,
9620,PAYMENT,4483.02,4483.02,Matched,,,,,,
9621,CASH_OUT,44762.67,44762.67,Matched,,,,,,
9622,PAYMENT,8632.38,8632.38,Matched,,,,,,
9623,CASH_OUT,42055.67,42055.67,Matched,,,,,,
9624,PAYMENT,9208.1,9208.1,Matched,,,,,,
9625,CASH_OUT,261230.56,261230.56,Matched,,,,,,
9626,PAYMENT,957.47,957.47,Matched,,,,,,
9627,CASH_OUT,35447.66,35447.66,Matched,,,,,,
9628,PAYMENT,8690.52,8690.52,Matched,,,,,,
9629,PAYMENT,10310.58,10310.58,Matched,,,,,,
9630,CASH_OUT,43721.63,43721.63,Matched,,,,,,
9631,CASH_OUT,175230.37,175230.37,Matched,,,,,,
9632,PAYMENT,7324.56,7324.56,Matched,,,,,,
9633,CASH_OUT,137197.06,137197.06,Matched,,,,,,
9634,PAYMENT,13530.98,13530.98,Matched,,,,,,
9635,CASH_OUT,268149.38,268149.38,Matched,,,,,,
9636,CASH_OUT,285134.78,285134.78,Matched,,,,,,
9637,CASH_OUT,136032.35,136032.35,Matched,,,,,,
9638,CASH_OUT,258307.33,258307.33,Matched,,,,,,
9639,PAYMENT,12999.83,12999.83,Matched,,,,,,
9640,CASH_OUT,239049.7,239049.7,Matched,,,,,,
9641,PAYMENT,16898.93,16898.93,Matched,,,,,,
9642,CASH_OUT,211326.73,211326.73,Matched,,,,,,
9643,CASH_OUT,151095.37,151095.37,Matched,,,,,,
9644,PAYMENT,2212.69,2212.69,Matched,,,,,,
9645,CASH_OUT,69844.46,69844.46,Matched,,,,,,
9646,PAYMENT,7388.49,7388.49,Matched,,,,,,
9647,CASH_OUT,31980.86,31980.86,Matched,,,,,,
9648,CASH_OUT,226443.9,226443.9,Matched,,,,,,
9649,PAYMENT,6488.26,6488.26,Matched,,,,,,
9650,CASH_OUT,122859.05,122859.05,Matched,,,,,,
9651,CASH_OUT,38040.24,38040.24,Matched,,,,,,
9652,CASH_IN,152896.27,152896.27,Matched,,,,,,
9653,CASH_OUT,30030.44,30030.44,Matched,,,,,,
9654,CASH_IN,128998.92,128998.92,Matched,,,,,,
9655,PAYMENT,2134.97,2134.97,Matched,,,,,,
9656,CASH_OUT,133897.63,133897.63,Matched,,,,,,
9657,CASH_IN,502571.35,502571.35,Matched,,,,,,
9658,CASH_OUT,29066.84,29066.84,Matched,,,,,,
9659,PAYMENT,6913.08,6913.08,Matched,,,,,,
9660,CASH_IN,815501.07,815501.07,Matched,,,,,,
9661,CASH_OUT,344693.57,344693.57,Matched,,,,,,
9662,CASH_IN,140862.84,140862.84,Matched,,,,,,
9663,CASH_OUT,141623.72,141623.72,Matched,,,,,,
9664,PAYMENT,6650.58,6650.58,Matched,,,,,,
9665,CASH_IN,2654.73,2654.73,Matched,,,,,,
9666,CASH_OUT,235427.33,235427.33,Matched,,,,,,
9667,PAYMENT,14995.9,14995.9,Matched,,,,,,
9668,CASH_IN,44740,44740,Matched,,,,,,
9669,CASH_IN,25221.1,25221.1,Matched,,,,,,
9670,CASH_IN,56976.46,56976.46,Matched,,,,,,
9671,PAYMENT,39000.87,39000.87,Matched,,,,,,
9672,PAYMENT,656.31,656.31,Matched,,,,,,
9673,CASH_IN,58195.71,58195.71,Matched,,,,,,
9674,PAYMENT,1014.52,1014.52,Matched,,,,,,
9675,TRANSFER,528622.86,528622.86,Matched,,,,,,
9676,CASH_IN,18097.74,18097.74,Matched,,,,,,
9677,PAYMENT,12921.9,12921.9,Matched,,,,,,
9678,CASH_IN,235190.76,235190.76,Matched,,,,,,
9679,PAYMENT,59.12,59.12,Matched,,,,,,
9680,PAYMENT,1089.98,1089.98,Matched,,,,,,
9681,CASH_OUT,118750.48,118750.48,Matched,,,,,,
9682,CASH_IN,272342.01,272342.01,Matched,,,,,,
9683,PAYMENT,7995.66,7995.66,Matched,,,,,,
9684,CASH_IN,336844.89,336844.89,Matched,,,,,,
9685,TRANSFER,457008.04,457008.04,Matched,,,,,,
9686,CASH_OUT,93943.96,93943.96,Matched,,,,,,
9687,CASH_IN,209715.24,209715.24,Matched,,,,,,
9688,TRANSFER,810479.77,810479.77,Matched,,,,,,
9689,CASH_IN,496460.1,496460.1,Matched,,,,,,
9690,PAYMENT,1915.86,1915.86,Matched,,,,,,
9691,CASH_OUT,251863.34,251863.34,Matched,,,,,,
9692,CASH_IN,175995.9,175995.9,Matched,,,,,,
9693,TRANSFER,595846.21,595846.21,Matched,,,,,,
9694,CASH_IN,285857.46,285857.46,Matched,,,,,,
9695,PAYMENT,10526.04,10526.04,Matched,,,,,,
9696,CASH_OUT,102211.82,102211.82,Matched,,,,,,
9697,PAYMENT,18596.2,18596.2,Matched,,,,,,
9698,CASH_IN,218080.84,218080.84,Matched,,,,,,
9699,PAYMENT,775.28,775.28,Matched,,,,,,
9700,CASH_IN,44833.06,44833.06,Matched,,,,,,
9701,PAYMENT,11178.56,11178.56,Matched,,,,,,
9702,CASH_OUT,6448.86,6448.86,Matched,,,,,,
9703,PAYMENT,11177.15,11177.15,Matched,,,,,,
9704,CASH_IN,6288.28,6288.28,Matched,,,,,,
9705,PAYMENT,132,132,Matched,,,,,,
9706,PAYMENT,10808.71,10808.71,Matched,,,,,,
9707,CASH_IN,120155.92,120155.92,Matched,,,,,,
9708,CASH_IN,12745.74,12745.74,Matched,,,,,,
9709,PAYMENT,15527.03,15527.03,Matched,,,,,,
9710,CASH_IN,226240.27,226240.27,Matched,,,,,,
9711,PAYMENT,7733.71,7733.71,Matched,,,,,,
9712,CASH_IN,165562.59,165562.59,Matched,,,,,,
9713,PAYMENT,3966.45,3966.45,Matched,,,,,,
9714,CASH_OUT,125132,125132,Matched,,,,,,
9715,CASH_IN,139446.85,139446.85,Matched,,,,,,
9716,PAYMENT,4514.37,4564.37,Amount Mismatch,,,,,,
9717,PAYMENT,4461.48,4461.48,Matched,,,,,,
9718,CASH_IN,150031.09,150031.09,Matched,,,,,,
9719,PAYMENT,4671.39,4671.39,Matched,,,,,,
9720,CASH_IN,280873.88,280873.88,Matched,,,,,,
9721,PAYMENT,173.52,173.52,Matched,,,,,,
9722,PAYMENT,3702.39,3702.39,Matched,,,,,,
9723,CASH_IN,43850.3,43850.3,Matched,,,,,,
9724,PAYMENT,7813.41,7813.41,Matched,,,,,,
9725,CASH_OUT,135720.15,135720.15,Matched,,,,,,
9726,CASH_IN,30075.22,30075.22,Matched,,,,,,
9727,CASH_OUT,129079.67,129079.67,Matched,,,,,,
9728,PAYMENT,393.7,393.7,Matched,,,,,,
9729,CASH_IN,11609.72,11609.72,Matched,,,,,,
9730,CASH_OUT,80117.92,80117.92,Matched,,,,,,
9731,PAYMENT,5105.27,5105.27,Matched,,,,,,
9732,CASH_IN,219836.42,219836.42,Matched,,,,,,
9733,PAYMENT,804.71,804.71,Matched,,,,,,
9734,PAYMENT,1962.68,1962.68,Matched,,,,,,
9735,CASH_OUT,413692.19,413692.19,Matched,,,,,,
9736,CASH_IN,367463.71,367463.71,Matched,,,,,,
9737,TRANSFER,138389.21,138389.21,Matched,,,,,,
9738,PAYMENT,2518.79,2518.79,Matched,,,,,,
9739,CASH_IN,148725.69,148725.69,Matched,,,,,,
9740,PAYMENT,3737.22,3737.22,Matched,,,,,,
9741,CASH_OUT,303693.11,303693.11,Matched,,,,,,
9742,CASH_IN,16529.09,16529.09,Matched,,,,,,
9743,PAYMENT,2506.06,2506.06,Matched,,,,,,
9744,PAYMENT,2136,2136,Matched,,,,,,
9745,PAYMENT,6387,6387,Matched,,,,,,
9746,DEBIT,5596.59,5596.59,Matched,,,,,,
9747,PAYMENT,13670,13670,Matched,,,,,,
9748,PAYMENT,12726.04,12726.04,Matched,,,,,,
9749,PAYMENT,2066.04,2066.04,Matched,,,,,,
9750,PAYMENT,8582.89,8582.89,Matched,,,,,,
9751,TRANSFER,69635.1,69635.1,Matched,,,,,,
9752,PAYMENT,11045.61,11045.61,Matched,,,,,,
9753,PAYMENT,13006.27,13006.27,Matched,,,,,,
9754,PAYMENT,2239.6,2239.6,Matched,,,,,,
9755,PAYMENT,4047.79,4047.79,Matched,,,,,,
9756,PAYMENT,5471.45,5471.45,Matched,,,,,,
9757,PAYMENT,6686.54,6686.54,Matched,,,,,,
9758,CASH_OUT,98848.63,98848.63,Matched,,,,,,
9759,PAYMENT,5704.64,5704.64,Matched,,,,,,
9760,PAYMENT,1410.56,1410.56,Matched,,,,,,
9761,PAYMENT,1837.39,1837.39,Matched,,,,,,
9762,PAYMENT,670.96,670.96,Matched,,,,,,
9763,PAYMENT,1157.15,1157.15,Matched,,,,,,
9764,TRANSFER,528013.15,528013.15,Matched,,,,,,
9765,TRANSFER,238567.79,238567.79,Matched,,,,,,
9766,TRANSFER,436465.06,436465.06,Matched,,,,,,
9767,PAYMENT,30221.72,30221.72,Matched,,,,,,
9768,PAYMENT,1543.46,1543.46,Matched,,,,,,
9769,PAYMENT,4180.78,4180.78,Matched,,,,,,
9770,PAYMENT,3060.2,3060.2,Matched,,,,,,
9771,PAYMENT,4562.64,4562.64,Matched,,,,,,
9772,PAYMENT,22122.28,22122.28,Matched,,,,,,
9773,PAYMENT,2344.4,2344.4,Matched,,,,,,
9774,PAYMENT,1664.51,1664.51,Matched,,,,,,
9775,PAYMENT,7928.7,7928.7,Matched,,,,,,
9776,PAYMENT,21191.67,21191.67,Matched,,,,,,
9777,PAYMENT,29488.1,29488.1,Matched,,,,,,
9778,PAYMENT,23429.64,23429.64,Matched,,,,,,
9779,PAYMENT,6504.7,6504.7,Matched,,,,,,
9780,PAYMENT,8276.17,8276.17,Matched,,,,,,
9781,PAYMENT,19104.84,19104.84,Matched,,,,,,
9782,PAYMENT,24025.52,24025.52,Matched,,,,,,
9783,PAYMENT,1155.58,1155.58,Matched,,,,,,
9784,PAYMENT,7113.65,7113.65,Matched,,,,,,
9785,PAYMENT,51024.98,51024.98,Matched,,,,,,
9786,PAYMENT,6933.54,6933.54,Matched,,,,,,
9787,PAYMENT,408.24,408.24,Matched,,,,,,
9788,PAYMENT,8770.72,8770.72,Matched,,,,,,
9789,PAYMENT,738.02,738.02,Matched,,,,,,
9790,PAYMENT,1028.41,1028.41,Matched,,,,,,
9791,PAYMENT,8986.8,8986.8,Matched,,,,,,
9792,PAYMENT,15619.46,15619.46,Matched,,,,,,
9793,PAYMENT,7180.93,7180.93,Matched,,,,,,
9794,TRANSFER,514977.05,514977.05,Matched,,,,,,
9795,PAYMENT,8164.1,8164.1,Matched,,,,,,
9796,PAYMENT,12774.51,12774.51,Matched,,,,,,
9797,PAYMENT,2065.03,2065.03,Matched,,,,,,
9798,PAYMENT,4527.22,4527.22,Matched,,,,,,
9799,PAYMENT,30366.4,30366.4,Matched,,,,,,
9800,PAYMENT,758.61,758.61,Matched,,,,,,
9801,PAYMENT,575.79,575.79,Matched,,,,,,
9802,PAYMENT,11066.92,11066.92,Matched,,,,,,
9803,PAYMENT,4490.35,4490.35,Matched,,,,,,
9804,TRANSFER,228141.3,228141.3,Matched,,,,,,
9805,CASH_OUT,183406.12,183406.12,Matched,,,,,,
9806,PAYMENT,2413.14,2413.14,Matched,,,,,,
9807,PAYMENT,243.96,243.96,Matched,,,,,,
9808,CASH_OUT,11123.69,11123.69,Matched,,,,,,
9809,TRANSFER,340862.96,340862.96,Matched,,,,,,
9810,CASH_OUT,41829.08,41829.08,Matched,,,,,,
9811,PAYMENT,15919.89,15919.89,Matched,,,,,,
9812,PAYMENT,10680.86,10680.86,Matched,,,,,,
9813,TRANSFER,154402.33,154402.33,Matched,,,,,,
9814,PAYMENT,11110.2,11110.2,Matched,,,,,,
9815,PAYMENT,3530.38,3530.38,Matched,,,,,,
9816,PAYMENT,5093.86,5093.86,Matched,,,,,,
9817,CASH_IN,289222.51,289222.51,Matched,,,,,,
9818,PAYMENT,1460,1460,Matched,,,,,,
9819,PAYMENT,16261.55,16261.55,Matched,,,,,,
9820,PAYMENT,8959.34,8959.34,Matched,,,,,,
9821,PAYMENT,13988.94,13988.94,Matched,,,,,,
9822,TRANSFER,1656720.92,1656720.92,Matched,,,,,,
9823,PAYMENT,7929.31,7929.31,Matched,,,,,,
9824,TRANSFER,68814.9,68814.9,Matched,,,,,,
9825,PAYMENT,6863.99,6863.99,Matched,,,,,,
9826,TRANSFER,617735.13,617735.13,Matched,,,,,,
9827,DEBIT,2997.29,2997.29,Matched,,,,,,
9828,PAYMENT,10456.77,10456.77,Matched,,,,,,
9829,TRANSFER,2940764.72,2940764.72,Matched,,,,,,
9830,PAYMENT,9589,9589,Matched,,,,,,
9831,PAYMENT,6285.19,6285.19,Matched,,,,,,
9832,PAYMENT,11001.9,11001.9,Matched,,,,,,
9833,TRANSFER,1575365.68,1575365.68,Matched,,,,,,
9834,DEBIT,2225.09,2225.09,Matched,,,,,,
9835,PAYMENT,17899.15,17899.15,Matched,,,,,,
9836,PAYMENT,5962.29,5962.29,Matched,,,,,,
9837,PAYMENT,7021.77,7021.77,Matched,,,,,,
9838,PAYMENT,3343.03,3343.03,Matched,,,,,,
9839,PAYMENT,10701.58,10701.58,Matched,,,,,,
9840,PAYMENT,7606.59,7606.59,Matched,,,,,,
9841,CASH_OUT,120142.49,120142.49,Matched,,,,,,
9842,PAYMENT,2834.08,2834.08,Matched,,,,,,
9843,PAYMENT,14093.9,14093.9,Matched,,,,,,
9844,PAYMENT,5804.72,5804.72,Matched,,,,,,
9845,PAYMENT,3687.46,3687.46,Matched,,,,,,
9846,PAYMENT,5738.02,5738.02,Matched,,,,,,
9847,PAYMENT,1787.23,1787.23,Matched,,,,,,
9848,PAYMENT,808.34,808.34,Matched,,,,,,
9849,PAYMENT,3250.37,3250.37,Matched,,,,,,
9850,PAYMENT,16487.8,16487.8,Matched,,,,,,
9851,PAYMENT,2894.91,2894.91,Matched,,,,,,
9852,CASH_OUT,55412.64,55412.64,Matched,,,,,,
9853,PAYMENT,2799.85,2799.85,Matched,,,,,,
9854,CASH_OUT,36600.63,36600.63,Matched,,,,,,
9855,CASH_OUT,263017.13,263017.13,Matched,,,,,,
9856,PAYMENT,2025.97,2025.97,Matched,,,,,,
9857,CASH_IN,53695.05,53695.05,Matched,,,,,,
9858,PAYMENT,1800.78,1800.78,Matched,,,,,,
9859,PAYMENT,9239.74,9239.74,Matched,,,,,,
9860,PAYMENT,556.8,556.8,Matched,,,,,,
9861,PAYMENT,1058.39,1058.39,Matched,,,,,,
9862,PAYMENT,2977.78,2977.78,Matched,,,,,,
9863,CASH_OUT,143860.31,143860.31,Matched,,,,,,
9864,PAYMENT,7827.79,7827.79,Matched,,,,,,
9865,PAYMENT,6769.62,6769.62,Matched,,,,,,
9866,PAYMENT,3478.79,3478.79,Matched,,,,,,
9867,PAYMENT,4470.86,4470.86,Matched,,,,,,
9868,PAYMENT,1228.91,1228.91,Matched,,,,,,
9869,PAYMENT,6863.38,6863.38,Matched,,,,,,
9870,PAYMENT,386.54,386.54,Matched,,,,,,
9871,PAYMENT,9021.68,9021.68,Matched,,,,,,
9872,CASH_IN,17655.7,17655.7,Matched,,,,,,
9873,PAYMENT,5688.89,5688.89,Matched,,,,,,
9874,PAYMENT,6666.61,6666.61,Matched,,,,,,
9875,PAYMENT,12064.58,12064.58,Matched,,,,,,
9876,PAYMENT,15578.71,15578.71,Matched,,,,,,
9877,PAYMENT,2734.82,2734.82,Matched,,,,,,
9878,CASH_OUT,69299.64,69299.64,Matched,,,,,,
9879,PAYMENT,5047.01,5047.01,Matched,,,,,,
9880,TRANSFER,162038,162038,Matched,,,,,,
9881,PAYMENT,8894.27,8894.27,Matched,,,,,,
9882,PAYMENT,5593.85,5593.85,Matched,,,,,,
9883,TRANSFER,243525.21,243525.21,Matched,,,,,,
9884,PAYMENT,6388.86,6388.86,Matched,,,,,,
9885,PAYMENT,6292.71,6292.71,Matched,,,,,,
9886,TRANSFER,939538.85,939538.85,Matched,,,,,,
9887,PAYMENT,3922.01,3922.01,Matched,,,,,,
9888,TRANSFER,514750.17,514750.17,Matched,,,,,,
9889,PAYMENT,11096.2,11096.2,Matched,,,,,,
9890,TRANSFER,1055284.91,1055284.91,Matched,,,,,,
9891,CASH_OUT,290528.69,290528.69,Matched,,,,,,
9892,DEBIT,1095.24,1095.24,Matched,,,,,,
9893,PAYMENT,5306.87,5306.87,Matched,,,,,,
9894,PAYMENT,6224.41,6224.41,Matched,,,,,,
9895,PAYMENT,11160.28,11160.28,Matched,,,,,,
9896,PAYMENT,9690.05,9690.05,Matched,,,,,,
9897,PAYMENT,8654.44,8654.44,Matched,,,,,,
9898,PAYMENT,2061.86,2061.86,Matched,,,,,,
9899,PAYMENT,4895.1,4895.1,Matched,,,,,,
9900,PAYMENT,346.08,346.08,Matched,,,,,,
9901,PAYMENT,7788.88,7788.88,Matched,,,,,,
9902,CASH_IN,151466.86,151466.86,Matched,,,,,,
9903,CASH_IN,196034.13,196034.13,Matched,,,,,,
9904,PAYMENT,4160.86,4160.86,Matched,,,,,,
9905,PAYMENT,7065.2,7065.2,Matched,,,,,,
9906,CASH_IN,165559.32,165559.32,Matched,,,,,,
9907,PAYMENT,17686.08,17686.08,Matched,,,,,,
9908,CASH_IN,71440.65,71440.65,Matched,,,,,,
9909,TRANSFER,1039778.19,1039778.19,Matched,,,,,,
9910,DEBIT,532.61,532.61,Matched,,,,,,
9911,CASH_IN,129759.91,129759.91,Matched,,,,,,
9912,CASH_OUT,114837.89,114837.89,Matched,,,,,,
9913,CASH_IN,137890.93,137890.93,Matched,,,,,,
9914,PAYMENT,449.26,449.26,Matched,,,,,,
9915,CASH_IN,42354.06,42354.06,Matched,,,,,,
9916,PAYMENT,10167.71,10167.71,Matched,,,,,,
9917,TRANSFER,187429.05,187429.05,Matched,,,,,,
9918,CASH_IN,438047.1,438047.1,Matched,,,,,,
9919,CASH_OUT,6960.63,6960.63,Matched,,,,,,
9920,TRANSFER,398355.54,398355.54,Matched,,,,,,
9921,CASH_IN,80280.3,80280.3,Matched,,,,,,
9922,PAYMENT,1742.81,1742.81,Matched,,,,,,
9923,CASH_IN,32532.12,32532.12,Matched,,,,,,
9924,CASH_IN,178823.75,178823.75,Matched,,,,,,
9925,PAYMENT,1255.85,1255.85,Matched,,,,,,
9926,CASH_IN,223559.66,223559.66,Matched,,,,,,
9927,CASH_IN,290124.75,290124.75,Matched,,,,,,
9928,PAYMENT,8611.73,8611.73,Matched,,,,,,
9929,CASH_IN,173061.52,173061.52,Matched,,,,,,
9930,PAYMENT,10475.29,10475.29,Matched,,,,,,
9931,CASH_IN,52429.68,52429.68,Matched,,,,,,
9932,CASH_OUT,92924.64,92924.64,Matched,,,,,,
9933,PAYMENT,7567.92,7567.92,Matched,,,,,,
9934,PAYMENT,3465.66,3465.66,Matched,,,,,,
9935,PAYMENT,590.23,590.23,Matched,,,,,,
9936,CASH_OUT,107360.06,107360.06,Matched,,,,,,
9937,TRANSFER,49395.17,49395.17,Matched,,,,,,
9938,PAYMENT,8594.62,8594.62,Matched,,,,,,
9939,PAYMENT,2264.93,2264.93,Matched,,,,,,
9940,TRANSFER,636710.53,636710.53,Matched,,,,,,
9941,PAYMENT,1848.19,1848.19,Matched,,,,,,
9942,PAYMENT,10346.92,10346.92,Matched,,,,,,
9943,PAYMENT,12322.3,12322.3,Matched,,,,,,
9944,PAYMENT,13383.94,13383.94,Matched,,,,,,
9945,TRANSFER,45656.63,45656.63,Matched,,,,,,
9946,PAYMENT,1380.11,1380.11,Matched,,,,,,
9947,PAYMENT,3768.03,3768.03,Matched,,,,,,
9948,PAYMENT,703.78,703.78,Matched,,,,,,
9949,PAYMENT,6689.88,6689.88,Matched,,,,,,
9950,PAYMENT,3347.26,3347.26,Matched,,,,,,
9951,PAYMENT,7180.44,7180.44,Matched,,,,,,
9952,TRANSFER,273930.25,273930.25,Matched,,,,,,
9953,PAYMENT,77.62,77.62,Matched,,,,,,
9954,PAYMENT,720.37,720.37,Matched,,,,,,
9955,PAYMENT,11152.32,11152.32,Matched,,,,,,
9956,TRANSFER,702031.37,702031.37,Matched,,,,,,
9957,TRANSFER,618122.62,618122.62,Matched,,,,,,
9958,PAYMENT,1926.14,1926.14,Matched,,,,,,
9959,PAYMENT,4733.37,4733.37,Matched,,,,,,
9960,DEBIT,1608.89,1608.89,Matched,,,,,,
9961,PAYMENT,769.84,769.84,Matched,,,,,,
9962,TRANSFER,603999.01,603999.01,Matched,,,,,,
9963,PAYMENT,5972.77,5972.77,Matched,,,,,,
9964,TRANSFER,247066.24,247066.24,Matched,,,,,,
9965,PAYMENT,24070.53,24070.53,Matched,,,,,,
9966,PAYMENT,2475.82,2475.82,Matched,,,,,,
9967,PAYMENT,8015.47,8015.47,Matched,,,,,,
9968,CASH_OUT,127433.52,127433.52,Matched,,,,,,
9969,PAYMENT,17189.18,17189.18,Matched,,,,,,
9970,PAYMENT,1419.98,1419.98,Matched,,,,,,
9971,TRANSFER,80218.06,80218.06,Matched,,,,,,
9972,PAYMENT,4322.53,4322.53,Matched,,,,,,
9973,CASH_OUT,198823.6,198823.6,Matched,,,,,,
9974,PAYMENT,3539.89,3539.89,Matched,,,,,,
9975,PAYMENT,839.71,839.71,Matched,,,,,,
9976,PAYMENT,5449.92,5449.92,Matched,,,,,,
9977,PAYMENT,5247.92,5247.92,Matched,,,,,,
9978,TRANSFER,1130828.97,1130828.97,Matched,,,,,,
9979,PAYMENT,2675.43,2675.43,Matched,,,,,,
9980,CASH_OUT,285656.95,285656.95,Matched,,,,,,
9981,CASH_OUT,53459.12,53459.12,Matched,,,,,,
9982,CASH_OUT,461511.97,461511.97,Matched,,,,,,
9983,CASH_OUT,541556.34,541556.34,Matched,,,,,,
9984,TRANSFER,840886.94,840886.94,Matched,,,,,,
9985,PAYMENT,3732.36,3732.36,Matched,,,,,,
9986,TRANSFER,765639.59,765639.59,Matched,,,,,,
9987,PAYMENT,9970.16,9970.16,Matched,,,,,,
9988,CASH_OUT,118577,118577,Matched,,,,,,
9989,PAYMENT,6691.69,6691.69,Matched,,,,,,
9990,PAYMENT,19080.06,19080.06,Matched,,,,,,
9991,PAYMENT,11510.47,11510.47,Matched,,,,,,
9992,TRANSFER,246846.74,246846.74,Matched,,,,,,
9993,TRANSFER,564581.34,564581.34,Matched,,,,,,
9994,PAYMENT,6895.23,6895.23,Matched,,,,,,
9995,PAYMENT,115.38,115.38,Matched,,,,,,
9996,PAYMENT,466.73,466.73,Matched,,,,,,
9997,PAYMENT,8239.66,8239.66,Matched,,,,,,
9998,PAYMENT,6063.34,6063.34,Matched,,,,,,
9999,TRANSFER,317806.64,317806.64,Matched,,,,,,
10000,PAYMENT,5096.16,5096.16,Matched,,,,,,
